event_id,start_year,end_year,date_display,era,event_name,event_kind,region_culture,location,peoples_factions,named_figures,historical_summary,possible_gameplay_hooks,likely_household_effects,severity_1_to_5,date_precision,canon_status,source_url_1,source_url_2,research_notes,event_category,game_scope,affected_systems,implementation_priority,research_confidence,research_pass
GENS-HIST-0001,-133,-133,133 BC,Late Republic,Fall of Numantia,War / Siege,Iberian,"Numantia, Hispania",Rome; Celtiberians,Scipio Aemilianus,The long Numantine War ended with Numantia's fall in 133 BC.,Veteran settlement; slave influx; confiscated land; Iberian resistance memory.,Military recruitment; land grants; local hostility; trade disruption,4,range_endpoint,repo_authored,https://github.com/rdnovotni/gens/blob/main/docs/design/gens-events-historical-timeline-content.md,https://82nd-and-fifth.metmuseum.org/toah/ht/04/eusi.html,,Conflict & Security,Local / Regional,Economy & Finance; Military & Security; Settlement & Demographics; Construction & Estates,High,High,repo
GENS-HIST-0002,-133,-133,133 BC,Late Republic,Tiberius Gracchus's tribunate and land reform,Politics / Law,Roman,Rome,Popularis reformers; Senate,Tiberius Gracchus,Tiberius Gracchus pursued agrarian redistribution and was killed amid political violence.,Land redistribution chain; patron-client polarization; Senate/popularis alignment; urban unrest.,Land values; tenant displacement; political loyalty; dignitas risk,5,exact,repo_authored,https://github.com/rdnovotni/gens/blob/main/docs/design/gens-events-historical-timeline-content.md,,,Politics & Government,Imperial / Urban,Politics & Patronage; Legal & Court; Settlement & Demographics; Construction & Estates,Critical,High,repo
GENS-HIST-0003,-129,-129,129 BC,Late Republic,Province of Asia organized,Administration / Provincial,Greek East / Anatolian,Western Anatolia,Rome; former Attalid territories,,Rome formalized provincial administration in territories inherited from Pergamon after Attalus III's bequest.,New governor; tax-farming; Roman legal jurisdiction; elite realignment.,Tax burden; contract opportunities; provincial patronage,3,approximate,research_addition,https://82nd-and-fifth.metmuseum.org/toah/ht/05/waa.html,,,Politics & Government,Regional,Politics & Patronage; Economy & Finance; Legal & Court; Travel & Trade Routes,Medium,Medium,v1
GENS-HIST-0004,-125,-121,125–121 BC,Late Republic,Roman conquest of Gallia Narbonensis,War / Expansion,Gallic,Southern Gaul,Rome; Arverni; Allobroges,Gnaeus Domitius Ahenobarbus; Quintus Fabius Maximus,Rome secured a permanent transalpine corridor linking Italy with Hispania.,New roads/colonies; veteran settlement; trade corridor; local resistance.,Travel speed; trade access; land speculation; frontier risk,4,range,research_addition,https://82nd-and-fifth.metmuseum.org/toah/ht/05/euw.html,,,Conflict & Security,Regional,Economy & Finance; Military & Security; Settlement & Demographics; Travel & Trade Routes; Construction & Estates,High,High,v1
GENS-HIST-0005,-123,-122,123–122 BC,Late Republic,Gaius Gracchus establishes subsidized grain sales,Economy / Grain Law,Roman,Rome,Roman citizens; state grain administration,Gaius Gracchus,Gaius Gracchus's grain legislation created regular state sales of grain to citizens at a fixed subsidized price.,Household grain entitlement; market-vs-state purchase choice; warehouse demand; political support for reform.,Food prices; household expenses; public order; political loyalty,4,range,research_addition,https://www.cambridge.org/core/journals/journal-of-roman-studies/article/abs/background-to-the-grain-law-of-gaius-gracchus/2EE57E014B5BA33F8462DEEA98962EB5,,,Law & Legal Status,Imperial / Urban,Politics & Patronage; Economy & Finance; Legal & Court; Military & Security; Travel & Trade Routes,High,High,v3
GENS-HIST-0006,-122,-122,122 BC,Late Republic,Junonia colony project established on the site of Carthage,Colony / Political Reform,North African / Roman,Carthage,Gracchan colonists; Roman state; local African population,Gaius Gracchus,"Gaius Gracchus's colonial program attempted to establish the Roman colony of Junonia on the territory of destroyed Carthage, a politically explosive precedent for overseas citizen settlement.",Household offered colonial allotment; migration decision; land survey dispute; opponents challenge legality.,Land; migration; political loyalty; colonial status,4,exact,research_addition,https://www.cambridge.org/core/books/abs/cambridge-ancient-history/roman-africa-augustus-to-vespasian/B0908B326025BA8FA087BA34BF4513B7,,,Politics & Government,Regional,Politics & Patronage; Legal & Court; Settlement & Demographics; Construction & Estates,High,High,v5
GENS-HIST-0007,-121,-121,121 BC,Late Republic,Death of Gaius Gracchus and collapse of reform program,Politics / Civil Violence,Roman,Rome,Popularis reformers; senatorial conservatives,Gaius Gracchus,Gaius Gracchus's reform movement ended in armed confrontation and his death.,Political purge; memory/faction event; client network fracture.,Dignitas shifts; confiscations; legal danger,5,exact,repo_authored,https://github.com/rdnovotni/gens/blob/main/docs/design/gens-events-historical-timeline-content.md,,,Conflict & Security,Imperial / Urban,Politics & Patronage; Legal & Court,Critical,High,repo
GENS-HIST-0008,-118,-118,118 BC,Late Republic,Narbo Martius founded,Settlement / Infrastructure,Gallic,Narbonne,Roman colonists; local Gauls,,"Rome founded Narbo Martius, a major colony and commercial node in southern Gaul.",Colonist arrival; land market; road/trade node development.,Property values; migration; commerce,3,exact,research_addition,https://82nd-and-fifth.metmuseum.org/toah/ht/05/euw.html,,,Infrastructure & Settlement,Regional,Economy & Finance; Legal & Court; Settlement & Demographics; Travel & Trade Routes; Construction & Estates,Medium,High,v1
GENS-HIST-0009,-113,-101,113–101 BC,Late Republic,Cimbrian War,War / Migration,Germanic / Gallic,"Alpine, Gallic and Italian frontiers",Rome; Cimbri; Teutones; Ambrones,Gaius Marius,Large migrating groups defeated multiple Roman armies before Marius's victories ended the threat.,Refugees; levy surges; frontier panic; military reform pressure.,Recruitment; food prices; security; prestige,5,range,repo_authored,https://github.com/rdnovotni/gens/blob/main/docs/design/gens-events-historical-timeline-content.md,,,Conflict & Security,Regional,Economy & Finance; Military & Security; Settlement & Demographics,Critical,High,repo
GENS-HIST-0010,-111,-111,111 BC,Late Republic,Lex Agraria regulates and privatizes public land,Law / Land Reform,Roman / Mediterranean,"Italy, Africa and Greek territories",Roman state; possessors of ager publicus; settlers,,"The agrarian law of 111 BC addressed the legal status, distribution, and privatization of public land across several Roman territories.",Title confirmation; boundary dispute; conversion of public holding to private property; survey appeal.,Land ownership; rents; taxation; inheritance; legal disputes,4,exact,research_addition,https://academic.oup.com/edited-volume/61673/chapter-abstract/550530969,https://avalon.law.yale.edu/ancient/agrarian_law.asp,,Law & Legal Status,Regional,Economy & Finance; Legal & Court; Religion; Settlement & Demographics; Construction & Estates,High,High,v3
GENS-HIST-0011,-111,-105,111–105 BC,Late Republic,Jugurthine War,War,Numidian / North African,Numidia,Rome; Numidia,Jugurtha; Gaius Marius; Sulla,Rome fought Jugurtha of Numidia in a war exposing corruption and generating major political careers.,African grain/trade shock; military contracts; political scandal.,Trade; recruitment; patronage; corruption events,4,range,repo_authored,https://github.com/rdnovotni/gens/blob/main/docs/design/gens-events-historical-timeline-content.md,https://82nd-and-fifth.metmuseum.org/toah/ht/05/afw.html,,Conflict & Security,Regional,Politics & Patronage; Economy & Finance; Military & Security,High,High,repo
GENS-HIST-0012,-107,-107,c. 107 BC,Late Republic,Marian military reforms and recruitment shift,Military / Administration,Roman,Rome / army-wide,Roman army,Gaius Marius,Traditionally associated with a shift toward broader recruitment and a more professionalized army.,Veteran dependency; long-service soldiers; equipment contracts.,Recruitment pool; state demand; veteran clients,4,approximate,repo_authored,https://github.com/rdnovotni/gens/blob/main/docs/design/gens-events-historical-timeline-content.md,,Use careful wording: modern scholarship debates the idea of a single 'Marian reform' package.,Politics & Government,Imperial / Urban,Economy & Finance; Military & Security,High,Medium,repo
GENS-HIST-0013,-105,-105,105 BC,Late Republic,Battle of Arausio,War / Battle,Gallic / Roman,Arausio (Orange),Rome; Cimbri; Teutones,,A catastrophic Roman defeat intensified panic during the Cimbrian War.,Emergency levy; refugee flow; political blame.,Manpower; morale; security,5,exact,research_addition,https://82nd-and-fifth.metmuseum.org/toah/ht/05/euw.html,,,Conflict & Security,Regional,Politics & Patronage; Military & Security; Settlement & Demographics,Critical,High,v1
GENS-HIST-0014,-102,-101,102–101 BC,Late Republic,Victories at Aquae Sextiae and Vercellae,War / Battle,Roman / Germanic,Southern Gaul; northern Italy,Rome; Teutones; Cimbri,Gaius Marius,Roman victories ended the Cimbrian threat.,Triumph celebrations; captives; veteran rewards; falling frontier panic.,Prestige; slaves; land grants; prices,4,range,research_addition,https://82nd-and-fifth.metmuseum.org/toah/ht/05/euw.html,,,Conflict & Security,Regional,Economy & Finance; Military & Security; Settlement & Demographics; Construction & Estates,High,High,v1
GENS-HIST-0015,-100,-100,100 BC,Late Republic,Saturninus and Glaucia killed after political violence in Rome,Political Violence / Revolt,Roman,Rome,Popular faction; Senate; urban supporters,Lucius Appuleius Saturninus; Gaius Servilius Glaucia; Gaius Marius,"A violent political crisis ended with Saturninus, Glaucia, and followers trapped and killed after the Senate issued emergency measures.",Faction loyalty; mob violence; patron implicated in failed reform; emergency decree.,Political standing; legal danger; public order; patronage,4,exact,research_addition,https://www.livius.org/articles/person/lucius-appuleius-saturninus/,,,Conflict & Security,Imperial / Urban,Politics & Patronage; Legal & Court,High,Medium,v4
GENS-HIST-0016,-92,-92,92 BC,Late Republic,Rutilius Rufus convicted of extortion and goes into exile,Political Trial / Legal Scandal,Roman / Anatolian,Rome and Roman Asia,Senatorial juries; equestrian tax contractors; provincial elites,Publius Rutilius Rufus,The respected former governor Rutilius Rufus was convicted on an extortion charge widely remembered as unjust and chose exile in Asia.,Provincial corruption scandal; patron trial; juror pressure; exile and property management.,Courts; patronage; provincial taxation; reputation,3,exact,research_addition,https://www.cambridge.org/core/books/abs/cambridge-ancient-history/rome-and-italy-the-social-war/5C8B1F0D042D57DC293A0170B89D4B8F,,,Politics & Government,Imperial / Urban,Politics & Patronage; Economy & Finance; Legal & Court; Construction & Estates,Medium,Medium,v4
GENS-HIST-0017,-91,-88,91–88 BC,Late Republic,Social War,War / Revolt,Roman / Italic,Italy,Rome; Italian allies,,"Rome's Italian allies rebelled over citizenship, and broad enfranchisement followed.",Citizenship petitions; municipal reorganization; confiscation/reconciliation.,Legal status; taxes; voting rights; levies,5,range,repo_authored,https://github.com/rdnovotni/gens/blob/main/docs/design/gens-events-historical-timeline-content.md,,,Conflict & Security,Regional,Economy & Finance; Legal & Court; Military & Security,Critical,High,repo
GENS-HIST-0018,-90,-89,90–89 BC,Late Republic,Citizenship laws extend Roman status to Italian allies,Law / Citizenship,Roman / Italic,Italy,Roman state; allied communities,,The Lex Julia and related laws extended citizenship during the Social War.,Household status change; municipal transition; new civic duties.,Legal rights; taxation; office eligibility,4,range,research_addition,https://github.com/rdnovotni/gens/blob/main/docs/design/gens-events-historical-timeline-content.md,,,Law & Legal Status,Regional,Politics & Patronage; Economy & Finance; Legal & Court,High,High,v1
GENS-HIST-0019,-89,-63,89–63 BC,Late Republic,Mithridatic Wars,War,Greek East / Anatolian,"Anatolia, Greece, Black Sea",Rome; Pontus; allies,Mithridates VI; Sulla; Lucullus; Pompey,Three wars against Mithridates VI repeatedly destabilized the Greek East and Anatolia.,Requisitions; shifting loyalties; refugees; confiscations; war profits.,Trade; security; taxes; loyalty,5,range,repo_authored,https://github.com/rdnovotni/gens/blob/main/docs/design/gens-events-historical-timeline-content.md,https://82nd-and-fifth.metmuseum.org/toah/ht/05/waa.html,,Conflict & Security,Regional,Politics & Patronage; Economy & Finance; Legal & Court; Military & Security; Settlement & Demographics,Critical,High,repo
GENS-HIST-0020,-88,-88,88 BC,Late Republic,Asiatic Vespers: massacre of Romans and Italians in Asia,War / Massacre,Anatolian / Roman,Roman Asia,Mithridates VI; Greek and Anatolian cities; Roman and Italian residents,Mithridates VI,"During the First Mithridatic War, communities across Roman Asia killed large numbers of Roman and Italian residents under Mithridatic direction.",Household flight; debt records destroyed; confiscation; local collaborator choice; refugee arrival.,Population; property; debts; trade; ethnic tension,5,exact,research_addition,https://www.attalus.org/bc1/year88.html,,"Ancient casualty totals are highly uncertain and probably rhetorical; event severity is not dependent on accepting the reported 80,000 figure.",Conflict & Security,Regional,Economy & Finance; Legal & Court; Military & Security; Settlement & Demographics; Construction & Estates,Critical,High,v3
GENS-HIST-0021,-88,-88,88 BC,Late Republic,Sulla marches on Rome,Civil War / Coup,Roman,Rome,Sulla's forces; Marian faction,Lucius Cornelius Sulla; Gaius Marius,Sulla became the first Roman commander to seize Rome with his own army.,Allegiance choice; property seizure; political exile.,Dignitas; confiscation; survival,5,exact,research_addition,https://github.com/rdnovotni/gens/blob/main/docs/design/gens-events-historical-timeline-content.md,,,Conflict & Security,Imperial / Urban,Politics & Patronage; Legal & Court; Military & Security; Construction & Estates,Critical,High,v1
GENS-HIST-0022,-86,-86,86 BC,Late Republic,Sulla sacks Athens,War / Siege,Hellenic,Athens,Rome; Mithridatic-aligned Athens,Sulla,Sulla captured and sacked Athens during the First Mithridatic War.,Urban destruction; temple/property loss; art/loot flow to Italy.,Wealth loss; displaced population; luxury goods,5,exact,research_addition,https://82nd-and-fifth.metmuseum.org/toah/ht/05/eusb.html,,,Conflict & Security,Local / Regional,Legal & Court; Religion; Military & Security; Settlement & Demographics; Construction & Estates; Culture & Education,Critical,High,v1
GENS-HIST-0023,-83,-82,83–82 BC,Late Republic,Sulla's second civil war,Civil War,Roman,Italy,Sullan; Marian factions,Sulla,Sulla returned from the East and defeated rival Roman factions.,Civil-war allegiance; requisition; veteran settlement.,Security; confiscation; loyalty,5,range,repo_authored,https://github.com/rdnovotni/gens/blob/main/docs/design/gens-events-historical-timeline-content.md,,,Conflict & Security,Regional,Politics & Patronage; Legal & Court; Military & Security; Settlement & Demographics,Critical,High,repo
GENS-HIST-0024,-82,-81,82–81 BC,Late Republic,Sullan proscriptions,Political Purge / Law,Roman,Rome and Italy,Sullan regime; proscribed elites,Sulla,Lists of condemned enemies enabled killings and confiscation of property.,Household member proscribed; asset seizure; bounty; patron rescue.,Property; heirs; political standing,5,range,repo_authored,https://github.com/rdnovotni/gens/blob/main/docs/design/gens-events-historical-timeline-content.md,,,Politics & Government,Imperial / Urban,Politics & Patronage; Legal & Court; Construction & Estates,Critical,High,repo
GENS-HIST-0025,-80,-72,80–72 BC,Late Republic,Sertorian War,War / Revolt,Iberian,Hispania,Rome; Sertorian coalition,Quintus Sertorius; Pompey; Metellus Pius,Sertorius sustained a long anti-Sullan resistance in Hispania.,Regional allegiance; irregular war; local autonomy; military requisition.,Security; trade; loyalty,4,range,research_addition,https://82nd-and-fifth.metmuseum.org/toah/ht/04/eusi.html,,,Conflict & Security,Local / Regional,Politics & Patronage; Economy & Finance; Military & Security,High,High,v1
GENS-HIST-0026,-73,-71,73–71 BC,Late Republic,Third Servile War (Spartacus revolt),Slave Revolt / War,Roman / Thracian,Italy,Roman state; rebel enslaved people,Spartacus; Crassus; Pompey,A major slave uprising roamed Italy before being crushed.,Slave unrest; escape attempts; militia; price shocks in enslaved labor.,Labor; security; slave prices; morale,5,range,repo_authored,https://github.com/rdnovotni/gens/blob/main/docs/design/gens-events-historical-timeline-content.md,,,Conflict & Security,Regional,Economy & Finance; Military & Security; Construction & Estates,Critical,High,repo
GENS-HIST-0027,-70,-70,70 BC,Late Republic,Cicero prosecutes Verres for provincial extortion,Political Trial / Provincial Corruption,Roman / Sicilian,Rome and Sicily,Sicilian communities; senatorial courts; Roman governors,Cicero; Gaius Verres,The prosecution of former Sicilian governor Verres became a landmark public exposure of provincial exploitation.,Governor corruption evidence; provincial witnesses; patron prosecution; stolen art/property claims.,Courts; taxation; reputation; property,4,exact,research_addition,https://www.perseus.tufts.edu/hopper/text?doc=Perseus:text:1999.02.0081,,,Politics & Government,Imperial / Urban,Politics & Patronage; Economy & Finance; Legal & Court; Construction & Estates; Culture & Education,High,High,v4
GENS-HIST-0028,-70,-70,70 BC,Late Republic,Pompey and Crassus restore tribunician powers,Politics / Constitutional,Roman,Rome,Senate; tribunes; popular factions,Pompey; Crassus,Political changes reversed important Sullan restrictions on the tribunate.,Factional politics; legal access; popular agitation.,Political influence; court options,3,exact,research_addition,https://github.com/rdnovotni/gens/blob/main/docs/design/gens-events-historical-timeline-content.md,,,Politics & Government,Imperial / Urban,Politics & Patronage; Legal & Court,Medium,High,v1
GENS-HIST-0029,-67,-67,67 BC,Late Republic,Lex Gabinia grants Pompey extraordinary command against piracy,Law / Extraordinary Command,Roman / Mediterranean,Mediterranean,Roman state; pirate networks; merchants,Pompey; Aulus Gabinius,The Lex Gabinia gave Pompey unusually broad resources and authority to suppress piracy across the Mediterranean.,Emergency command debate; merchant lobbying; requisition; naval recruitment.,Shipping security; politics; taxes; military service,4,exact,research_addition,https://www.livius.org/articles/person/pompey/,,,Law & Legal Status,Regional,Politics & Patronage; Economy & Finance; Legal & Court; Military & Security; Travel & Trade Routes,High,High,v4
GENS-HIST-0030,-67,-67,67 BC,Late Republic,Pompey's campaign against Mediterranean piracy,War / Trade Security,Cilician / Mediterranean,Mediterranean Sea,Rome; Cilician and other pirate networks,Pompey,Extraordinary command powers were used to suppress large-scale piracy.,Shipping security swing; naval requisition; freed/captured pirates resettled.,Trade routes; grain price; travel risk,4,exact,repo_authored,https://github.com/rdnovotni/gens/blob/main/docs/design/gens-events-historical-timeline-content.md,https://82nd-and-fifth.metmuseum.org/toah/ht/04/wae.html,,Conflict & Security,Local / Regional,Economy & Finance; Military & Security; Travel & Trade Routes,High,High,repo
GENS-HIST-0031,-66,-66,66 BC,Late Republic,Lex Manilia gives Pompey command against Mithridates,Law / Extraordinary Command,Roman / Anatolian,Eastern Mediterranean,Roman state; Pontus; Armenia; provincial elites,Pompey; Cicero; Mithridates VI,"The Lex Manilia transferred the eastern war command to Pompey, greatly expanding his political and military influence.",Commander change; patron realignment; eastern supply contracts; tax-farmer expectations.,Politics; military demand; trade; patronage,4,exact,research_addition,https://www.livius.org/articles/person/pompey/,,,Law & Legal Status,Regional,Politics & Patronage; Economy & Finance; Legal & Court; Military & Security,High,High,v4
GENS-HIST-0032,-64,-64,64 BC,Late Republic,Syria annexed as a Roman province,Administration / Expansion,Syrian / Levantine,Syria,Rome; Seleucid remnants,Pompey,Pompey ended Seleucid rule and incorporated Syria into Roman administration.,New governor; taxation; Roman contracts; elite realignment.,Tax; patronage; trade,4,exact,repo_authored,https://github.com/rdnovotni/gens/blob/main/docs/design/gens-events-historical-timeline-content.md,https://82nd-and-fifth.metmuseum.org/toah/ht/04/wae.html,,Politics & Government,Regional,Politics & Patronage; Economy & Finance,High,High,repo
GENS-HIST-0033,-63,-63,63 BC,Late Republic,Catiline conspiracy,Political Conspiracy,Roman,Rome,Catilinarian conspirators; Senate,Cicero; Catiline,A conspiracy against the Roman state was exposed during Cicero's consulship.,Informant event; debt crisis; political purge; emergency decree.,Debt; loyalty; legal risk,4,exact,repo_authored,https://github.com/rdnovotni/gens/blob/main/docs/design/gens-events-historical-timeline-content.md,,,Politics & Government,Imperial / Urban,Politics & Patronage; Legal & Court,High,High,repo
GENS-HIST-0034,-63,-63,63 BC,Late Republic,Pompey captures Jerusalem,War / Provincial Intervention,Judaean,Jerusalem,Rome; Hasmonean factions,Pompey,Roman intervention in a Hasmonean civil dispute culminated in Pompey's capture of Jerusalem.,Client-ruler politics; religious tension; tribute.,Regional loyalty; trade; taxation,4,exact,research_addition,https://82nd-and-fifth.metmuseum.org/toah/ht/04/wae.html,,,Conflict & Security,Regional,Politics & Patronage; Economy & Finance; Religion; Military & Security,High,High,v1
GENS-HIST-0035,-60,-60,60 BC,Late Republic,First Triumvirate formed,Political Alliance,Roman,Rome,Caesar; Pompey; Crassus,Julius Caesar; Pompey; Crassus,An informal political alliance coordinated the interests of three dominant Roman leaders.,Patron alignment; contract favoritism; electoral pressure.,Dignitas; offices; patronage,4,approximate,repo_authored,https://github.com/rdnovotni/gens/blob/main/docs/design/gens-events-historical-timeline-content.md,,,Politics & Government,Imperial / Urban,Politics & Patronage; Economy & Finance,High,Medium,repo
GENS-HIST-0036,-59,-59,59 BC,Late Republic,Caesar's agrarian laws distribute land to citizens and Pompeian veterans,Law / Land Reform,Roman,Italy,Roman state; veterans; landowners; urban citizens,Julius Caesar; Pompey,"Caesar's consulship produced agrarian legislation funding land purchases and distributing land, including provisions benefiting Pompey's veterans.",Estate purchase offer; compulsory political pressure; veteran neighbors; land-price movement.,Land values; tenancy; veteran settlement; political loyalty,4,exact,research_addition,https://www.cambridge.org/core/books/abs/cambridge-ancient-history/caesar-pompey-and-rome-5950-bc/500414D8A569BD20A0C077A8E3524700,,,Law & Legal Status,Regional,Politics & Patronage; Economy & Finance; Legal & Court; Settlement & Demographics; Construction & Estates,High,High,v3
GENS-HIST-0037,-58,-58,58 BC,Late Republic,Clodius makes Rome's grain distribution free,Economy / Grain Welfare,Roman,Rome,Urban plebs; Roman treasury; grain suppliers,Publius Clodius Pulcher,"Clodius's legislation converted subsidized grain into free distributions for registered beneficiaries, greatly increasing the political and fiscal importance of the urban grain dole.",Household qualifies for free grain; beneficiary roll dispute; merchant margins shift; political loyalty around food supply.,Food expenses; treasury; urban politics; grain trade,5,exact,research_addition,https://www.cambridge.org/core/journals/harvard-theological-review/article/abs/foreign-groups-in-rome-during-the-first-centuries-of-the-empire/4F646AA56AB50983315DAF571EEC9972,,,Economy & Trade,Imperial / Urban,Politics & Patronage; Economy & Finance; Settlement & Demographics,Critical,High,v5
GENS-HIST-0038,-58,-58,58 BC,Late Republic,Cyprus annexed by Rome,Administration / Expansion,Cypriot,Cyprus,Rome; Ptolemaic Cyprus,Cato the Younger,Rome annexed Cyprus and transferred its treasury.,Property/treasury redistribution; new tax administration.,Trade; taxation; elite turnover,3,exact,repo_authored,https://github.com/rdnovotni/gens/blob/main/docs/design/gens-events-historical-timeline-content.md,,,Politics & Government,Local / Regional,Economy & Finance; Legal & Court; Construction & Estates,Medium,High,repo
GENS-HIST-0039,-58,-50,58–50 BC,Late Republic,Gallic Wars,War / Expansion,Gallic,Gaul,Rome; multiple Gallic peoples,Julius Caesar,Caesar's campaigns conquered most of Gaul and transformed Roman politics and wealth.,Levy; slave influx; loot; land settlement; collaboration/resistance.,Trade; slavery; security; prestige,5,range,repo_authored,https://github.com/rdnovotni/gens/blob/main/docs/design/gens-events-historical-timeline-content.md,https://82nd-and-fifth.metmuseum.org/toah/ht/05/euw.html,,Conflict & Security,Regional,Economy & Finance; Military & Security; Settlement & Demographics; Construction & Estates,Critical,High,repo
GENS-HIST-0040,-55,-55,55 BC,Late Republic,Pompey's Theatre opens,Infrastructure / Culture,Roman,Rome,Roman public,Pompey,Rome's first permanent stone theater became a major civic and political venue.,Festival/event venue; prestige projects; patronage competition.,Urban prestige; entertainment; commerce,2,exact,research_addition,https://82nd-and-fifth.metmuseum.org/toah/ht/05/eust.html,,,Religion & Culture,Imperial / Urban,Politics & Patronage; Economy & Finance; Religion; Settlement & Demographics; Culture & Education,Flavor,High,v1
GENS-HIST-0041,-53,-53,53 BC,Late Republic,Battle of Carrhae,War / Battle,Parthian,Carrhae,Rome; Parthia,Crassus; Surena,A Roman invasion of Parthia ended in catastrophic defeat and Crassus's death.,Eastern trade anxiety; prisoner stories; military prestige shock.,Security; political stability; trade,5,exact,repo_authored,https://github.com/rdnovotni/gens/blob/main/docs/design/gens-events-historical-timeline-content.md,https://resources.metmuseum.org/resources/metpublications/pdf/The_World_between_Empires_Art_and_Identity_in_the_Ancient_Middle_East.pdf,,Conflict & Security,Regional,Politics & Patronage; Economy & Finance; Military & Security,Critical,High,repo
GENS-HIST-0042,-52,-52,52 BC,Late Republic,Vercingetorix's revolt and Siege of Alesia,War / Revolt,Gallic,Alesia,Rome; Gallic coalition,Julius Caesar; Vercingetorix,A broad Gallic revolt culminated in Caesar's decisive victory at Alesia.,Local resistance; hostages; confiscations; veteran rewards.,Security; land; loyalty,5,exact,repo_authored,https://github.com/rdnovotni/gens/blob/main/docs/design/gens-events-historical-timeline-content.md,https://82nd-and-fifth.metmuseum.org/toah/ht/05/euw.html,,Conflict & Security,Regional,Politics & Patronage; Legal & Court; Military & Security; Settlement & Demographics; Construction & Estates,Critical,High,repo
GENS-HIST-0043,-49,-49,49 BC,Late Republic,Caesar crosses the Rubicon,Civil War,Roman,Rubicon / Italy,Caesarian; Pompeian factions,Julius Caesar; Pompey,"Caesar entered Italy under arms, beginning civil war.",Immediate allegiance choice; flight from Rome; asset protection.,Security; political standing; property,5,exact,repo_authored,https://github.com/rdnovotni/gens/blob/main/docs/design/gens-events-historical-timeline-content.md,,,Conflict & Security,Regional,Politics & Patronage; Legal & Court; Military & Security; Construction & Estates,Critical,High,repo
GENS-HIST-0044,-48,-48,48 BC,Late Republic,Battle of Pharsalus,Civil War / Battle,Roman,"Pharsalus, Greece",Caesar; Pompey,Julius Caesar; Pompey,"Caesar defeated Pompey's main army, reshaping the civil war.",Faction collapse; pardons/proscriptions; refugee elites.,Loyalty; offices; confiscation,5,exact,research_addition,https://github.com/rdnovotni/gens/blob/main/docs/design/gens-events-historical-timeline-content.md,,,Conflict & Security,Regional,Politics & Patronage; Legal & Court; Military & Security; Settlement & Demographics,Critical,High,v1
GENS-HIST-0045,-48,-47,48–47 BC,Late Republic,Alexandrian War,Civil War / Foreign Intervention,Egyptian,Alexandria,Caesar; Ptolemaic factions,Julius Caesar; Cleopatra VII; Ptolemy XIII,Caesar became embroiled in the Ptolemaic succession conflict in Egypt.,Grain supply uncertainty; court patronage; urban fighting.,Grain prices; trade; political connections,4,range,research_addition,https://82nd-and-fifth.metmuseum.org/toah/ht/04/afe.html,,,Conflict & Security,Regional,Politics & Patronage; Economy & Finance; Legal & Court; Military & Security; Settlement & Demographics,High,High,v1
GENS-HIST-0046,-46,-46,46 BC,Late Republic,Battle of Thapsus,Civil War / Battle,Roman / North African,Thapsus,Caesarians; Pompeian Republicans,Julius Caesar; Cato; Metellus Scipio,Caesar defeated remaining Republican forces in North Africa.,Confiscation; veterans; North African political reset.,Property; patronage; regional security,4,exact,research_addition,https://82nd-and-fifth.metmuseum.org/toah/ht/05/afw.html,,,Conflict & Security,Regional,Politics & Patronage; Legal & Court; Military & Security; Construction & Estates,High,High,v1
GENS-HIST-0047,-46,-45,46–45 BC,Late Republic,Julian calendar reform,Knowledge / Calendar Reform,Roman,Empire-wide,Roman state; priests; merchants; courts,Julius Caesar; Sosigenes,Caesar overhauled the Roman calendar; 46 BC was greatly lengthened and the reformed Julian calendar began in 45 BC.,Calendar conversion; contract-date confusion; festival rescheduling; accounting-year adjustment.,Contracts; festivals; agriculture planning; administration,4,range,research_addition,https://academic.oup.com/edited-volume/43505/chapter/364127569,https://www.livius.org/sources/content/plutarch/plutarchs-caesar/caesars-calendar-reform/,,Knowledge & Culture,Imperial,Religion; Culture & Education,High,High,v3
GENS-HIST-0048,-46,-44,46–44 BC,Late Republic,Caesar reduces the Rome grain dole and expands overseas colonies,Administration / Social Policy,Roman / Mediterranean,Rome and colonial foundations,Urban plebs; veterans; colonists; provincial communities,Julius Caesar,"Caesar used a census to reduce the number receiving subsidized grain and sponsored large-scale colonial settlement, including revived foundations overseas.",Grain-roll eligibility review; forced/voluntary resettlement; colonial land grant; urban population pressure relief.,Food support; migration; land; patronage; citizenship,4,range,research_addition,"https://en.wikisource.org/wiki/Page:Roman_Constitutional_History,_753-44_B.C..djvu/289",,Source is an older constitutional history; individual colonial foundation dates should receive separate primary-source verification in a later pass.,Politics & Government,Imperial / Urban,Politics & Patronage; Economy & Finance; Legal & Court; Settlement & Demographics; Travel & Trade Routes; Construction & Estates,High,Medium,v3
GENS-HIST-0049,-45,-45,45 BC,Late Republic,Battle of Munda,Civil War / Battle,Iberian,"Munda, Hispania",Caesarians; Pompeian remnants,Julius Caesar; Gnaeus Pompeius,Caesar's victory largely ended organized Pompeian resistance.,Local reprisals; veteran grants; new patrons.,Land; security; politics,4,exact,research_addition,https://82nd-and-fifth.metmuseum.org/toah/ht/04/eusi.html,,,Conflict & Security,Local / Regional,Politics & Patronage; Military & Security; Settlement & Demographics; Construction & Estates,High,High,v1
GENS-HIST-0050,-44,-44,44 BC,Late Republic,Assassination of Julius Caesar,Political Assassination,Roman,Rome,Liberatores; Caesarian faction,Julius Caesar; Brutus; Cassius,"Caesar was assassinated on the Ides of March, reopening civil war.",Succession shock; patron death; wills; street violence.,Patronage; inheritance; security,5,exact,repo_authored,https://github.com/rdnovotni/gens/blob/main/docs/design/gens-events-historical-timeline-content.md,,,Politics & Government,Imperial / Urban,Politics & Patronage; Legal & Court; Military & Security,Critical,High,repo
GENS-HIST-0051,-43,-43,27 November 43 BC,Late Republic,Lex Titia legally creates the Second Triumvirate,Law / Constitutional Regime,Roman,Rome,Octavian; Antony; Lepidus; Senate and assemblies,Octavian; Mark Antony; Lepidus,The Lex Titia formally granted the triumvirs extraordinary powers for five years to reorder the state.,New regime oath; legal authority changes; proscription risk; office appointments reset.,Politics; legal status; property; patronage,5,exact,research_addition,https://www.livius.org/articles/concept/second-triumvirate/,,,Politics & Government,Imperial / Urban,Politics & Patronage; Legal & Court; Construction & Estates,Critical,Medium,v4
GENS-HIST-0052,-43,-43,43 BC,Late Republic,Second Triumvirate and proscriptions,Political Regime / Purge,Roman,Rome and Italy,Octavian; Antony; Lepidus; opponents,Octavian; Mark Antony; Lepidus; Cicero,The legally constituted triumvirate launched proscriptions against enemies.,Asset seizure; bounty; protection; political loyalty.,Property; heirs; life risk,5,exact,research_addition,https://github.com/rdnovotni/gens/blob/main/docs/design/gens-events-historical-timeline-content.md,,,Politics & Government,Imperial / Urban,Politics & Patronage; Legal & Court; Construction & Estates,Critical,High,v1
GENS-HIST-0053,-42,-42,42 BC,Late Republic,Battle of Philippi,Civil War / Battle,Roman,Philippi,Triumvirs; Liberatores,Octavian; Mark Antony; Brutus; Cassius,The triumviral armies defeated Caesar's assassins.,Faction victory; veteran settlements; confiscations in Italy.,Land; patronage; political safety,5,exact,repo_authored,https://github.com/rdnovotni/gens/blob/main/docs/design/gens-events-historical-timeline-content.md,,,Conflict & Security,Regional,Politics & Patronage; Legal & Court; Military & Security; Settlement & Demographics; Construction & Estates,Critical,High,repo
GENS-HIST-0054,-40,-40,40 BC,Late Republic,Parthian invasion overruns Syria and Judaea,War / Invasion,Parthian / Syrian / Judaean,Syria and Judaea,Parthia; Roman eastern provinces; local factions,Pacorus I; Quintus Labienus; Antigonus II,Parthian forces and Roman defector Labienus overran much of Syria and intervened decisively in Judaean politics.,Foreign occupation; client-ruler switch; tax collectors replaced; caravan-route danger; elite hostages.,Security; trade; taxation; political loyalty,5,exact,research_addition,https://www.perseus.tufts.edu/hopper/text?doc=Perseus%3Atext%3A1999.04.0064%3Aentry%3Dsyria-geo,https://resources.metmuseum.org/resources/metpublications/pdf/The_World_between_Empires_Art_and_Identity_in_the_Ancient_Middle_East.pdf,,Conflict & Security,Regional,Politics & Patronage; Economy & Finance; Military & Security; Travel & Trade Routes,Critical,High,v3
GENS-HIST-0055,-40,-40,40 BC,Late Republic,Treaty of Brundisium partitions triumviral spheres,Diplomacy / Political Settlement,Roman,Brundisium,Octavian faction; Antony faction; Lepidus,Octavian; Mark Antony; Octavia,"Octavian and Antony reconciled temporarily and divided spheres of responsibility, reinforced by Antony's marriage to Octavia.",Faction truce; marriage diplomacy; provincial command change; veteran uncertainty eases.,Politics; diplomacy; patronage; security,4,exact,research_addition,https://www.livius.org/articles/concept/second-triumvirate/,,,Politics & Government,Regional,Politics & Patronage; Military & Security; Settlement & Demographics,High,Medium,v4
GENS-HIST-0056,-39,-39,39 BC,Late Republic,Pact of Misenum temporarily reconciles Sextus Pompey with triumvirs,Diplomacy / Grain Security,Roman / Sicilian,Misenum and western Mediterranean,Triumvirs; Sextus Pompey; shipping interests,Sextus Pompey; Octavian; Mark Antony,The pact temporarily recognized Sextus Pompey's position and eased his naval blockade threatening Italy's grain supply.,Grain ships resume; exile returns; political prisoner amnesty; naval truce.,Food prices; shipping; politics; migration,4,exact,research_addition,https://www.livius.org/articles/person/sextus-pompeius/,,,Economy & Trade,Regional,Politics & Patronage; Economy & Finance; Military & Security; Settlement & Demographics; Travel & Trade Routes,High,Medium,v4
GENS-HIST-0057,-37,-37,37 BC,Late Republic,Herod captures Jerusalem and becomes Roman client king,Succession / Client Kingdom,Judaean,Jerusalem and Judaea,Herodian dynasty; Rome; Hasmonean faction,Herod the Great; Mark Antony,"With Roman military backing, Herod captured Jerusalem and secured rule as Rome's client king in Judaea.",New client court; loyalty oath; property restoration/confiscation; patronage opening.,Politics; taxes; local law; patronage,4,exact,research_addition,https://www.perseus.tufts.edu/hopper/text?doc=Perseus%3Atext%3A1999.04.0064%3Aentry%3Dsyria-geo,https://resources.metmuseum.org/resources/metpublications/pdf/The_World_between_Empires_Art_and_Identity_in_the_Ancient_Middle_East.pdf,,Politics & Government,Regional,Politics & Patronage; Economy & Finance; Legal & Court; Construction & Estates,High,High,v3
GENS-HIST-0058,-37,-36,37–36 BC,Late Republic,Antony's Parthian campaign fails,War / Expedition,Roman / Parthian,"Armenia, Media Atropatene and Mesopotamian approaches",Mark Antony's army; Parthia; Armenian kingdom,Mark Antony; Phraates IV; Artavasdes II,Antony's large eastern expedition suffered severe losses after supply and siege failures.,Emergency levies; lost relatives in army; requisitioned pack animals; eastern trade uncertainty.,Manpower; taxes; trade; military prestige,4,range,research_addition,https://resources.metmuseum.org/resources/metpublications/pdf/The_World_between_Empires_Art_and_Identity_in_the_Ancient_Middle_East.pdf,,,Conflict & Security,Regional,Economy & Finance; Military & Security,High,High,v3
GENS-HIST-0059,-36,-36,36 BC,Late Republic,Battle of Naulochus,Civil War / Naval,Roman,Sicily,Octavian/Agrippa; Sextus Pompey,Marcus Agrippa; Sextus Pompey,Agrippa's naval victory ended Sextus Pompey's control of Sicily and grain disruption.,Grain supply normalizes; naval prestige; confiscations.,Food price; shipping; politics,4,exact,research_addition,https://82nd-and-fifth.metmuseum.org/toah/ht/05/eust.html,,,Conflict & Security,Regional,Politics & Patronage; Economy & Finance; Legal & Court; Military & Security; Travel & Trade Routes,High,High,v1
GENS-HIST-0060,-36,-36,36 BC,Late Republic,Lepidus stripped of triumviral power after Sicily campaign,Political Regime Change,Roman,Sicily and Italy,Octavian faction; Lepidus's army,Octavian; Lepidus,"After the defeat of Sextus Pompey, Octavian neutralized Lepidus and removed him from effective political power.",Patron faction abruptly collapses; soldiers reassigned; estates and offices reconsidered.,Politics; military loyalty; patronage,4,exact,research_addition,https://www.livius.org/articles/concept/second-triumvirate/,,,Politics & Government,Regional,Politics & Patronage; Military & Security,High,Medium,v4
GENS-HIST-0061,-31,-31,31 BC,Late Republic,Battle of Actium,Civil War / Naval,Roman / Egyptian,"Actium, Greece",Octavian; Antony; Cleopatra,Octavian; Mark Antony; Cleopatra VII,Octavian defeated Antony and Cleopatra in the decisive naval battle of the final Republican civil war.,Faction choice resolves; naval losses; eastern elite realignment.,Trade; patronage; political safety,5,exact,repo_authored,https://github.com/rdnovotni/gens/blob/main/docs/design/gens-events-historical-timeline-content.md,https://www.livius.org/sources/content/livy/livy-periochae-131-135/,,Conflict & Security,Regional,Politics & Patronage; Economy & Finance; Military & Security,Critical,High,repo
GENS-HIST-0062,-30,-30,30 BC,Late Republic,Annexation of Egypt and deaths of Antony and Cleopatra,Succession / Annexation,Egyptian,Alexandria,Rome; Ptolemaic Egypt,Octavian; Mark Antony; Cleopatra VII,Octavian took Alexandria and Egypt became a Roman possession.,Grain administration; elite confiscation; Egyptian prestige goods flow to Rome.,Grain; taxes; luxury trade,5,exact,repo_authored,https://github.com/rdnovotni/gens/blob/main/docs/design/gens-events-historical-timeline-content.md,https://82nd-and-fifth.metmuseum.org/toah/ht/04/afe.html,,Politics & Government,Regional,Politics & Patronage; Economy & Finance; Legal & Court,Critical,High,repo
GENS-HIST-0063,-29,-19,29–19 BC,Late Republic,Cantabrian Wars,War / Expansion,Iberian,Northern Hispania,Rome; Cantabri; Astures,Augustus; Agrippa,Rome completed the conquest of the remaining independent regions of Hispania.,Mining access; veterans; frontier violence; forced resettlement.,Land; metals; recruitment; security,4,range,repo_authored,https://github.com/rdnovotni/gens/blob/main/docs/design/gens-events-historical-timeline-content.md,https://82nd-and-fifth.metmuseum.org/toah/ht/04/eusi.html,,Conflict & Security,Local / Regional,Military & Security; Settlement & Demographics; Construction & Estates,High,High,repo
GENS-HIST-0064,-27,-27,27 BC,Early Principate,Octavian becomes Augustus; Principate begins,Imperial Succession / Constitutional,Roman,Rome,Augustan regime; Senate,Augustus,The constitutional settlement of 27 BC formalized Augustus's preeminence and the Principate.,New imperial patronage; provincial administration changes; regime loyalty.,Offices; taxes; status,5,exact,repo_authored,https://github.com/rdnovotni/gens/blob/main/docs/design/gens-events-historical-timeline-content.md,,,Politics & Government,Imperial / Urban,Politics & Patronage; Economy & Finance,Critical,High,repo
GENS-HIST-0065,-26,-25,26–25 BC,Early Principate,Aelius Gallus's expedition into Arabia Felix,War / Expedition,Arabian / Egyptian,Red Sea and southern Arabia,Roman Egypt; Nabataean allies; South Arabian kingdoms,Aelius Gallus,"The Roman expedition toward southern Arabia failed after difficult logistics, disease, and environmental stress.",Red Sea supply contracts; camel requisition; sickness among troops; caravan intelligence.,Trade; manpower; health; military supply,4,range,research_addition,https://academic.oup.com/edited-volume/61673/chapter-abstract/548070004,,,Conflict & Security,Regional,Economy & Finance; Military & Security; Disease & Public Health; Travel & Trade Routes,High,High,v3
GENS-HIST-0066,-25,-25,25 BC,Early Principate,Emerita Augusta founded for Cantabrian War veterans,Colony / Veteran Settlement,Iberian / Roman,"Emerita Augusta (Mérida), Lusitania",Roman veterans; Lusitanian communities,Publius Carisius; Augustus,"A major veteran colony was founded on the Guadiana for discharged soldiers of Legions V Alaudae and X Gemina, becoming a key administrative center in Lusitania.",Veteran land grant; new colonial market; road/bridge demand; local land-title conflict.,Land; migration; commerce; veteran patronage,4,exact,research_addition,https://www.cambridge.org/core/journals/journal-of-roman-studies/article/abs/shaping-the-rural-environment-surveyors-in-ancient-rome/394E34E5DBA68A71A2A972E42127745D,,,Infrastructure & Settlement,Regional,Politics & Patronage; Economy & Finance; Settlement & Demographics; Travel & Trade Routes; Construction & Estates,High,High,v5
GENS-HIST-0067,-25,-25,25 BC,Early Principate,Galatia annexed as a Roman province,Administration / Expansion,Galatian / Anatolian,Galatia,Rome; Galatians,Augustus,Galatia became a Roman province after the death of its client king.,New tax and legal regime; roads; elite Romanization.,Tax; trade; office access,3,exact,repo_authored,https://github.com/rdnovotni/gens/blob/main/docs/design/gens-events-historical-timeline-content.md,https://82nd-and-fifth.metmuseum.org/toah/ht/05/waa.html,,Politics & Government,Regional,Politics & Patronage; Economy & Finance; Legal & Court; Travel & Trade Routes,Medium,High,repo
GENS-HIST-0068,-23,-23,23 BC,Early Principate,Second Augustan Settlement reshapes imperial powers,Law / Constitutional Settlement,Roman,Rome,Augustus; Senate; magistrates,Augustus,"Augustus relinquished the annual consulship and received tribunician power and enhanced imperium, refining the Principate's constitutional form.",Office hierarchy update; Senate relationship changes; new patronage rules.,Politics; offices; legal administration; prestige,5,exact,research_addition,https://www.cambridge.org/core/books/abs/cambridge-ancient-history/augustus-power-authority-achievement/BA8F3DD47E2E21D1D52FDC431768F29C,,,Law & Legal Status,Imperial / Urban,Politics & Patronage; Legal & Court; Settlement & Demographics,Critical,Medium,v4
GENS-HIST-0069,-22,-22,22 BC,Early Principate,Acute grain shortage in Rome; Augustus assumes grain-supply responsibility,Economy / Grain Crisis,Roman,Rome,Urban populace; grain merchants; imperial administration,Augustus,"During a severe grain shortage, crowds pressed Augustus to accept extraordinary authority; he refused a dictatorship but took responsibility for the grain supply.",Bread-price spike; crowd unrest; emergency import contracts; imperial rationing.,Food prices; public order; shipping; political legitimacy,5,exact,research_addition,https://www.cambridge.org/core/books/abs/rulers-and-ruled-in-ancient-greece-rome-and-china/augustus-the-roman-plebs-and-the-dictatorship/FAD38A5C7944FDF5A580B2676C90BD27,,,Economy & Trade,Imperial / Urban,Politics & Patronage; Economy & Finance; Travel & Trade Routes,Critical,High,v3
GENS-HIST-0070,-20,-20,20 BC,Early Principate,Parthia returns captured Roman standards,Diplomacy / Prestige,Parthian / Roman,Rome / Armenia frontier,Rome; Parthia,Augustus; Phraates IV,"Diplomacy secured the return of standards lost at Carrhae, celebrated as a major Augustan success.",Prestige festival; eastern diplomatic confidence; veteran morale.,Dignitas; public order; diplomacy,3,exact,research_addition,https://82nd-and-fifth.metmuseum.org/toah/ht/05/wai.html,,,Diplomacy & Foreign Relations,Imperial / Urban,Politics & Patronage; Culture & Education,Medium,High,v1
GENS-HIST-0071,-19,-19,c. 19 BC,Early Principate,Roman expedition against the Garamantes,War / Frontier,Garamantian / North African,Sahara / Fezzan,Rome; Garamantes,Lucius Cornelius Balbus,A Roman expedition projected power deep into the North African interior.,Caravan trade; desert guides; frontier captives.,Trade; security; exotic goods,3,approximate,repo_authored,https://github.com/rdnovotni/gens/blob/main/docs/design/gens-events-historical-timeline-content.md,https://82nd-and-fifth.metmuseum.org/toah/ht/05/afw.html,,Conflict & Security,Regional,Economy & Finance; Military & Security; Travel & Trade Routes,Medium,Medium,repo
GENS-HIST-0072,-18,-17,18–17 BC,Early Principate,Augustan marriage and adultery legislation enacted,Law / Family Policy,Roman,Rome and Roman citizen communities,Roman citizens; senatorial and equestrian families,Augustus,The Julian marriage laws encouraged marriage and childbearing among citizen elites and criminalized adultery under public law.,Marriage eligibility pressure; adultery accusation; inheritance penalty; childbearing reward.,Marriage; inheritance; courts; dynasty planning; status,5,range,research_addition,https://www.cambridge.org/core/books/abs/cambridge-companion-to-ovid/ovids-exile-poetry/69C316E9DB773ED7FD13729CC68A3D6F,,,Law & Legal Status,Imperial / Urban,Politics & Patronage; Legal & Court; Military & Security,Critical,High,v4
GENS-HIST-0073,-17,-17,c. 17 BC,Early Principate,Lex Iunia formalizes Junian Latin status for some freed people,Law / Freed Status,Roman,Roman citizen communities,Slaveholders; informally freed people; patrons,,"A law conventionally dated around 17 BC gave a defined Latin status to categories of people freed without full formal citizenship, creating the later class known as Junian Latins.",Freed household member gains limited legal status; inheritance rights restricted; patron obligations change.,Manumission; inheritance; citizenship; household status,5,approximate,research_addition,https://www.cambridge.org/core/books/abs/junian-latinity-in-the-roman-empire-volume-1/appendix-list-of-legal-enactments-with-key-sources/50C7B9951C76DC71D74C406B0C54EF31,,The date and exact relationship between the Lex Iunia and Lex Aelia Sentia remain debated.,Law & Legal Status,Regional,Politics & Patronage; Legal & Court,Critical,Medium,v5
GENS-HIST-0074,-17,-17,17 BC,Early Principate,Ludi Saeculares under Augustus,Religion / Festival,Roman,Rome,Roman state cult,Augustus,Augustus staged the rare Secular Games as a major state religious celebration.,Festival spending; omens; prestige; pilgrims.,Public mood; commerce; piety,3,exact,repo_authored,https://github.com/rdnovotni/gens/blob/main/docs/design/gens-events-historical-timeline-content.md,,,Religion & Culture,Imperial / Urban,Economy & Finance; Religion; Culture & Education,Medium,High,repo
GENS-HIST-0075,-12,-12,12 BC,Early Principate,Augustus becomes pontifex maximus,Religion / Imperial Office,Roman,Rome,Roman priesthoods; imperial household,Augustus,"After Lepidus's death Augustus assumed the chief Roman priesthood, further concentrating religious and political authority.",Priestly appointment shifts; festival patronage; imperial religious legitimacy.,Piety; politics; prestige; patronage,4,exact,research_addition,https://www.metmuseum.org/essays/the-age-of-augustus,,,Religion & Culture,Imperial / Urban,Politics & Patronage; Religion; Culture & Education,High,High,v4
GENS-HIST-0076,-2,-2,2 BC,Early Principate,Augustus named pater patriae; Forum of Augustus dedicated,Political Honor / Infrastructure,Roman,Rome,Senate; Roman populace; courts,Augustus,Augustus received the title 'father of the fatherland' and his monumental forum and Temple of Mars Ultor were dedicated around this period.,Court venue change; public ceremony; building prestige; client-lawyer foot traffic.,Prestige; courts; urban commerce; piety,4,exact,research_addition,https://www.metmuseum.org/essays/the-age-of-augustus,,,Politics & Government,Imperial / Urban,Politics & Patronage; Economy & Finance; Legal & Court; Religion; Settlement & Demographics; Construction & Estates,High,High,v4
GENS-HIST-0077,-2,-2,2 BC,Early Principate,Lex Fufia Caninia limits testamentary manumission,Law / Manumission,Roman,Empire-wide Roman-law households,Slaveholders; enslaved people; heirs,Augustus,"The law restricted how many enslaved people an owner could free by will, tying testamentary manumission to the size of the enslaved household.",Will exceeds manumission quota; heir chooses whom to free; enslaved household competes for named freedom.,Manumission; inheritance; household labor; legal planning,5,exact,research_addition,https://www.cambridge.org/core/books/slavery-and-society-at-rome/3EFD57E6E0295488A2A66A402443DC03/listing,,,Law & Legal Status,Imperial,Legal & Court; Construction & Estates,Critical,High,v5
GENS-HIST-0078,4,4,AD 4,Early Principate,Augustus adopts Tiberius as heir,Imperial Succession / Adoption,Roman,Rome,Julio-Claudian dynasty; Senate; army,Augustus; Tiberius; Germanicus,"Following dynastic losses, Augustus adopted Tiberius, who in turn adopted Germanicus, clarifying the succession.",Heir recognition; patron networks reposition; marriage and office planning.,Politics; dynasty; patronage; stability,4,exact,research_addition,https://www.livius.org/articles/person/tiberius/,,,Politics & Government,Imperial / Urban,Politics & Patronage,High,Medium,v4
GENS-HIST-0079,4,4,AD 4,Early Principate,Lex Aelia Sentia restricts manumission by age and status,Law / Manumission,Roman,Empire-wide Roman-law households,Slaveholders; enslaved people; freed people,Augustus,"The Lex Aelia Sentia generally required slaves to be at least thirty and manumitters twenty for full-status formal manumission, while imposing additional restrictions in cases such as fraud on creditors.",Promised freedom delayed; special-cause hearing; creditor challenges emancipation; freed status downgraded.,Manumission; debt; citizenship; family planning,5,exact,research_addition,https://www.cambridge.org/core/books/abs/familia-caesaris/age-at-manumission/30D6AB0D2162750FAADF567AE444AB9E,,,Law & Legal Status,Imperial,Economy & Finance; Legal & Court,Critical,High,v5
GENS-HIST-0080,6,6,AD 6,Early Principate,Aerarium militare established to fund veteran discharge payments,Economy / Military Finance,Roman,Empire-wide,Roman treasury; soldiers; taxpayers,Augustus,"Augustus created a military treasury to finance veteran discharge bonuses, supported in part by new taxes.",Inheritance-tax liability; veteran payout; treasury contribution; military fiscal planning.,Taxes; military pay; inheritance; state finance,5,exact,research_addition,https://www.cambridge.org/core/books/abs/cambridge-ancient-history/augustus-power-authority-achievement/BA8F3DD47E2E21D1D52FDC431768F29C,,,Economy & Trade,Imperial,Economy & Finance; Legal & Court; Military & Security,Critical,Medium,v4
GENS-HIST-0081,6,6,AD 6,Early Principate,Judaea placed under direct Roman administration,Administration / Provincial,Judaean,Judaea,Rome; Judaean population,Quirinius,Judaea shifted from client-rule structures toward direct Roman provincial administration.,Census/tax resistance; legal transition; local elite tension.,Tax; religion; loyalty,4,exact,research_addition,https://82nd-and-fifth.metmuseum.org/toah/ht/04/wae.html,,,Politics & Government,Regional,Politics & Patronage; Economy & Finance; Legal & Court; Religion,High,High,v1
GENS-HIST-0082,6,6,AD 6,Early Principate,Judaean census under Quirinius triggers resistance,Administration / Tax Revolt,Judaean,Judaea,Roman provincial administration; Judaean communities,Quirinius; Judas the Galilean,The incorporation of Judaea into direct Roman rule included a census that provoked organized resistance associated with Judas the Galilean.,Census declaration; property valuation; tax resistance; religious-political agitation.,Taxes; property records; piety; security,4,exact,research_addition,https://sourcebooks.web.fordham.edu/ancient/josephus-jewishwar.asp,,,Conflict & Security,Regional,Politics & Patronage; Economy & Finance; Legal & Court; Religion; Military & Security; Construction & Estates,High,Medium,v4
GENS-HIST-0083,6,9,AD 6–9,Early Principate,Great Illyrian Revolt (Bato's Revolt),War / Revolt,Illyrian / Pannonian,Balkans,Rome; Illyrian and Pannonian rebels,Bato the Daesitiate; Tiberius,A major revolt tied down large Roman forces shortly before Teutoburg.,Emergency levy; Balkan disruption; taxes/requisitions.,Manpower; security; travel,5,range,repo_authored,https://github.com/rdnovotni/gens/blob/main/docs/design/gens-events-historical-timeline-content.md,https://82nd-and-fifth.metmuseum.org/toah/ht/05/eusb.html,,Conflict & Security,Local / Regional,Economy & Finance; Military & Security; Travel & Trade Routes,Critical,High,repo
GENS-HIST-0084,8,8,AD 8,Early Principate,Ovid relegated to Tomis,Political Exile / Literature,Roman,Rome and Tomis,Imperial court; literary elite,Ovid; Augustus,Augustus abruptly relegated the poet Ovid to Tomis without stripping his citizenship or property; the exact 'error' behind the punishment remains unknown.,Elite patron exiled; books fall out of favor; property managed at distance; correspondence event.,Culture; patronage; property; political caution,3,exact,research_addition,https://www.cambridge.org/core/books/abs/cambridge-companion-to-ovid/ovids-exile-poetry/69C316E9DB773ED7FD13729CC68A3D6F,,,Politics & Government,Imperial / Urban,Politics & Patronage; Legal & Court; Religion; Construction & Estates; Culture & Education,Medium,High,v4
GENS-HIST-0085,9,9,AD 9,Early Principate,Battle of the Teutoburg Forest,War / Battle,Germanic,Teutoburg region,Rome; Germanic coalition,Varus; Arminius,"Three Roman legions were destroyed, reshaping Roman ambitions east of the Rhine.",Frontier panic; missing soldiers; military retrenchment.,Security; recruitment; trade,5,exact,repo_authored,https://github.com/rdnovotni/gens/blob/main/docs/design/gens-events-historical-timeline-content.md,https://82nd-and-fifth.metmuseum.org/toah/ht/05/euw.html,,Conflict & Security,Local / Regional,Economy & Finance; Military & Security,Critical,High,repo
GENS-HIST-0086,10,10,AD 10,Early Principate,Senatus Consultum Silanianum intensifies investigation when a master is murdered,Law / Household Murder Procedure,Roman,Roman-law households,Slaveholding households; courts; enslaved household members,,"The senatorial decree established extraordinary investigation and punishment rules involving enslaved people present when their owner was murdered, becoming a severe feature of Roman household criminal law.",Master murdered; entire slave familia detained; testimony under coercion; heirs race to establish exemptions.,Household security; slavery; courts; inheritance,5,exact,research_addition,https://www.cambridge.org/core/journals/antichthon/article/abs/some-remarks-on-the-structure-and-survival-of-the-quaestio-de-adulteriis/121F7B9F7C52278B53B1772BA759B3AC,,,Law & Legal Status,Regional,Politics & Patronage; Legal & Court; Military & Security,Critical,High,v5
GENS-HIST-0087,14,14,AD 14,Early Principate,Death of Augustus; Tiberius succeeds,Imperial Succession,Roman,Rome,Julio-Claudian regime,Augustus; Tiberius,Augustus died and Tiberius became emperor.,Succession loyalty; patron turnover; public mourning.,Offices; patronage; stability,5,exact,repo_authored,https://github.com/rdnovotni/gens/blob/main/docs/design/gens-events-historical-timeline-content.md,https://82nd-and-fifth.metmuseum.org/toah/ht/05/eust.html,,Politics & Government,Imperial / Urban,Politics & Patronage,Critical,High,repo
GENS-HIST-0088,14,14,AD 14,Early Principate,Rhine and Danube legionary mutinies,Military Unrest,Germanic / Pannonian frontier,Rhine and Danube camps,Roman legions,Germanicus; Drusus,"Legions mutinied after Augustus's death over pay, service terms, and conditions.",Soldier unrest; recruitment crisis; frontier insecurity.,Security; military contracts; taxation,4,exact,research_addition,https://82nd-and-fifth.metmuseum.org/toah/ht/05/euw.html,,,Military Administration,Local / Regional,Economy & Finance; Military & Security,High,High,v1
GENS-HIST-0089,17,17,AD 17,Early Principate,Cappadocia annexed as a Roman province,Administration / Expansion,Cappadocian / Anatolian,Cappadocia,Rome; Cappadocian kingdom,Tiberius,Cappadocia was incorporated as a Roman province.,Tax/legal regime shift; frontier road investment.,Tax; trade; Roman patronage,3,exact,repo_authored,https://github.com/rdnovotni/gens/blob/main/docs/design/gens-events-historical-timeline-content.md,https://82nd-and-fifth.metmuseum.org/toah/ht/05/waa.html,,Politics & Government,Regional,Politics & Patronage; Economy & Finance; Legal & Court; Travel & Trade Routes,Medium,High,repo
GENS-HIST-0090,17,17,AD 17,Early Principate,Twelve-city earthquake in Roman Asia,Natural Disaster / Earthquake,Anatolian / Roman,Lydia and western Asia Minor,Roman provincial cities,Tiberius,"A destructive earthquake struck a group of cities in Roman Asia, with Sardis especially hard hit; Tiberius funded relief and granted tax exemptions.",Disaster relief; imperial aid petition; rebuilding contracts; temporary tax remission; displaced tenants.,Buildings; local population; taxes; labor demand; land values,5,exact,research_addition,https://www.cambridge.org/core/books/abs/an-environmental-history-of-ancient-greece-and-rome/earthquakes-and-volcanoes/FEE10CA4A350BC1BB50138AFE62726A9,,Excellent household-level precedent for disaster relief and temporary fiscal exemptions.,Disaster & Public Health,Regional,Economy & Finance; Settlement & Demographics; Construction & Estates; Culture & Education,Critical,High,v2
GENS-HIST-0091,19,19,AD 19,Early Principate,Death of Germanicus,Dynastic / Political,Roman,Antioch,Imperial family,Germanicus; Tiberius; Piso,"Germanicus died in Syria, prompting intense rumors, grief, and political fallout.",Funeral/public mood; faction suspicion; trial-related events.,Political stability; patronage,3,exact,research_addition,https://82nd-and-fifth.metmuseum.org/toah/ht/04/wae.html,,,Politics & Government,Regional,Politics & Patronage,Medium,High,v1
GENS-HIST-0092,20,20,AD 20,Early Principate,Trial of Gnaeus Calpurnius Piso after Germanicus's death,Political Trial / Court Crisis,Roman / Syrian,Rome,Imperial family; senatorial court; Syrian administration,Gnaeus Calpurnius Piso; Germanicus; Tiberius,Piso was tried amid accusations surrounding his conflict with Germanicus and died before the proceedings concluded.,High-profile trial; patron implicated; provincial command scandal; rumor network.,Courts; patronage; reputation; politics,4,exact,research_addition,https://www.perseus.tufts.edu/hopper/text?doc=Tac.+Ann.+3.10,,,Politics & Government,Imperial / Urban,Politics & Patronage; Legal & Court,High,Medium,v4
GENS-HIST-0093,21,21,AD 21,Early Principate,Florus–Sacrovir revolt erupts in Gaul,Regional Revolt / Debt Crisis,Gallic / Roman,Treveran and Aeduan territories in Gaul,Gallic elites and debtors; Roman provincial administration,Julius Florus; Julius Sacrovir,Gallic aristocrats Florus and Sacrovir led a revolt associated with debt and provincial grievances; Roman forces suppressed it near Augustodunum.,Indebted clients join revolt; tax records seized; Roman merchants threatened; provincial levy.,Debt; security; taxes; political loyalty,4,exact,research_addition,https://en.wikipedia.org/wiki/Revolt_of_Sacrovir,,,Conflict & Security,Regional,Politics & Patronage; Economy & Finance; Military & Security,High,Medium,v5
GENS-HIST-0094,21,23,AD 21–23,Early Principate,Castra Praetoria constructed,Infrastructure / Military,Roman,Rome,Praetorian Guard; Roman urban population,Sejanus; Tiberius,The Praetorian Guard was concentrated in a permanent fortified camp just outside Rome.,Military neighborhood growth; supply contracts; urban political intimidation; nearby property changes.,Security; commerce; property; court politics,3,approximate_range,research_addition,https://penelope.uchicago.edu/Thayer/E/Gazetteer/Places/Europe/Italy/Lazio/Roma/Rome/_Texts/PLATOP%2A/Castra_Praetoria.html,,,Infrastructure & Settlement,Imperial / Urban,Politics & Patronage; Economy & Finance; Legal & Court; Military & Security; Settlement & Demographics; Construction & Estates,Medium,High,v3
GENS-HIST-0095,23,23,AD 23,Early Principate,Death of Drusus the Younger strengthens Sejanus's position,Dynastic Succession / Court Politics,Roman,Rome,Julio-Claudian household; Praetorian leadership,Drusus Julius Caesar; Sejanus; Tiberius,"Tiberius's son Drusus died, removing a major dynastic figure and increasing the political space available to Sejanus.",Heir death; patron network changes; succession rumors; widow/children protection.,Dynasty; patronage; politics,4,exact,research_addition,https://www.perseus.tufts.edu/hopper/text?doc=Tac.+Ann.+4.8,,,Politics & Government,Imperial / Urban,Politics & Patronage; Legal & Court,High,Medium,v4
GENS-HIST-0096,24,24,AD 24,Early Principate,Lex Visellia offers citizenship path to Junian Latins serving in the vigiles,Law / Citizenship,Roman,Rome,Junian Latins; vigiles; Roman government,Tiberius,The Lex Visellia allowed Junian Latins to acquire Roman citizenship after qualifying service in Rome's vigiles.,Freed household member joins fire brigade for status advancement; service injury; citizenship earned.,Citizenship; employment; public safety; household status,4,exact,research_addition,https://www.cambridge.org/core/books/abs/junian-latinity-in-the-roman-empire-volume-1/appendix-list-of-legal-enactments-with-key-sources/50C7B9951C76DC71D74C406B0C54EF31,,,Law & Legal Status,Imperial / Urban,Legal & Court; Disease & Public Health,High,High,v5
GENS-HIST-0097,26,26,AD 26,Early Principate,Tiberius withdraws permanently to Capri,Court / Imperial Administration,Roman,Capri and Rome,Imperial court; Senate; Praetorian administration,Tiberius; Sejanus,Tiberius left Rome for Campania and Capri and governed largely from a distance for the remainder of his reign.,Petition delays; intermediary patron becomes more important; imperial audience becomes harder to obtain.,Politics; patronage; administration; travel,3,exact,research_addition,https://penelope.uchicago.edu/Thayer/E/Roman/Texts/Tacitus/Annals/4E%2A.html,,,Politics & Government,Imperial / Urban,Politics & Patronage; Legal & Court; Travel & Trade Routes,Medium,High,v4
GENS-HIST-0098,27,27,AD 27,Early Principate,Fidenae amphitheater collapse kills and injures spectators,Infrastructure Collapse / Mass Casualty,Roman,Fidenae near Rome,Spectators; private show organizer; Senate,Atilius,A poorly constructed wooden amphitheater collapsed during games; Tacitus reports an enormous casualty toll and subsequent building-safety regulation.,Family casualties; medical charity; organizer liability; new construction restrictions.,Health; construction; legal regulation; household deaths,5,exact,research_addition,https://penelope.uchicago.edu/Thayer/E/Roman/Texts/Tacitus/Annals/4E%2A.html,,"Tacitus's figure of 50,000 killed or injured is likely exaggerated; do not hard-code that number as certain.",Disaster & Public Health,Imperial / Urban,Legal & Court; Disease & Public Health; Construction & Estates,Critical,High,v4
GENS-HIST-0099,27,27,AD 27,Early Principate,Great fire damages the Caelian Hill,Natural Disaster / Urban Fire,Roman,"Rome, Caelian Hill",Urban households; property owners; imperial relief administration,Tiberius,"Soon after the Fidenae disaster, a major fire devastated the Caelian Hill; Tiberius provided compensation.",Estate burns; emergency lodging; compensation petition; rebuild decision.,Property; construction; treasury; population,5,exact,research_addition,https://penelope.uchicago.edu/Thayer/E/Roman/Texts/Tacitus/Annals/4E%2A.html,,,Disaster & Public Health,Imperial / Urban,Economy & Finance; Legal & Court; Settlement & Demographics; Construction & Estates,Critical,High,v4
GENS-HIST-0100,30,33,c. AD 30–33,Early Principate,Ministry and execution of Jesus of Nazareth,Religion,Judaean / Early Christianity,Judaea,Roman authorities; early Jesus movement,Jesus of Nazareth; Pontius Pilate,Traditional dating places Jesus's ministry and execution in the early first century under Roman authority.,Religious rumor; pilgrimage; local sect emergence.,Piety; social tension; local relations,4,approximate_range,repo_authored,https://github.com/rdnovotni/gens/blob/main/docs/design/gens-events-historical-timeline-content.md,https://82nd-and-fifth.metmuseum.org/toah/ht/05/eusb.html,,Religion & Culture,Regional,Religion,High,Medium,repo
GENS-HIST-0101,31,31,AD 31,Early Principate,Fall and execution of Sejanus,Political Purge,Roman,Rome,Imperial court; Praetorian Guard,Sejanus; Tiberius,"The powerful Praetorian prefect Sejanus was arrested and executed, followed by purges.",Court patron collapse; denunciations; asset seizures.,Political risk; property; offices,4,exact,research_addition,https://82nd-and-fifth.metmuseum.org/toah/ht/05/eust.html,,,Politics & Government,Imperial / Urban,Politics & Patronage; Legal & Court; Construction & Estates,High,High,v1
GENS-HIST-0102,33,33,AD 33,Early Principate,Roman credit and liquidity crisis,Economy / Financial Crisis,Roman / Italian,Rome and central Italy,Creditors; debtors; landowners; imperial treasury,Tiberius,A severe credit contraction drove forced property sales and collapsing land prices before Tiberius injected one hundred million sesterces through interest-free state-backed loans.,Debt call-in; distressed land sale; emergency state lending; lender panic; debtor patron appeals.,Credit availability; land prices; debt; household rank; liquidity,5,exact,research_addition,https://www.journals.uchicago.edu/doi/full/10.1086/667225,,One of the strongest directly gameable economic events in the entire early Principate.,Economy & Trade,Imperial / Urban,Politics & Patronage; Economy & Finance; Settlement & Demographics; Construction & Estates,Critical,High,v2
GENS-HIST-0103,36,36,AD 36,Early Principate,Fire in Rome prompts major Tiberian relief payments,Natural Disaster / Urban Fire,Roman,Rome,Urban property owners; imperial treasury,Tiberius,A destructive urban fire led Tiberius to compensate affected owners from imperial funds.,Damage appraisal; relief grant; inheritance/property-document loss; rebuilding.,Property; treasury; construction; public order,4,exact,research_addition,https://www.perseus.tufts.edu/hopper/text?doc=Tac.+Ann.+6.45,,,Disaster & Public Health,Imperial / Urban,Economy & Finance; Legal & Court; Settlement & Demographics; Construction & Estates,High,Medium,v4
GENS-HIST-0104,37,37,AD 37,Early Principate,Caligula succeeds Tiberius,Imperial Succession,Roman,Rome,Julio-Claudian regime,Caligula; Tiberius,Caligula became emperor after Tiberius's death.,Succession celebration; court reorientation.,Patronage; stability,4,exact,repo_authored,https://github.com/rdnovotni/gens/blob/main/docs/design/gens-events-historical-timeline-content.md,,,Politics & Government,Imperial / Urban,Politics & Patronage; Legal & Court,High,High,repo
GENS-HIST-0105,38,38,AD 38,Early Principate,Anti-Jewish riots and civic violence in Alexandria,Urban Violence / Religious Conflict,Egyptian / Jewish / Greek,Alexandria,Alexandrian Greek and Jewish communities; Roman prefecture,Aulus Avilius Flaccus; Philo,"Severe communal violence in Alexandria included attacks on Jewish neighborhoods, loss of civic protections, and intense controversy over status and imperial cult.",Neighborhood violence; displaced tenants; shop looting; identity/legal-status dispute; delegation to emperor.,Security; property; religion; legal status; commerce,5,exact,research_addition,https://www.cambridge.org/core/journals/greece-and-rome/article/abs/philos-in-flaccum-ethnicity-and-social-space-in-roman-alexandria/632A6C528EB03BF3778B360A26B4FDE3,,,Infrastructure & Settlement,Regional,Economy & Finance; Legal & Court; Religion; Military & Security; Settlement & Demographics; Construction & Estates,Critical,High,v4
GENS-HIST-0106,40,40,c. AD 40,Early Principate,Caligula imposes a tax on prostitution,Economy / Occupational Tax,Roman,Rome and attested provincial collection,Sex workers; tax collectors; urban households,Caligula,Ancient evidence attributes the introduction of a tax on prostitution to Caligula; later receipts and tariffs show the levy remained part of Roman fiscal practice.,Occupational registration; tax collector visit; hidden income; household reputation problem.,Taxes; urban economy; reputation; legal exposure,3,approximate,research_addition,https://www.cambridge.org/core/journals/journal-of-roman-studies/article/quae-corpore-quaestum-facit-the-sexual-economy-of-female-prostitution-in-the-roman-empire/08B996AE462E7E8E49C941E5B6874A84,,,Economy & Trade,Imperial / Urban,Economy & Finance; Legal & Court; Settlement & Demographics,Medium,High,v5
GENS-HIST-0107,40,41,AD 40–41,Early Principate,Caligula's order to install his statue in the Jerusalem Temple creates a crisis,Religion / Imperial Cult Crisis,Judaean,Jerusalem and Syria,Imperial government; Judaean communities; Syrian command,Caligula; Petronius,Caligula ordered a cult statue placed in the Jerusalem Temple; implementation was delayed amid fears of mass resistance until the emperor's death ended the crisis.,Religious refusal; governor petition; agricultural protest; invasion scare.,Piety; security; politics; harvest,5,range,research_addition,https://www.perseus.tufts.edu/hopper/text?doc=J.+AJ+19.1.1,,"Ancient sources differ in sequencing details, but the confrontation is well attested.",Religion & Culture,Regional,Politics & Patronage; Religion; Military & Security,Critical,High,v4
GENS-HIST-0108,40,44,AD 40–44,Early Principate,Mauretania annexed and reorganized,Administration / War,Numidian / Mauri,Mauretania,Rome; Mauretanian kingdom,Ptolemy of Mauretania; Claudius,"After King Ptolemy's death, Rome annexed Mauretania and established colonies and provincial administration.",Provincial transition; revolt risk; veteran colonies.,Land; taxes; trade,4,range,repo_authored,https://github.com/rdnovotni/gens/blob/main/docs/design/gens-events-historical-timeline-content.md,https://82nd-and-fifth.metmuseum.org/toah/ht/05/afw.html,,Conflict & Security,Local / Regional,Economy & Finance; Military & Security; Settlement & Demographics; Construction & Estates,High,High,repo
GENS-HIST-0109,41,41,AD 41,Early Principate,Caligula assassinated; Claudius succeeds,Imperial Succession / Assassination,Roman,Rome,Praetorian Guard; Senate; imperial family,Caligula; Claudius,Caligula was assassinated and Claudius was acclaimed emperor.,Guard politics; senatorial uncertainty; new imperial patronage.,Stability; offices; political loyalty,5,exact,repo_authored,https://github.com/rdnovotni/gens/blob/main/docs/design/gens-events-historical-timeline-content.md,,,Politics & Government,Imperial / Urban,Politics & Patronage,Critical,High,repo
GENS-HIST-0110,41,42,AD 41–42,Early Principate,Grain scarcity and famine pressure early in Claudius's reign,Economy / Famine,Roman,Rome,Urban populace; grain merchants; imperial government,Claudius,"Rome experienced serious grain scarcity in the early Claudian period, one of several first-century shortages recorded under his reign.",Food queues; rationing; merchant accusations; emergency import; household substitution diets.,Food prices; public order; health; shipping,5,approximate_range,research_addition,https://www.cambridge.org/core/journals/harvard-theological-review/article/universal-famine-under-claudius/C8361B61A9ACCB99ED4312906938955D,https://penelope.uchicago.edu/Thayer/E/Roman/Texts/Suetonius/12Caesars/Claudius%2A.html,,Economy & Trade,Imperial / Urban,Economy & Finance; Disease & Public Health; Travel & Trade Routes,Critical,High,v3
GENS-HIST-0111,42,64,AD 42–64,Early Principate,Construction and opening of Claudius's harbor at Portus,Infrastructure / Trade,Roman / Italian,Portus and Ostia,Imperial administration; shippers; merchants; dock labor,Claudius; Nero,"Claudius began a major new harbor near Ostia in AD 42; it was completed and dedicated under Nero, transforming Rome's maritime supply system.",Port construction contracts; shipping expansion; warehouse investment; merchant migration; grain logistics.,Trade volume; shipping risk; employment; urban growth; grain supply,4,range,research_addition,https://www.worldhistory.org/Ostia/,,,Economy & Trade,Regional,Economy & Finance; Military & Security; Settlement & Demographics; Travel & Trade Routes; Construction & Estates,High,High,v2
GENS-HIST-0112,43,43,AD 43,Early Principate,Roman invasion of Britain begins,War / Expansion,British,Southern Britain,Rome; British kingdoms,Claudius; Aulus Plautius,Claudius launched the conquest of Britain.,Military supply; new provincial opportunities; local resistance.,Trade; recruitment; land; security,5,exact,repo_authored,https://github.com/rdnovotni/gens/blob/main/docs/design/gens-events-historical-timeline-content.md,https://82nd-and-fifth.metmuseum.org/toah/ht/05/euw.html,,Conflict & Security,Regional,Economy & Finance; Military & Security; Settlement & Demographics; Travel & Trade Routes; Construction & Estates,Critical,High,repo
GENS-HIST-0113,46,46,AD 46,Early Principate,Claudius grants freedom to sick slaves abandoned by their owners,Law / Manumission,Roman,Empire-wide Roman-law households,Slaveholders; sick enslaved people; medical caregivers,Claudius,"Claudius ruled that enslaved people abandoned while seriously ill rather than cared for could receive freedom, limiting an owner's ability to discard sick dependents without consequence.",Sick slave abandoned or treated; caregiver intervenes; ownership claim lost after recovery.,Slavery; health care; property; household ethics,5,exact,research_addition,https://www.cambridge.org/core/books/abs/junian-latinity-in-the-roman-empire-volume-1/appendix-list-of-legal-enactments-with-key-sources/50C7B9951C76DC71D74C406B0C54EF31,,,Law & Legal Status,Imperial,Legal & Court; Disease & Public Health; Construction & Estates,Critical,High,v5
GENS-HIST-0114,46,46,AD 46,Early Principate,Thrace annexed as a Roman province,Administration / Expansion,Thracian,Thrace,Rome; Thracian client kingdom,Claudius,Rome converted Thrace from client rule to direct provincial administration.,Tax/legal change; roads; elite transition.,Tax; trade; offices,3,exact,repo_authored,https://github.com/rdnovotni/gens/blob/main/docs/design/gens-events-historical-timeline-content.md,https://82nd-and-fifth.metmuseum.org/toah/ht/05/eusb.html,,Politics & Government,Local / Regional,Politics & Patronage; Economy & Finance; Legal & Court; Travel & Trade Routes,Medium,High,repo
GENS-HIST-0115,47,47,AD 47,Early Principate,Claudius celebrates the Secular Games,Religion / Festival,Roman,Rome,Roman state cult; urban populace,Claudius,Claudius staged Secular Games tied to Rome's traditional anniversary chronology.,Rare festival; games attendance; sacrifices; lodging and vendor boom.,Piety; commerce; public mood; prestige,3,exact,research_addition,https://en.wikisource.org/wiki/1911_Encyclop%C3%A6dia_Britannica/Secular_Games,,,Religion & Culture,Imperial / Urban,Economy & Finance; Religion; Culture & Education,Medium,High,v3
GENS-HIST-0116,47,50,c. AD 47–50,Early Principate,Londinium emerges as a Roman commercial settlement,Settlement / Trade Hub,British / Roman,Londinium,Roman merchants; army suppliers; British communities,,"Within years of the conquest, Londinium developed into a major crossing, trade, and administrative center.",New shop or warehouse; migration; land speculation; army-supply trade.,Property; trade; migration; travel,4,approximate_range,research_addition,https://www.londonmuseum.org.uk/collections/london-stories/timeline-roman-london-londinium/,,,Economy & Trade,Regional,Economy & Finance; Legal & Court; Military & Security; Settlement & Demographics; Travel & Trade Routes; Construction & Estates,High,High,v3
GENS-HIST-0117,48,48,AD 48,Early Principate,Claudius backs admission of leading Gauls to the Roman Senate,Law / Political Inclusion,Gallic / Roman,Rome and Lugdunum,Gallic provincial elites; Senate,Claudius,Claudius argued successfully for qualified elites from Gallia Comata to gain access to Roman senatorial rank and office.,Provincial noble seeks Senate career; elite backlash; citizenship/status prestige jump.,Politics; offices; status; patronage,4,exact,research_addition,https://www.cambridge.org/core/books/tabula-lugdunensis/D8B52AC694F5725975D6953C471DC6A3,,,Politics & Government,Imperial / Urban,Politics & Patronage; Legal & Court,High,High,v4
GENS-HIST-0118,48,48,AD 48,Early Principate,Messalina executed after marriage scandal with Silius,Dynastic / Court Crisis,Roman,Rome,Imperial household; Senate; Praetorian officials,Messalina; Claudius; Gaius Silius; Narcissus,Empress Messalina's public relationship and purported marriage with Silius ended in arrests and her execution.,Court patron falls; household associated with faction investigated; confiscations; succession rumors.,Politics; patronage; property; dynasty,4,exact,research_addition,https://www.perseus.tufts.edu/hopper/text?doc=Tac.+Ann.+11.26,,,Politics & Government,Imperial / Urban,Politics & Patronage; Legal & Court; Construction & Estates,High,Medium,v4
GENS-HIST-0119,49,49,c. AD 49,Early Principate,Camulodunum established as a Roman colonia,Colony / Veteran Settlement,British / Roman,Camulodunum (Colchester),Roman veterans; Trinovantes and neighboring Britons,Claudius,The former legionary base at Camulodunum became a veteran colonia and center of Roman civic and imperial-cult presence in conquered Britain.,Veterans receive confiscated land; local resentment; imperial-cult office; new urban property market.,Land; migration; local politics; prestige,4,approximate,research_addition,https://www.cambridge.org/core/journals/britannia/article/intramural-human-remains-from-roman-towns-in-britain-a-case-study-from-late-iron-age-and-roman-silchester/1D4554B4C06650C61EDC1032279F4175,,,Infrastructure & Settlement,Regional,Politics & Patronage; Economy & Finance; Legal & Court; Religion; Settlement & Demographics; Construction & Estates,High,High,v5
GENS-HIST-0120,49,49,c. AD 49 (date disputed),Early Principate,Claudius expels or restricts Jews at Rome amid disturbances,Religion / Urban Policy,Roman / Jewish,Rome,Roman authorities; Jewish communities,Claudius,Suetonius reports that Claudius expelled Jews from Rome because of repeated disturbances associated with 'Chrestus'; modern dating and interpretation remain disputed.,Household expulsion order; tenant disappearance; confiscated lease; diaspora migration; religious-network disruption.,Population; property; piety; urban commerce,4,approximate,research_addition,https://www.perseus.tufts.edu/hopper/text?doc=Perseus%3Aabo%3Aphi%2C1348%2C015%3A25,https://doi.org/10.1017/9781107280489.016,AD 49 is commonly proposed but not secure; retain explicit disputed-date labeling.,Religion & Culture,Imperial / Urban,Economy & Finance; Legal & Court; Religion; Settlement & Demographics; Construction & Estates,High,Medium,v3
GENS-HIST-0121,51,51,c. AD 51,Early Principate,Renewed grain shortage in Rome,Economy / Grain Crisis,Roman,Rome,Urban populace; grain merchants; imperial government,Claudius,Sources indicate another serious food shortage late in Claudius's reign; Suetonius describes the emperor being mobbed over grain scarcity.,Mob pressure; warehouse search; emergency shipping incentives; bread ration.,Food prices; public order; trade; household reserves,5,approximate,research_addition,https://www.cambridge.org/core/journals/harvard-theological-review/article/universal-famine-under-claudius/C8361B61A9ACCB99ED4312906938955D,https://penelope.uchicago.edu/Thayer/E/Roman/Texts/Suetonius/12Caesars/Claudius%2A.html,,Economy & Trade,Imperial / Urban,Economy & Finance; Military & Security; Travel & Trade Routes,Critical,High,v3
GENS-HIST-0122,52,52,AD 52,Early Principate,Aqua Claudia and Anio Novus aqueducts completed,Infrastructure / Water,Roman,Rome,Imperial administration; urban households; bath and fountain operators,Claudius,"Two major aqueduct systems begun under Caligula were completed under Claudius, substantially increasing Rome's water supply.",Water connection; construction completion; new baths/gardens; property-value shift.,Water access; property; public health; urban growth,4,exact,research_addition,https://pmc.ncbi.nlm.nih.gov/articles/PMC7004096/,,,Infrastructure & Settlement,Imperial / Urban,Legal & Court; Disease & Public Health; Settlement & Demographics; Construction & Estates,High,High,v3
GENS-HIST-0123,52,52,AD 52,Early Principate,Fucine Lake drainage tunnel inaugurated with staged naval spectacle,Infrastructure / Engineering,Italian,Lake Fucinus,Imperial engineers; local landowners; laborers; spectators,Claudius,"Claudius inaugurated a massive drainage tunnel intended to reclaim land around Lake Fucinus, accompanied by a famous staged naval combat.",Land reclamation speculation; engineering failure/repair; labor contracts; festival spectacle.,Agriculture; land values; labor; prestige,4,exact,research_addition,https://penelope.uchicago.edu/Thayer/E/Roman/Texts/Suetonius/12Caesars/Claudius%2A.html,,,Infrastructure & Settlement,Regional,Religion; Settlement & Demographics; Construction & Estates; Culture & Education,High,High,v3
GENS-HIST-0124,52,52,AD 52,Early Principate,Senatus Consultum Claudianum alters status consequences of free women living with slaves,Law / Status & Slavery,Roman,Empire-wide Roman-law households,Free women; enslaved men; slaveowners; children,Claudius,The SC Claudianum imposed severe legal consequences on certain free women who persisted in unions with enslaved men against the owner's wishes and could also affect the status of children.,Forbidden household relationship; owner issues warning; woman risks status/property; child's legal status contested.,Marriage; slavery; children; legal status; property,5,exact,research_addition,https://www.cambridge.org/core/books/abs/familia-caesaris/senatusconsultum-claudianum-and-the-familia-caesaris/262350ED89800A542B3025892E60B194,,,Law & Legal Status,Imperial,Legal & Court; Military & Security; Construction & Estates,Critical,High,v5
GENS-HIST-0125,54,54,AD 54,Early Principate,Nero succeeds Claudius,Imperial Succession,Roman,Rome,Julio-Claudian regime,Nero; Claudius; Agrippina,Nero became emperor after Claudius's death.,Court patronage shift; succession rumors.,Stability; political standing,4,exact,repo_authored,https://github.com/rdnovotni/gens/blob/main/docs/design/gens-events-historical-timeline-content.md,,,Politics & Government,Imperial / Urban,Politics & Patronage; Legal & Court,High,High,repo
GENS-HIST-0126,55,55,AD 55,Early Principate,Britannicus dies during Nero's reign,Dynastic Death / Court Politics,Roman,Rome,Julio-Claudian household,Britannicus; Nero; Agrippina,Claudius's biological son Britannicus died suddenly during a banquet early in Nero's reign; ancient sources accuse Nero of poisoning him.,Alternative heir removed; patron faction collapses; poison rumors; inheritance.,Dynasty; patronage; court safety,4,exact,research_addition,https://www.perseus.tufts.edu/hopper/text?doc=Tac.+Ann.+13.15,,"Ancient sources blame Nero, but modern certainty about poisoning is impossible; phrase causation cautiously.",Politics & Government,Imperial / Urban,Politics & Patronage; Legal & Court,High,High,v4
GENS-HIST-0127,58,58,AD 58,Early Principate,Nero reforms indirect-tax administration after public complaints,Economy / Tax Reform,Roman,Empire-wide,Tax farmers; merchants; soldiers; provincial courts,Nero,"Nero considered abolishing indirect taxes but instead ordered publication of tax rules, limits on stale claims, priority hearings against collectors, and reductions in some exactions and shipping burdens.",Tax schedule published; merchant challenges collector; old claim expires; ship becomes cheaper to operate.,Taxes; trade; courts; shipping; state finance,5,exact,research_addition,https://penelope.uchicago.edu/Thayer/E/Roman/Texts/Tacitus/Annals/13B%2A.html,,,Economy & Trade,Imperial,Politics & Patronage; Economy & Finance; Legal & Court; Travel & Trade Routes,Critical,High,v4
GENS-HIST-0128,58,63,AD 58–63,Early Principate,Roman–Parthian war over Armenia,War / Diplomacy,Armenian / Parthian,Armenia,Rome; Parthia; Armenia,Corbulo; Tiridates I; Nero,Rome and Parthia contested the Armenian succession before a negotiated settlement.,Eastern levies; diplomatic missions; client-ruler uncertainty.,Trade; security; diplomacy,4,range,research_addition,https://82nd-and-fifth.metmuseum.org/toah/ht/05/waa.html,https://resources.metmuseum.org/resources/metpublications/pdf/The_World_between_Empires_Art_and_Identity_in_the_Ancient_Middle_East.pdf,,Conflict & Security,Regional,Economy & Finance; Military & Security,High,High,v1
GENS-HIST-0129,58,64,c. AD 58–64,Early Principate,Great fire devastates Lugdunum; imperial aid follows,Natural Disaster / Urban Fire,Gallic / Roman,Lugdunum (Lyon),Urban residents; merchants; imperial treasury,Nero,"A catastrophic fire destroyed much of Lugdunum. Tacitus records Nero granting four million sesterces for recovery, though literary chronology creates uncertainty over whether the fire fell in 58/59 or closer to 64.",Urban property loss; imperial reconstruction grant; shop relocation; building-material shortage.,Property; commerce; construction; treasury,5,approximate_range,research_addition,https://www.cambridge.org/core/journals/harvard-theological-review/article/abs/irenaeus-mostly-prolegomena/8413BD540E391B0B5A262DC2EC9B3B95,,Seneca and Tacitus create a chronological problem; preserve a broad late-50s/early-60s date range.,Disaster & Public Health,Regional,Economy & Finance; Legal & Court; Settlement & Demographics; Construction & Estates,Critical,Medium,v5
GENS-HIST-0130,59,59,AD 59,Early Principate,Agrippina the Younger killed on Nero's orders,Dynastic Murder / Court Crisis,Roman,Campania,Imperial household; naval officers; court factions,Nero; Agrippina the Younger,"After a failed staged shipwreck, Nero's mother Agrippina was killed by agents, radically altering court politics.",Powerful patron dies; clients purge or realign; court rumor; property inheritance.,Patronage; dynasty; politics; property,5,exact,research_addition,https://www.perseus.tufts.edu/hopper/text?doc=Tac.+Ann.+14.3,,,Politics & Government,Regional,Politics & Patronage; Legal & Court; Construction & Estates,Critical,High,v4
GENS-HIST-0131,60,60,AD 60,Early Principate,Laodicea rebuilds after an earthquake without imperial aid,Natural Disaster / Earthquake,Anatolian / Roman,Laodicea ad Lycum,Local civic elite; property owners; Roman provincial administration,,A major earthquake damaged Laodicea around AD 60; ancient testimony famously emphasizes that the wealthy city rebuilt using its own resources rather than imperial financial assistance.,City self-finances rebuilding; elite benefaction contest; taxes continue despite disaster; construction boom.,Property; construction; local prestige; taxes,4,exact,research_addition,https://www.perseus.tufts.edu/hopper/text?doc=Tac.+Ann.+14.27,,,Disaster & Public Health,Regional,Economy & Finance; Legal & Court; Construction & Estates; Culture & Education,High,High,v5
GENS-HIST-0132,60,61,AD 60–61,Early Principate,"Boudican rebels destroy Camulodunum, Londinium and Verulamium",War / Urban Destruction,British / Roman,"Camulodunum, Londinium and Verulamium",Boudican coalition; Roman settlers; merchants; local municipalities,Boudicca; Suetonius Paulinus,"The revolt destroyed three major Roman or Romanizing settlements, producing enormous civilian losses and a deep rupture in Britain's urban economy.",Town abandoned; shop and estate burned; refugee flight; inheritance without bodies; reconstruction grants.,Population; property; trade; security,5,range,research_addition,https://www.londonmuseum.org.uk/collections/london-stories/timeline-roman-london-londinium/,,Ancient casualty totals are unreliable; the destruction of the three settlements is the core trigger.,Conflict & Security,Regional,Economy & Finance; Legal & Court; Military & Security; Settlement & Demographics; Construction & Estates,Critical,High,v5
GENS-HIST-0133,60,61,AD 60–61,Early Principate,Boudican revolt,War / Revolt,British,Britannia,Rome; Iceni and allied Britons,Boudicca; Suetonius Paulinus,A major revolt destroyed Roman settlements before being defeated.,Estate destruction; refugee movement; militia; debt/abuse grievances.,Security; land; population; trade,5,range,repo_authored,https://github.com/rdnovotni/gens/blob/main/docs/design/gens-events-historical-timeline-content.md,https://82nd-and-fifth.metmuseum.org/toah/ht/05/euw.html,,Conflict & Security,Regional,Economy & Finance; Military & Security; Settlement & Demographics; Construction & Estates,Critical,High,repo
GENS-HIST-0134,62,62,AD 62,Early Principate,Pompeii earthquake,Natural Disaster,Italian,Campania,Local communities,,A major earthquake damaged Pompeii and neighboring Campanian towns years before Vesuvius.,Repair contracts; displaced tenants; omen interpretation.,Buildings; labor demand; prices,4,exact,research_addition,https://82nd-and-fifth.metmuseum.org/toah/ht/05/eust.html,,,Disaster & Public Health,Local / Regional,Economy & Finance; Construction & Estates,High,High,v1
GENS-HIST-0135,63,63,AD 63,Early Principate,Treaty of Rhandeia,Diplomacy,Armenian / Parthian,Armenia,Rome; Parthia; Armenia,Nero; Tiridates I; Corbulo,A settlement recognized a Parthian Arsacid prince in Armenia under a Roman-confirmed arrangement.,Diplomatic celebration; border calm; client politics.,Trade; security; prestige,3,exact,repo_authored,https://github.com/rdnovotni/gens/blob/main/docs/design/gens-events-historical-timeline-content.md,https://82nd-and-fifth.metmuseum.org/toah/ht/05/waa.html,,Diplomacy & Foreign Relations,Regional,Politics & Patronage; Economy & Finance; Military & Security,Medium,High,repo
GENS-HIST-0136,64,64,AD 64,Early Principate,Great Fire of Rome,Natural Disaster / Urban,Roman,Rome,Urban population,Nero,A massive fire devastated large areas of Rome.,Fire damage; refugees; rebuilding; price spikes; relief requests.,Housing; food; labor; public order,5,exact,repo_authored,https://github.com/rdnovotni/gens/blob/main/docs/design/gens-events-historical-timeline-content.md,https://82nd-and-fifth.metmuseum.org/toah/ht/05/eust.html,,Disaster & Public Health,Imperial / Urban,Economy & Finance; Settlement & Demographics; Construction & Estates,Critical,High,repo
GENS-HIST-0137,64,64,AD 64,Early Principate,Neronian persecution of Christians after the fire,Religion / Persecution,Roman / Early Christianity,Rome,Imperial authorities; Christians,Nero,Ancient sources associate Nero with punishment of Christians in Rome after the fire.,Religious concealment; denunciation; household conversion risk.,Piety; legal danger; social tension,4,exact,repo_authored,https://github.com/rdnovotni/gens/blob/main/docs/design/gens-events-historical-timeline-content.md,https://82nd-and-fifth.metmuseum.org/toah/ht/05/eust.html,,Religion & Culture,Imperial / Urban,Legal & Court; Religion,High,High,repo
GENS-HIST-0138,64,68,AD 64–68,Early Principate,Construction of Nero's Domus Aurea,Infrastructure / Court Culture,Roman,Rome,Imperial household; builders,Nero; Severus; Celer,Nero's vast Golden House complex rose on land cleared after the fire.,Luxury contracts; forced acquisition; elite resentment; art commissions.,Construction demand; property; prestige,3,range,repo_authored,https://github.com/rdnovotni/gens/blob/main/docs/design/gens-events-historical-timeline-content.md,https://82nd-and-fifth.metmuseum.org/toah/ht/05/eust.html,,Religion & Culture,Imperial / Urban,Politics & Patronage; Economy & Finance; Legal & Court; Religion; Construction & Estates; Culture & Education,Medium,High,repo
GENS-HIST-0139,65,65,AD 65,Early Principate,Pisonian conspiracy,Political Conspiracy,Roman,Rome,Conspirators; imperial court,Gaius Calpurnius Piso; Nero; Seneca,"A large conspiracy against Nero was exposed, triggering executions and forced suicides.",Informant/denunciation chain; patron loss; confiscations.,Political safety; property; patronage,4,exact,research_addition,https://82nd-and-fifth.metmuseum.org/toah/ht/05/eust.html,,,Politics & Government,Imperial / Urban,Politics & Patronage; Legal & Court; Construction & Estates,High,High,v1
GENS-HIST-0140,65,66,c. AD 65–66,Early Principate,Storm damage in Campania and severe plague in Rome,Natural Disaster / Epidemic,Italian / Roman,Campania and Rome,Urban and rural population; imperial administration,Nero,Tacitus records destructive storms in Campania and a severe epidemic in Rome that killed across social classes and prompted military replacement levies.,Crop loss; estate damage; funeral surge; labor shortage; emergency recruitment.,Health; agriculture; labor; recruitment; household mortality,5,approximate_range,research_addition,https://www.perseus.tufts.edu/hopper/text?doc=Perseus%3Atext%3A1999.02.0078%3Abook%3D16%3Achapter%3D13,,,Disaster & Public Health,Imperial / Urban,Religion; Military & Security; Disease & Public Health; Construction & Estates; Culture & Education,Critical,High,v4
GENS-HIST-0141,66,66,AD 66,Early Principate,Tiridates I crowned king of Armenia in Rome,Diplomacy / Client Kingship,Armenian / Parthian / Roman,Rome,Rome; Parthia; Armenia,Nero; Tiridates I,"The Armenian king Tiridates traveled to Rome and received his crown from Nero, ceremonially confirming the Rhandeia settlement.",Foreign royal visit; spectacle; diplomatic gifts; Armenian trade confidence.,Diplomacy; prestige; commerce; politics,4,exact,research_addition,https://resources.metmuseum.org/resources/metpublications/pdf/The_World_between_Empires_Art_and_Identity_in_the_Ancient_Middle_East.pdf,,,Diplomacy & Foreign Relations,Imperial / Urban,Politics & Patronage; Economy & Finance,High,High,v4
GENS-HIST-0142,66,73,AD 66–73,Early Principate,First Jewish–Roman War,War / Revolt,Judaean,Judaea,Rome; Jewish rebels,Vespasian; Titus; Josephus,A major revolt culminated in the fall of Jerusalem and later rebel strongholds.,Rebellion loyalty; refugee flow; requisitions; religious upheaval.,Security; taxes; population; piety,5,range,repo_authored,https://github.com/rdnovotni/gens/blob/main/docs/design/gens-events-historical-timeline-content.md,,,Conflict & Security,Regional,Politics & Patronage; Economy & Finance; Religion; Military & Security; Settlement & Demographics,Critical,High,repo
GENS-HIST-0143,68,68,AD 68,Early Principate,Revolt of Vindex and death of Nero,Revolt / Succession,Roman / Gallic,Gaul and Rome,Gallic legions; Nero regime,Vindex; Galba; Nero,Provincial revolt and military defection contributed to Nero's fall and suicide.,Regional allegiance; military mutiny; succession uncertainty.,Security; patronage; taxes,5,exact,research_addition,https://82nd-and-fifth.metmuseum.org/toah/ht/05/euw.html,https://82nd-and-fifth.metmuseum.org/toah/ht/05/eust.html,,Conflict & Security,Imperial / Urban,Politics & Patronage; Economy & Finance; Military & Security,Critical,High,v1
GENS-HIST-0144,68,69,AD 68–69,Early Principate,Year of the Four Emperors,Civil War / Succession,Roman,Empire-wide,Galba; Otho; Vitellius; Vespasian factions,Galba; Otho; Vitellius; Vespasian,Rapid imperial turnover and civil war ended with Vespasian's victory.,Legion allegiance; requisitions; patron churn; news shocks.,Security; taxes; patronage,5,range,repo_authored,https://github.com/rdnovotni/gens/blob/main/docs/design/gens-events-historical-timeline-content.md,https://82nd-and-fifth.metmuseum.org/toah/ht/05/eust.html,,Conflict & Security,Imperial,Politics & Patronage; Economy & Finance; Military & Security,Critical,High,repo
GENS-HIST-0145,69,69,AD 69,Early Principate,Cremona sacked after the Second Battle of Bedriacum,Civil War / Sack,Italian,Cremona,Flavian forces; Vitellian forces; civilian population,Antonius Primus; Vitellius,Flavian troops defeated the Vitellian army and sacked Cremona during the civil war.,Urban looting; refugee household; property destroyed; victorious soldiers sell booty.,Security; property; population; trade,5,exact,research_addition,https://82nd-and-fifth.metmuseum.org/toah/ht/05/eust.html,,,Conflict & Security,Regional,Economy & Finance; Legal & Court; Military & Security; Settlement & Demographics; Construction & Estates,Critical,High,v4
GENS-HIST-0146,69,70,AD 69–70,Early Principate,Batavian Revolt,War / Revolt,Batavian / Gallic,Lower Rhine,Rome; Batavians and allies,Civilis,Batavian and regional forces rebelled amid the civil war.,Frontier uprising; local collaboration; disrupted river trade.,Security; trade; recruitment,4,range,repo_authored,https://github.com/rdnovotni/gens/blob/main/docs/design/gens-events-historical-timeline-content.md,https://82nd-and-fifth.metmuseum.org/toah/ht/05/euw.html,,Conflict & Security,Regional,Economy & Finance; Military & Security; Construction & Estates,High,High,repo
GENS-HIST-0147,69,70,AD 69–70,Early Principate,Lex de imperio Vespasiani formalizes Vespasian's powers,Law / Imperial Constitution,Roman,Rome,Senate; Roman people; Flavian regime,Vespasian,A surviving bronze law records the conferral and confirmation of broad imperial powers and privileges on Vespasian after civil war.,Regime-legitimacy event; office recommendation; legal precedent; senatorial alignment.,Political legitimacy; offices; legal administration,4,range,research_addition,https://academic.oup.com/edited-volume/61673/chapter-abstract/550527909,,,Law & Legal Status,Imperial / Urban,Politics & Patronage; Legal & Court,High,High,v3
GENS-HIST-0148,70,70,AD 70,Early Principate,Fiscus Judaicus redirects the Jewish Temple tax to Jupiter Capitolinus,Economy / Religious Tax,Roman / Jewish,Empire-wide,Roman tax administration; Jewish communities,Vespasian,"After the destruction of the Jerusalem Temple, Vespasian redirected the former Temple contribution into a Roman tax payable to the temple of Jupiter Capitolinus.",New religious tax assessment; identity concealment; collection dispute; community assistance.,Taxes; piety; legal status; household cash flow,4,exact,research_addition,https://www.jewishencyclopedia.com/articles/6157-fiscus,,,Economy & Trade,Imperial,Economy & Finance; Legal & Court; Religion,High,High,v3
GENS-HIST-0149,70,70,AD 70,Early Principate,Jerusalem captured; Second Temple destroyed,War / Religion,Judaean,Jerusalem,Rome; Jewish rebels,Titus; Josephus,Roman forces captured Jerusalem and destroyed the Second Temple.,Refugees; religious crisis; war captives; tax changes.,Piety; population; trade; slavery,5,exact,repo_authored,https://github.com/rdnovotni/gens/blob/main/docs/design/gens-events-historical-timeline-content.md,https://82nd-and-fifth.metmuseum.org/toah/ht/05/eust.html,,Conflict & Security,Regional,Economy & Finance; Religion; Military & Security; Settlement & Demographics,Critical,High,repo
GENS-HIST-0150,71,74,AD 71–74,Early Principate,Eboracum legionary fortress founded,Fortress / Settlement,British / Roman,Eboracum (York),Legio IX Hispana; Brigantian region; civilian suppliers,Petillius Cerialis,"A permanent legionary fortress was established at the junction of the Ouse and Foss, creating the military nucleus of Roman York.",Army base creates civilian vicus; supply contract; land acquisition; new northern road traffic.,Military demand; trade; migration; property,4,range,research_addition,https://her.york.gov.uk/Monument/MYO2015,https://academic.oup.com/edited-volume/61673/chapter-abstract/548753909,,Infrastructure & Settlement,Regional,Economy & Finance; Legal & Court; Military & Security; Settlement & Demographics; Travel & Trade Routes; Construction & Estates,High,High,v5
GENS-HIST-0151,73,73,AD 73,Early Principate,Fall of Masada,War / Siege,Judaean,Masada,Rome; Sicarii holdouts,,The fall of Masada marked the end of a major holdout from the First Jewish–Roman War.,War-end transition; garrisoning; local memory.,Security; military presence,3,exact,research_addition,https://82nd-and-fifth.metmuseum.org/toah/ht/04/wae.html,,,Conflict & Security,Regional,Military & Security,Medium,High,v1
GENS-HIST-0152,73,74,AD 73–74,Early Principate,Vespasian extends Latin rights broadly in Hispania,Law / Civic Status,Iberian / Roman,Hispania,Hispanic communities; municipal elites,Vespasian,Vespasian's grant of Latin rights accelerated municipalization and pathways to Roman citizenship for local officeholders across Hispania.,Town status upgrade; office-holding grants citizenship; municipal charter transition.,Citizenship; offices; taxation; local government,5,approximate_range,research_addition,https://www.cambridge.org/core/books/abs/cambridge-ancient-history/flavians/AD65392FA441355AAB55A1B84565FF0E,,,Law & Legal Status,Regional,Politics & Patronage; Economy & Finance; Legal & Court; Culture & Education,Critical,Medium,v4
GENS-HIST-0153,75,75,c. AD 75,Early Principate,Temple of Peace dedicated in Rome,Infrastructure / Religion,Roman,Rome,Imperial administration; urban populace,Vespasian,"Vespasian dedicated the Temple of Peace complex, displaying spoils and artworks associated with the Flavian victory in Judaea.",Monument opening; art display; religious ceremony; visitor commerce.,Prestige; culture; piety; urban commerce,3,approximate,research_addition,https://82nd-and-fifth.metmuseum.org/toah/ht/05/eust.html,,,Religion & Culture,Imperial / Urban,Economy & Finance; Religion; Settlement & Demographics; Culture & Education,Medium,High,v4
GENS-HIST-0154,77,84,AD 77–84,Early Principate,Agricola's campaigns in Caledonia,War / Frontier,Caledonian,Northern Britain,Rome; Caledonian peoples,Agricola,Roman armies campaigned deep into northern Britain.,Frontier levies; fort building; supply contracts.,Security; trade; military demand,4,range,repo_authored,https://github.com/rdnovotni/gens/blob/main/docs/design/gens-events-historical-timeline-content.md,https://82nd-and-fifth.metmuseum.org/toah/ht/05/euw.html,,Conflict & Security,Local / Regional,Economy & Finance; Military & Security; Construction & Estates,High,High,repo
GENS-HIST-0155,79,79,AD 79,Early Principate,Eruption of Mount Vesuvius,Natural Disaster,Italian,Campania,Pompeii; Herculaneum; Stabiae,Pliny the Elder,Vesuvius buried major Campanian communities and killed thousands.,Guaranteed regional catastrophe; evacuation; inheritance; rebuilding elsewhere.,Population; land; housing; trade,5,exact,repo_authored,https://github.com/rdnovotni/gens/blob/main/docs/design/gens-events-historical-timeline-content.md,https://82nd-and-fifth.metmuseum.org/toah/ht/05/eust.html,,Disaster & Public Health,Local / Regional,Economy & Finance; Legal & Court; Settlement & Demographics; Construction & Estates,Critical,High,repo
GENS-HIST-0156,79,79,AD 79,Early Principate,Vespasian dies; Titus succeeds,Imperial Succession,Roman,Rome,Flavian dynasty,Vespasian; Titus,Titus succeeded Vespasian.,Succession news; public largesse; patronage changes.,Stability; political standing,4,exact,repo_authored,https://github.com/rdnovotni/gens/blob/main/docs/design/gens-events-historical-timeline-content.md,,,Politics & Government,Imperial / Urban,Politics & Patronage,High,High,repo
GENS-HIST-0157,80,80,AD 80,Early Principate,Colosseum inaugurated with games,Infrastructure / Festival,Roman,Rome,Imperial government; urban populace,Titus,The Flavian Amphitheater opened with prolonged inaugural games.,Festival crowds; animal demand; gambling; vendors; prestige.,Commerce; public mood; exotic goods,3,exact,repo_authored,https://github.com/rdnovotni/gens/blob/main/docs/design/gens-events-historical-timeline-content.md,https://82nd-and-fifth.metmuseum.org/toah/ht/05/eust.html,,Religion & Culture,Imperial / Urban,Economy & Finance; Culture & Education,Medium,High,repo
GENS-HIST-0158,80,80,AD 80,Early Principate,Fire and epidemic in Rome under Titus,Natural Disaster / Epidemic,Roman,Rome,Urban population,Titus,Ancient accounts report another serious fire and epidemic during Titus's reign.,Relief; funerals; labor shortage; religious responses.,Health; housing; prices,4,exact,research_addition,https://82nd-and-fifth.metmuseum.org/toah/ht/05/eust.html,,,Disaster & Public Health,Imperial / Urban,Economy & Finance; Religion; Disease & Public Health; Settlement & Demographics; Construction & Estates,High,High,v1
GENS-HIST-0159,81,81,AD 81,Early Principate,Titus dies; Domitian succeeds,Imperial Succession,Roman,Rome,Flavian dynasty,Titus; Domitian,Domitian succeeded his brother Titus.,New court policy; patronage realignment.,Political standing; stability,4,exact,repo_authored,https://github.com/rdnovotni/gens/blob/main/docs/design/gens-events-historical-timeline-content.md,,,Politics & Government,Imperial / Urban,Politics & Patronage; Legal & Court,High,High,repo
GENS-HIST-0160,81,96,AD 81–96,Early Principate,Domitian prohibits castration,Law / Bodily Integrity,Roman,Empire-wide,Slave traders; elite households; physicians; enslaved people,Domitian,"Domitian issued a ban on making eunuchs, a measure tied to elite sexual and luxury practices as well as the slave market.",Household cannot commission castration; trader loses high-value market; physician faces prosecution.,Slavery; household law; medicine; luxury market,4,approximate_range,research_addition,https://www.cambridge.org/core/journals/classical-quarterly/article/abs/ne-spadones-fiant-domitians-emasculation-ban/AA28A138236A786D09D850B1544079B1,,,Law & Legal Status,Imperial,Economy & Finance; Legal & Court,High,High,v5
GENS-HIST-0161,85,85,AD 85,Early Principate,Domitian assumes perpetual censorship,Political Administration / Censorship,Roman,Rome,Senate; equestrian order; imperial court,Domitian,"Domitian made the censorial authority a continuing part of his imperial position, strengthening oversight of elite status and morals.",Senatorial review; elite rank threatened; moral-status enforcement; patron anxiety.,Politics; status; offices; reputation,4,exact,research_addition,https://www.livius.org/articles/person/domitian/,,,Politics & Government,Imperial / Urban,Politics & Patronage; Legal & Court,High,Medium,v4
GENS-HIST-0162,85,89,AD 85–89,Early Principate,Domitian's Dacian wars,War / Frontier,Dacian,Danube / Dacia,Rome; Dacians,Domitian; Decebalus,Dacian attacks and Roman campaigns ended in a negotiated settlement.,Danube mobilization; military taxes; engineering demand.,Security; recruitment; state contracts,4,range,research_addition,https://82nd-and-fifth.metmuseum.org/toah/ht/05/eusb.html,,,Conflict & Security,Local / Regional,Economy & Finance; Military & Security,High,High,v1
GENS-HIST-0163,88,88,AD 88,Early Principate,Domitian celebrates the Secular Games,Religion / Festival,Roman,Rome,Roman state cult; urban populace,Domitian,Domitian staged a carefully dated celebration of the Secular Games.,Rare festival calendar; sacrifices; arena and theatrical demand; prestige display.,Commerce; piety; public mood,3,exact,research_addition,https://en.wikisource.org/wiki/1911_Encyclop%C3%A6dia_Britannica/Secular_Games,,,Religion & Culture,Imperial / Urban,Economy & Finance; Religion; Culture & Education,Medium,High,v3
GENS-HIST-0164,89,89,AD 89,Early Principate,Revolt of Saturninus,Military Revolt,Roman / Germanic frontier,Upper Germany,Roman loyalists; rebel legions,Lucius Antonius Saturninus; Domitian,A provincial commander rebelled against Domitian but was quickly defeated.,Legion loyalty; purge of networks; frontier uncertainty.,Political risk; security,3,exact,research_addition,https://82nd-and-fifth.metmuseum.org/toah/ht/05/euw.html,,,Conflict & Security,Regional,Politics & Patronage; Military & Security,Medium,High,v1
GENS-HIST-0165,92,92,AD 92,Early Principate,Domitian issues vineyard restriction edict,Economy / Agricultural Policy,Roman / Provincial,Italy and wine-producing provinces,Vine growers; grain farmers; provincial landowners,Domitian,"Domitian ordered restrictions on new vineyards in Italy and cuts to provincial vines amid concern over wine abundance and grain cultivation, though the measure was not fully enforced.",Crop-switch decision; provincial resistance; wine-price speculation; compliance inspection.,Agriculture; land use; wine prices; grain supply; legal risk,4,exact,research_addition,https://penelope.uchicago.edu/Thayer/E/Roman/Texts/Suetonius/12Caesars/Domitian%2A.html,,Implementation was limited; model as policy shock/uncertainty rather than guaranteed empire-wide vineyard destruction.,Economy & Trade,Regional,Economy & Finance; Legal & Court; Religion; Settlement & Demographics; Construction & Estates; Culture & Education,High,High,v2
GENS-HIST-0166,93,93,c. AD 93,Early Principate,Domitian expels philosophers from Rome and Italy,Political Repression / Education,Roman / Hellenic,Rome and Italy,Philosophers; senators; imperial government,Domitian; Epictetus (traditionally associated),Domitianic repression included expulsions of philosophers and teachers regarded as politically troublesome.,Tutor expelled; intellectual circle disperses; books/patrons investigated.,Education; patronage; politics; migration,3,approximate,research_addition,https://www.livius.org/articles/person/domitian/,,,Politics & Government,Imperial / Urban,Politics & Patronage; Settlement & Demographics; Culture & Education,Medium,Medium,v4
GENS-HIST-0167,95,95,c. AD 95,Early Principate,Quintilian completes the Institutio Oratoria,Education / Literature,Roman,Rome,Teachers; advocates; elite families,Quintilian,"Quintilian's major treatise systematized rhetorical education and ideals of the orator, becoming a landmark of elite Roman pedagogy.",Prestigious tutor curriculum; child education option; rhetoric examination; manuscript acquisition.,Education; legal careers; prestige; culture,3,approximate,research_addition,https://www.cambridge.org/core/books/abs/cambridge-companion-to-quintilian/institutio-oratoria/4F41F58A31FD056BC05EB856D3976401,,,Knowledge & Culture,Imperial / Urban,Legal & Court; Religion; Culture & Education,Medium,Medium,v4
GENS-HIST-0168,95,95,AD 95,Early Principate,Via Domitiana opens a faster road to Puteoli and Campania,Infrastructure / Road,Italian,Campania,Travelers; merchants; Puteolan port interests,Domitian,"The Via Domitiana improved the overland connection from Rome toward the Bay of Naples and Puteoli, strengthening access to one of Italy's major ports.",Travel time falls; roadside property value rises; inn and transport demand; port trade increases.,Travel; trade; property; services,4,exact,research_addition,https://www.cambridge.org/core/books/cambridge-manual-of-latin-epigraphy/6E5F27E6D1DDA15A9BC7809E93B1778A/listing,,,Infrastructure & Settlement,Regional,Economy & Finance; Legal & Court; Travel & Trade Routes; Construction & Estates,High,High,v5
GENS-HIST-0169,96,96,AD 96,High Principate,Domitian assassinated; Nerva succeeds,Imperial Succession / Assassination,Roman,Rome,Senate; imperial court,Domitian; Nerva,Domitian's assassination ended the Flavian dynasty and brought Nerva to power.,Succession stabilization; senatorial relief; court turnover.,Political standing; patronage,5,exact,repo_authored,https://github.com/rdnovotni/gens/blob/main/docs/design/gens-events-historical-timeline-content.md,,,Politics & Government,Imperial / Urban,Politics & Patronage; Legal & Court,Critical,High,repo
GENS-HIST-0170,96,96,AD 96,High Principate,Nerva restricts abusive enforcement of the Fiscus Judaicus,Economy / Religious Tax Reform,Roman / Jewish,Empire-wide,Jewish communities; tax officials; imperial treasury,Nerva,Nerva publicly advertised an end to abusive or accusatory enforcement practices surrounding the Jewish tax without abolishing the tax itself.,Tax investigation halted; disputed identity case; household avoids invasive inspection.,Taxes; religion; legal status; public trust,4,exact,research_addition,https://www.cambridge.org/core/journals/journal-of-roman-studies/article/abs/nerva-the-fiscus-judaicus-and-jewish-identity/F09E1469321C1546ED49B92930850BFD,,,Economy & Trade,Imperial,Economy & Finance; Legal & Court; Religion,High,High,v4
GENS-HIST-0171,97,97,AD 97,High Principate,Nerva adopts Trajan as heir,Imperial Succession / Adoption,Roman,Rome,Imperial court; Senate; army,Nerva; Trajan,"Facing military pressure, Nerva adopted the respected general Trajan, creating a clear succession path.",Heir-recognition news; patron repositioning; army confidence; succession bets.,Political stability; patronage; military loyalty,4,exact,research_addition,https://www.livius.org/articles/person/trajan/,,,Politics & Government,Imperial / Urban,Politics & Patronage; Military & Security,High,High,v3
GENS-HIST-0172,98,98,AD 98,High Principate,Nerva dies; Trajan succeeds,Imperial Succession,Roman,Rome,Imperial government,Nerva; Trajan,Trajan's accession begins the game's recommended default-start moment.,Stable succession; new offices; military prestige expectations.,Patronage; stability,5,exact,repo_authored,https://github.com/rdnovotni/gens/blob/main/docs/design/gens-events-historical-timeline-content.md,https://github.com/rdnovotni/gens/blob/main/docs/design/gens-events-historical-timeline-late-antiquity-content.md,,Politics & Government,Imperial / Urban,Politics & Patronage; Military & Security,Critical,High,repo
GENS-HIST-0173,98,98,AD 98,High Principate,Tacitus publishes Agricola and Germania,Literature / Political Culture,Roman / Gallic / Germanic,Rome,Senatorial literary elite; readers interested in Britain and Germania,Tacitus,"Tacitus's earliest surviving works appeared around Trajan's accession, presenting his father-in-law Agricola's career and a famous ethnographic account of Germania.",Household library acquisition; political discussion; frontier-culture knowledge; elite education.,Education; culture; politics; World Knowledge,3,exact,research_addition,https://www.cambridge.org/core/journals/new-surveys-in-the-classics/article/abs/i-agricola-germania-dialogus/A4859C26843989A02375D43E8A457DE1,,,Politics & Government,Imperial / Urban,Politics & Patronage; Religion; Culture & Education,Medium,High,v5
GENS-HIST-0174,98,117,c. AD 98–117,High Principate,Trajan expands the alimenta child-support program,Economy / Social Welfare,Italian,Towns across Italy,Italian municipalities; landowners; children receiving support,Trajan,"The alimenta linked imperial capital to loans secured on Italian land, with interest supporting eligible children in participating towns.",Estate joins loan scheme; child stipend eligibility; municipal administration; land valuation.,Credit; land; household welfare; local prestige,4,approximate_range,research_addition,https://www.cambridge.org/core/journals/papers-of-the-british-school-at-rome/article/abs/purpose-and-organisation-of-the-alimenta/AD1C299A16A6D5FD4810BBEA7DEB20DC,,,Economy & Trade,Regional,Economy & Finance; Settlement & Demographics; Construction & Estates,High,High,v3
GENS-HIST-0175,98,117,AD 98–117,High Principate,Trajanic building program in Rome,Infrastructure / Imperial,Roman,Rome,Imperial administration; builders,Trajan; Apollodorus of Damascus,"Trajan sponsored major public works including his forum, markets, baths, and column.",Construction boom; artisan demand; civic prestige; imperial contracts.,Labor demand; materials; commerce,3,range,research_addition,https://82nd-and-fifth.metmuseum.org/toah/ht/05/eust.html,,,Infrastructure & Settlement,Imperial / Urban,Economy & Finance; Construction & Estates; Culture & Education,Medium,High,v1
GENS-HIST-0176,100,100,c. AD 100,High Principate,Thamugadi founded as a veteran colony,Colony / Veteran Settlement,North African / Roman,"Thamugadi (Timgad), Numidia",Legio III Augusta veterans; local communities,Trajan,"Trajan founded Colonia Marciana Ulpia Traiana Thamugadi for veterans, creating a planned Roman colonial city near the Numidian military frontier.",Veteran allotment; grid-planned new town; construction boom; local land market shifts.,Land; migration; construction; veteran patronage,4,approximate,research_addition,https://www.cambridge.org/engage/api-gateway/coe/assets/orp/resource/item/60da4fea67d49165a2966372/original/thamugadi-a-roman-city-in-north-africa.pdf,,,Infrastructure & Settlement,Regional,Politics & Patronage; Economy & Finance; Settlement & Demographics; Construction & Estates,High,High,v5
GENS-HIST-0177,101,102,AD 101–102,High Principate,First Dacian War,War,Dacian,Dacia / Danube,Rome; Dacia,Trajan; Decebalus,Trajan invaded Dacia and forced a settlement after hard fighting.,Levy; frontier supply; prisoner/loot flow.,Military demand; security; prices,5,range,repo_authored,https://github.com/rdnovotni/gens/blob/main/docs/design/gens-events-historical-timeline-content.md,https://82nd-and-fifth.metmuseum.org/toah/ht/05/eusb.html,,Conflict & Security,Local / Regional,Economy & Finance; Military & Security,Critical,High,repo
GENS-HIST-0178,103,105,AD 103–105,High Principate,Trajan's Bridge completed across the Danube,Infrastructure / Bridge,Dacian / Roman,"Drobeta–Pontes, lower Danube",Roman army; Dacian frontier; merchants,Trajan; Apollodorus of Damascus,A monumental fixed bridge across the Danube supported Trajan's Dacian campaigns and transformed logistical access to the northern bank.,Military transport becomes easier; bridge toll/supply activity; frontier merchant traffic; engineering prestige.,Travel; military logistics; trade; construction,5,range,research_addition,https://en.wikipedia.org/wiki/Trajan%27s_Bridge,,,Infrastructure & Settlement,Regional,Economy & Finance; Military & Security; Travel & Trade Routes; Construction & Estates,Critical,High,v5
GENS-HIST-0179,103,106,c. AD 103–106,High Principate,Alcántara Bridge constructed in Lusitania,Infrastructure / Bridge,Iberian / Roman,"Tagus River, Lusitania",Lusitanian municipalities; travelers; imperial road network,Trajan,"The great stone bridge at Alcántara was constructed under Trajan, symbolizing the prosperity and integration of Roman Hispania.",Cross-river travel becomes reliable; transport contracts; nearby market and inn growth.,Travel; trade; construction; local prestige,4,approximate_range,research_addition,https://www.cambridge.org/core/books/abs/cambridge-ancient-history/spain/DC0FFEA3CA8F64D0F213F9DD70ACDB99,,,Infrastructure & Settlement,Regional,Economy & Finance; Travel & Trade Routes; Construction & Estates,High,High,v5
GENS-HIST-0180,105,106,AD 105–106,High Principate,Second Dacian War and annexation of Dacia,War / Annexation,Dacian,Dacia,Rome; Dacia,Trajan; Decebalus,"Rome conquered Dacia and organized it as a province, gaining access to major mineral resources.",Veteran colonies; mining boom; land redistribution.,Gold supply; migration; property,5,range,repo_authored,https://github.com/rdnovotni/gens/blob/main/docs/design/gens-events-historical-timeline-content.md,https://82nd-and-fifth.metmuseum.org/toah/ht/05/eust.html,,Conflict & Security,Local / Regional,Economy & Finance; Legal & Court; Military & Security; Settlement & Demographics; Construction & Estates,Critical,High,repo
GENS-HIST-0181,106,106,AD 106,High Principate,Nabataea annexed as Arabia Petraea,Administration / Expansion,Nabataean,Arabia Petraea,Rome; Nabataean kingdom,Trajan,Rome annexed Nabataea and created the province of Arabia.,Caravan trade reorganization; new governor; road building.,Trade; taxes; travel,4,exact,repo_authored,https://github.com/rdnovotni/gens/blob/main/docs/design/gens-events-historical-timeline-content.md,https://resources.metmuseum.org/resources/metpublications/pdf/The_World_between_Empires_Art_and_Identity_in_the_Ancient_Middle_East.pdf,,Politics & Government,Local / Regional,Economy & Finance; Travel & Trade Routes; Construction & Estates,High,High,repo
GENS-HIST-0182,106,110,c. AD 106–110,High Principate,Ulpia Traiana Sarmizegetusa founded as Dacia's first Roman city,Colony / Provincial Capital,Dacian / Roman,Ulpia Traiana Sarmizegetusa,Roman colonists and veterans; Dacian provincial population,Trajan; Decimus Terentius Scaurianus,"The first major Roman colonial city in conquered Dacia became the province's political, religious, and cultural center.",Colonial allotment; provincial court access; temple/market construction; local elite relocation.,Land; offices; trade; provincial administration,5,approximate_range,research_addition,https://www.cambridge.org/core/journals/journal-of-roman-studies/article/abs/vota-pro-salvte-imperatoris-in-an-inscription-at-ulpia-traiana-sarmizegetusa/51A4AE74B9F12EC2A7D8CC66BDA60FD4,,,Infrastructure & Settlement,Regional,Politics & Patronage; Economy & Finance; Legal & Court; Religion; Settlement & Demographics; Construction & Estates,Critical,High,v5
GENS-HIST-0183,107,108,AD 107–108,High Principate,Eboracum fortress rebuilt in stone,Fortress / Construction,British / Roman,Eboracum (York),Roman legion; civilian suppliers,Trajan,"The earlier timber-and-earth fortress at York received major stone defenses, reinforcing Eboracum as a permanent northern military center.",Stone quarry demand; building labor; stronger military presence; civilian property grows outside walls.,Construction; military demand; property; trade,3,range,research_addition,https://her.york.gov.uk/Monument/MYO2015,,,Infrastructure & Settlement,Regional,Economy & Finance; Legal & Court; Military & Security; Construction & Estates,Medium,High,v5
GENS-HIST-0184,109,109,AD 109,High Principate,Aqua Traiana and Baths of Trajan inaugurated,Infrastructure / Water & Baths,Roman,Rome,Urban population; imperial builders; bath operators,Trajan,"Trajanic projects expanded Rome's water supply and public bathing capacity, especially on the Janiculum and Oppian Hill.",New water connection; bath commerce; construction completion; nearby property boom.,Water; property; health; commerce; prestige,4,exact,research_addition,https://82nd-and-fifth.metmuseum.org/toah/ht/05/eust.html,,,Infrastructure & Settlement,Imperial / Urban,Economy & Finance; Legal & Court; Disease & Public Health; Construction & Estates,High,High,v4
GENS-HIST-0185,111,113,c. AD 111–113,High Principate,Pliny–Trajan provincial correspondence on Christians and civic administration,Religion / Provincial Administration,Bithynian / Early Christian,Bithynia-Pontus,Provincial government; urban councils; Christians,Pliny the Younger; Trajan,"As governor of Bithynia-Pontus, Pliny corresponded with Trajan on local finances, public works, associations, and the legal handling of Christians.",Governor inquiry; municipal audit; public-works approval; anonymous accusation; religious trial procedure.,Local government; finances; piety; legal risk; construction,4,approximate_range,research_addition,https://sourcebooks.web.fordham.edu/ancient/pliny-trajan1.asp,,"Useful as a model for governor-to-emperor administrative events, not only Christian persecution.",Politics & Government,Local / Regional,Legal & Court; Religion; Construction & Estates,High,High,v2
GENS-HIST-0186,111,114,AD 111–114,High Principate,Via Nova Traiana constructed,Infrastructure / Trade,Nabataean / Roman,Bostra to Red Sea,Roman administration; caravan communities,Trajan,A major imperial road linked Bostra with the Red Sea through Arabia.,Road contracts; inns; caravan security; settlement growth.,Travel speed; trade volume; property values,3,range,research_addition,https://resources.metmuseum.org/resources/metpublications/pdf/The_World_between_Empires_Art_and_Identity_in_the_Ancient_Middle_East.pdf,,,Economy & Trade,Regional,Economy & Finance; Legal & Court; Military & Security; Settlement & Demographics; Travel & Trade Routes; Construction & Estates,Medium,High,v1
GENS-HIST-0187,112,112,AD 112,High Principate,Forum of Trajan dedicated,Infrastructure / Civic Complex,Roman,Rome,Imperial administration; courts; merchants,Trajan; Apollodorus of Damascus,"The enormous Forum of Trajan became a major new civic, judicial, commemorative, and commercial complex.",Court venue shift; shop lease; monument festival; elite litigation foot traffic.,Courts; commerce; prestige; construction,4,exact,research_addition,https://82nd-and-fifth.metmuseum.org/toah/ht/05/eust.html,,,Infrastructure & Settlement,Imperial / Urban,Politics & Patronage; Economy & Finance; Legal & Court; Construction & Estates; Culture & Education,High,High,v4
GENS-HIST-0188,113,113,AD 113,High Principate,Trajan's Column dedicated,Infrastructure / Propaganda,Roman,Rome,Imperial government; Roman public,Trajan,Trajan's Column monumentalized the Dacian Wars.,Public memory event; art commission; veteran prestige.,Dignitas; culture; tourism,2,exact,research_addition,https://82nd-and-fifth.metmuseum.org/toah/ht/05/eust.html,,,Infrastructure & Settlement,Imperial / Urban,Politics & Patronage; Religion; Culture & Education,Flavor,High,v1
GENS-HIST-0189,113,117,AD 113–117,High Principate,Trajan's Parthian War,War / Expansion,Parthian / Armenian,Armenia and Mesopotamia,Rome; Parthia; Armenia,Trajan; Osroes I,Trajan invaded the Parthian Empire and briefly created new eastern provinces.,Eastern levy; trade disruption; occupation administration.,Security; trade; taxes,5,range,repo_authored,https://github.com/rdnovotni/gens/blob/main/docs/design/gens-events-historical-timeline-content.md,https://resources.metmuseum.org/resources/metpublications/pdf/The_World_between_Empires_Art_and_Identity_in_the_Ancient_Middle_East.pdf,,Conflict & Security,Regional,Economy & Finance; Military & Security,Critical,High,repo
GENS-HIST-0190,115,115,AD 115,High Principate,Antioch earthquake,Natural Disaster,Syrian / Levantine,Antioch,Urban population; Roman army,Trajan,A major earthquake struck Antioch while Trajan was present during the Parthian campaign.,Building collapse; army relief; reconstruction; omen event.,Housing; population; prices,5,exact,repo_authored,https://github.com/rdnovotni/gens/blob/main/docs/design/gens-events-historical-timeline-content.md,,,Disaster & Public Health,Regional,Economy & Finance; Military & Security; Settlement & Demographics; Construction & Estates,Critical,High,repo
GENS-HIST-0191,115,117,AD 115–117,High Principate,Jewish communities in Roman Egypt shattered during Diaspora Revolt,War / Religious-Communal Conflict,Egyptian / Jewish,Alexandria and Egyptian countryside,Jewish rebels; Greek communities; Roman forces,,The Diaspora Revolt devastated Jewish communal life in Egypt; later evidence shows major demographic collapse and confiscation of land associated with participants.,Communal violence; confiscated estate; refugee family; abandoned synagogue; disputed land title.,Population; property; piety; security,5,range,research_addition,https://www.cambridge.org/core/books/abs/jews-in-late-antiquity/egypt/C9590863FFABBE783AC44EBCDA3034CB,https://www.cambridge.org/core/books/abs/cambridge-history-of-judaism/uprisings-in-the-jewish-diaspora-116117/D60462905D529F30607BAFD7C22745FA,,Conflict & Security,Regional,Legal & Court; Religion; Military & Security; Settlement & Demographics; Construction & Estates,Critical,High,v5
GENS-HIST-0192,115,117,AD 115–117,High Principate,Kitos War / Diaspora Revolt,War / Revolt,Jewish diaspora / Eastern Mediterranean,"Cyrenaica, Egypt, Cyprus, Mesopotamia",Rome; Jewish rebel communities,Trajan; Lusius Quietus,Large Jewish revolts erupted across several eastern provinces during Trajan's Parthian war.,Urban violence; communal tension; trade disruption.,Security; population; religion; commerce,5,range,research_addition,https://resources.metmuseum.org/resources/metpublications/pdf/The_World_between_Empires_Art_and_Identity_in_the_Ancient_Middle_East.pdf,,,Conflict & Security,Local / Regional,Economy & Finance; Religion; Military & Security; Settlement & Demographics,Critical,High,v1
GENS-HIST-0193,116,116,AD 116,High Principate,Trajan captures Ctesiphon,War / Capital Capture,Parthian / Mesopotamian,Ctesiphon,Rome; Parthia,Trajan,Roman forces captured the Parthian capital during Trajan's eastern campaign.,Loot/prestige; eastern political shock; supply strain.,Trade; military prestige; security,4,exact,research_addition,https://resources.metmuseum.org/resources/metpublications/pdf/The_World_between_Empires_Art_and_Identity_in_the_Ancient_Middle_East.pdf,,,Conflict & Security,Regional,Politics & Patronage; Economy & Finance; Military & Security,High,High,v1
GENS-HIST-0194,117,117,c. AD 117,High Principate,Jews barred from Cyprus after revolt,Law / Post-Revolt Restriction,Cypriot / Jewish / Roman,Cyprus,Roman authorities; Jewish communities; Cypriot population,,"After the violent Cypriot theater of the Diaspora Revolt, ancient tradition records a severe prohibition on Jewish residence or entry to the island.",Household expelled; merchant loses route; property liquidated; religious community vanishes.,Migration; trade; legal status; religion,4,approximate,research_addition,https://www.cambridge.org/core/journals/ajs-review/article/william-horbury-jewish-war-under-trajan-and-hadrian-cambridge-uk-cambridge-university-press-2014-501-pp/B4A435575C5CAEEB3CA7F2D704A2FB7E,,,Conflict & Security,Regional,Economy & Finance; Legal & Court; Religion; Settlement & Demographics; Travel & Trade Routes; Construction & Estates,High,Medium,v5
GENS-HIST-0195,117,117,AD 117,High Principate,Trajan dies; Hadrian succeeds,Imperial Succession,Roman,Cilicia / Rome,Imperial government,Trajan; Hadrian,Hadrian succeeded Trajan and soon abandoned the most exposed eastern conquests.,Succession; demobilization; policy reversal.,Stability; military demand; trade,5,exact,repo_authored,https://github.com/rdnovotni/gens/blob/main/docs/design/gens-events-historical-timeline-content.md,,,Politics & Government,Imperial / Urban,Politics & Patronage; Economy & Finance; Military & Security,Critical,High,repo
GENS-HIST-0196,117,118,AD 117–118,High Principate,Hadrian withdraws from Mesopotamian conquests,Administration / Frontier,Parthian / Mesopotamian,Mesopotamia / Armenia,Rome; Parthia; local clients,Hadrian,Hadrian gave up much of Trajan's eastern expansion in favor of defensible frontiers.,Garrison departure; treaty changes; trade route normalization.,Security; taxes; commerce,4,range,research_addition,https://resources.metmuseum.org/resources/metpublications/pdf/The_World_between_Empires_Art_and_Identity_in_the_Ancient_Middle_East.pdf,,,Politics & Government,Regional,Economy & Finance; Military & Security; Travel & Trade Routes; Culture & Education,High,High,v1
GENS-HIST-0197,118,118,AD 118,High Principate,Execution of the 'Four Consulars' darkens Hadrian's succession,Political Purge / Succession Crisis,Roman,Italy,Senior senators; Hadrianic regime,Hadrian; Avidius Nigrinus; Cornelius Palma; Publilius Celsus; Lusius Quietus,Four prominent former consuls were killed early in Hadrian's reign amid accusations of conspiracy; Hadrian distanced himself from the decision.,Elite patron executed; client network investigated; Senate distrust.,Politics; patronage; legal danger; reputation,4,exact,research_addition,https://penelope.uchicago.edu/Thayer/E/Roman/Texts/Historia_Augusta/Hadrian/1%2A.html,,,Politics & Government,Regional,Politics & Patronage; Legal & Court,High,High,v4
GENS-HIST-0198,118,118,AD 118,High Principate,Hadrian remits vast accumulated tax debts,Economy / Tax Amnesty,Roman,Empire-wide,Taxpayers; imperial fiscus; provincial administrations,Hadrian,Hadrian canceled a very large stock of arrears owed to the imperial and public treasuries and symbolically destroyed records of debt.,Tax debt erased; seized-property claim reconsidered; household liquidity improves; archives destroyed.,Taxes; debt; property; public trust,5,exact,research_addition,https://penelope.uchicago.edu/Thayer/E/Roman/Texts/Historia_Augusta/Hadrian/1%2A.html,,Historia Augusta gives 900 million sesterces; treat the scale as very large but avoid making gameplay depend on the exact ancient total.,Economy & Trade,Imperial,Economy & Finance; Legal & Court; Construction & Estates,Critical,High,v4
GENS-HIST-0199,118,128,AD 118–128,High Principate,Pantheon rebuilt under Hadrian,Infrastructure / Religion,Roman,Rome,Imperial builders; cult communities,Hadrian,The Pantheon was rebuilt in its monumental domed form during Hadrian's reign.,Major construction; cult prestige; urban tourism.,Labor demand; stone trade; piety,3,range,research_addition,https://82nd-and-fifth.metmuseum.org/toah/ht/05/eust.html,,,Religion & Culture,Imperial / Urban,Economy & Finance; Religion; Settlement & Demographics; Construction & Estates,Medium,High,v1
GENS-HIST-0200,121,122,c. AD 121–122,High Principate,Suetonius circulates The Twelve Caesars,Literature / Biography,Roman,Rome,Imperial court and literary elite,Suetonius,"Suetonius's imperial biographies from Julius Caesar through Domitian circulated in the early Hadrianic period, turning court scandal, character, and dynastic memory into a major literary genre.",Library acquisition; household compares current emperor to predecessors; gossip/reputation event.,Culture; education; dynasty memory; politics,3,approximate_range,research_addition,https://www.cambridge.org/core/books/abs/cambridge-companion-to-the-age-of-hadrian/suetonius/84B99D67AB22DC559B1F8F2419BE22A4,,,Knowledge & Culture,Imperial / Urban,Politics & Patronage; Religion; Culture & Education,Medium,Medium,v5
GENS-HIST-0201,121,125,AD 121–125,High Principate,Hadrian's first great provincial tour,Imperial Visit / Administration,Empire-wide,"Gaul, Germania, Britain, Hispania, Africa, Greece and East",Provincial elites; army; city councils,Hadrian,"Hadrian spent years traveling through provinces, inspecting troops and rewarding or correcting cities and local administrations.",Emperor arrives locally; road repair; petition opportunity; troop inspection; civic benefaction contest.,Patronage; infrastructure; military discipline; local prestige,4,range,research_addition,https://www.livius.org/articles/person/hadrian/,,,Politics & Government,Imperial,Politics & Patronage; Military & Security; Travel & Trade Routes,High,Medium,v4
GENS-HIST-0202,122,122,c. AD 122,High Principate,Hadrian's Wall construction begins,Infrastructure / Frontier,British / Caledonian,Northern Britain,Rome; frontier communities,Hadrian,A permanent frontier wall and fort system was begun across northern Britain.,Fort construction; requisition; customs; settlement growth.,Security; trade; labor,4,approximate,repo_authored,https://github.com/rdnovotni/gens/blob/main/docs/design/gens-events-historical-timeline-content.md,https://82nd-and-fifth.metmuseum.org/toah/ht/05/euw.html,,Infrastructure & Settlement,Regional,Economy & Finance; Military & Security; Settlement & Demographics; Construction & Estates,High,Medium,repo
GENS-HIST-0203,125,130,c. AD 125–130,High Principate,Hadrian tightens prohibition on castration,Law / Bodily Integrity,Roman,Empire-wide,Slave traders; physicians; household owners,Hadrian,Hadrianic legislation treated castration of free or enslaved persons as a serious offense and imposed severe penalties on those performing or arranging it.,Illegal operation discovered; household member petitions governor; physician prosecuted; slave trader investigated.,Slavery; medicine; courts; household law,5,approximate_range,research_addition,https://www.cambridge.org/core/journals/israel-law-review/article/abs/ban-on-circumcision-as-a-cause-of-bar-kokhbas-rebellion/D2172E8DFDD61DC8AD9E16CC5AE8EE4A,,,Law & Legal Status,Imperial,Politics & Patronage; Economy & Finance; Legal & Court,Critical,Medium,v5
GENS-HIST-0204,128,128,AD 128,High Principate,Hadrian inspects Legio III Augusta at Lambaesis,Imperial Visit / Military Administration,North African / Roman,"Lambaesis, Numidia",Legio III Augusta; North African provincial communities,Hadrian,"Hadrian personally inspected and addressed troops at Lambaesis, leaving unusually detailed evidence for Roman military training and imperial oversight.",Emperor visits region; military parade; suppliers face demand surge; officers compete for praise.,Military prestige; trade; patronage; local economy,4,exact,research_addition,https://www.cambridge.org/core/books/abs/cambridge-ancient-history/africa/8F85DB3171C690919E6377676E7BBEBC,,,Politics & Government,Regional,Politics & Patronage; Economy & Finance; Military & Security,High,High,v5
GENS-HIST-0205,129,130,c. AD 129–130,High Principate,Hadrian visits Palmyra; city gains Hadrianic honorific,Imperial Visit / Urban,Syrian / Palmyrene,Palmyra,Roman administration; Palmyrene elites,Hadrian,Hadrian's visit coincided with new civic honorifics for Palmyra.,Imperial visit; elite patronage; caravan-city prestige.,Commerce; prestige; taxation,2,approximate,research_addition,https://resources.metmuseum.org/resources/metpublications/pdf/The_World_between_Empires_Art_and_Identity_in_the_Ancient_Middle_East.pdf,,,Infrastructure & Settlement,Regional,Politics & Patronage; Economy & Finance; Settlement & Demographics; Travel & Trade Routes,Flavor,Medium,v1
GENS-HIST-0206,130,130,AD 130,High Principate,Antinous dies in Egypt; imperial cult of Antinous spreads,Religion / Imperial Cult,Egyptian / Greek / Roman,Nile and eastern Mediterranean,Imperial court; Greek cities; cult communities,Hadrian; Antinous,"After Antinous died in the Nile, Hadrian sponsored his commemoration and a new cult that spread widely across the Greek East.",New cult adoption; statue commission; festival foundation; elite competition for imperial favor.,Piety; culture; prestige; artisan demand,4,exact,research_addition,https://academic.oup.com/edited-volume/61673/chapter-abstract/548062119,,,Religion & Culture,Regional,Religion; Culture & Education,High,High,v3
GENS-HIST-0207,130,130,c. AD 130,High Principate,Jerusalem refounded as Aelia Capitolina,Urban / Religious Policy,Judaean,Jerusalem,Roman authorities; Judaean population,Hadrian,Roman refoundation plans and pagan civic transformation intensified Judaean tensions.,Land/title changes; religious conflict; colonist arrival.,Piety; property; unrest,4,approximate,research_addition,https://resources.metmuseum.org/resources/metpublications/pdf/The_World_between_Empires_Art_and_Identity_in_the_Ancient_Middle_East.pdf,,,Infrastructure & Settlement,Regional,Legal & Court; Religion; Settlement & Demographics; Construction & Estates,High,Medium,v1
GENS-HIST-0208,130,132,c. AD 130–132,High Principate,Antinoopolis founded in Egypt,Settlement / Imperial Foundation,Egyptian / Greek,"Antinoopolis, Middle Egypt",Imperial administration; Greek settlers; local Egyptian communities,Hadrian; Antinous,"Hadrian founded Antinoopolis near the place associated with Antinous's death, granting it Greek civic institutions and privileges.",New-city migration; land allotment; privileged civic status; trade-route development.,Migration; property; citizenship; commerce,3,approximate_range,research_addition,https://academic.oup.com/edited-volume/61673/chapter-abstract/548062119,,,Infrastructure & Settlement,Regional,Economy & Finance; Legal & Court; Settlement & Demographics; Travel & Trade Routes; Construction & Estates,Medium,High,v3
GENS-HIST-0209,131,131,c. AD 131,High Principate,Hadrianic Edictum Perpetuum systematizes praetorian law,Law / Legal Codification,Roman,Empire-wide,Praetors; jurists; litigants,Hadrian; Salvius Julianus,"Hadrian ordered the praetorian edict revised into a standardized form associated with the jurist Salvius Julianus, reducing annual discretionary alteration.",Court rules stabilize; advocate updates legal handbook; old procedural tactic disappears.,Courts; contracts; property; legal predictability,5,approximate,research_addition,https://www.cambridge.org/core/books/abs/cambridge-ancient-history/hadrian/01D83D429880146324979553AA40F2CF,,,Law & Legal Status,Imperial,Politics & Patronage; Legal & Court; Construction & Estates,Critical,Medium,v4
GENS-HIST-0210,131,132,AD 131–132,High Principate,Hadrian creates the Panhellenion,Political / Cultural Institution,Hellenic,Athens and Greek cities,Greek civic elites; Roman imperial government,Hadrian,The Panhellenion linked selected Greek cities in a new imperial-sponsored league focused on Hellenic identity and cult.,City seeks admission; ancestry claim; festival participation; Greek elite diplomacy.,Prestige; culture; piety; diplomacy,4,range,research_addition,https://resolve.cambridge.org/core/services/aop-cambridge-core/content/view/AA8F32DAEA49AEEFCB845F1A719948FC/S0075435800054769a.pdf/the-world-of-the-panhellenion-i-athens-and-eleusis.pdf,,,Politics & Government,Regional,Politics & Patronage; Religion; Culture & Education,High,High,v4
GENS-HIST-0211,131,132,AD 131–132,High Principate,Olympieion at Athens completed and dedicated,Infrastructure / Religion,Hellenic,Athens,Athenian civic authorities; imperial cult,Hadrian,"Hadrian completed the long-unfinished Temple of Olympian Zeus, pairing monumental benefaction with his Panhellenic program.",Temple dedication; artisan demand; festival; city prestige surge.,Piety; construction; prestige; commerce,3,range,research_addition,https://resolve.cambridge.org/core/services/aop-cambridge-core/content/view/AA8F32DAEA49AEEFCB845F1A719948FC/S0075435800054769a.pdf/the-world-of-the-panhellenion-i-athens-and-eleusis.pdf,,,Religion & Culture,Regional,Economy & Finance; Religion; Construction & Estates; Culture & Education,Medium,High,v4
GENS-HIST-0212,132,136,AD 132–136,High Principate,Bar Kokhba Revolt,War / Revolt,Judaean,Judaea,Rome; Jewish rebels,Simon bar Kokhba; Hadrian,A major revolt against Roman rule devastated Judaea before suppression.,Rebel allegiance; refugee crisis; confiscation; military occupation.,Population; security; property; religion,5,range,repo_authored,https://github.com/rdnovotni/gens/blob/main/docs/design/gens-events-historical-timeline-content.md,https://resources.metmuseum.org/resources/metpublications/pdf/The_World_between_Empires_Art_and_Identity_in_the_Ancient_Middle_East.pdf,,Conflict & Security,Regional,Legal & Court; Religion; Military & Security; Settlement & Demographics; Construction & Estates,Critical,High,repo
GENS-HIST-0213,135,135,AD 135,High Principate,Judaea reorganized as Syria Palaestina,Administration / Provincial,Judaean / Syrian,Judaea / Syria,Roman administration,Hadrian,"After the revolt, provincial boundaries and naming were reorganized.",New administrative identity; legal and tax updates.,Status; taxes; politics,3,exact,research_addition,https://resources.metmuseum.org/resources/metpublications/pdf/The_World_between_Empires_Art_and_Identity_in_the_Ancient_Middle_East.pdf,,,Politics & Government,Regional,Politics & Patronage; Economy & Finance; Legal & Court,Medium,High,v1
GENS-HIST-0214,137,137,AD 137,High Principate,Palmyra publishes a bilingual tax tariff,Economy / Tariff Reform,Syrian / Palmyrene,Palmyra,City council; tax contractors; merchants and service providers,,Palmyra's council revised and publicly inscribed dues on goods and taxable services in Greek and Palmyrene Aramaic to settle recurring disputes with collectors.,Merchant contests duty; tariff becomes transparent; tax farming contract; bilingual legal notice.,Taxes; trade; local law; commerce,5,exact,research_addition,https://www.cambridge.org/core/journals/journal-of-roman-studies/article/abs/tax-law-of-palmyra-evidence-for-economic-history-in-a-city-of-the-roman-east/CED2838692D345805DDC987CE74BC17A,,,Economy & Trade,Regional,Economy & Finance; Legal & Court,Critical,High,v5
GENS-HIST-0215,138,138,AD 138,High Principate,Hadrian dies; Antoninus Pius succeeds,Imperial Succession,Roman,Rome,Imperial government,Hadrian; Antoninus Pius,Antoninus Pius succeeded Hadrian.,Stable succession; patronage continuity.,Stability; offices,4,exact,repo_authored,https://github.com/rdnovotni/gens/blob/main/docs/design/gens-events-historical-timeline-content.md,,,Politics & Government,Imperial / Urban,Politics & Patronage,High,High,repo
GENS-HIST-0216,138,161,c. AD 138–161,High Principate,Antoninus Pius strengthens remedies against extreme cruelty by slaveowners,Law / Slave Protection,Roman,Empire-wide,Slaveowners; enslaved people; provincial governors,Antoninus Pius,Imperial rescripts associated with Antoninus Pius directed governors to intervene in cases of severe mistreatment and could compel excessively cruel owners to sell enslaved people seeking sanctuary.,Slave flees to temple/statue; governor investigates owner; forced sale; household reputation loss.,Slavery; courts; household discipline; property,5,approximate_range,research_addition,https://www.cambridge.org/core/journals/journal-of-roman-studies/article/abs/individuality-in-the-imperial-constitutions-hadrian-and-the-antonines/FF3BAE32E9569EB2F4BA38513C236966,,,Law & Legal Status,Imperial,Politics & Patronage; Legal & Court; Religion; Construction & Estates,Critical,High,v5
GENS-HIST-0217,140,150,mid-2nd century AD,High Principate,"Earthquakes in Lycia, Caria, Kos, and Rhodes; Antoninus Pius funds rebuilding",Natural Disaster / Earthquake,Greek East / Anatolian,"Lycia, Caria, Kos, Rhodes",Eastern provincial cities; imperial treasury,Antoninus Pius,"Mid-second-century earthquakes damaged several eastern cities, and Antoninus Pius supported reconstruction.",Regional disaster roll; tax relief; imperial benefaction; rebuilding prestige competition.,Buildings; taxes; labor; local prestige,4,approximate_range,research_addition,https://www.cambridge.org/core/books/abs/an-environmental-history-of-ancient-greece-and-rome/earthquakes-and-volcanoes/FEE10CA4A350BC1BB50138AFE62726A9,,"Ancient evidence supports the cluster and imperial aid, but exact dating varies by locality.",Disaster & Public Health,Regional,Economy & Finance; Construction & Estates; Culture & Education,High,Medium,v2
GENS-HIST-0218,142,142,c. AD 142,High Principate,Antonine Wall constructed,Infrastructure / Frontier,Caledonian,Scotland,Rome; Caledonian peoples,Antoninus Pius,Rome pushed the northern British frontier to the Forth-Clyde line.,Fort building; temporary expansion; customs and garrisons.,Security; trade; labor,3,approximate,repo_authored,https://github.com/rdnovotni/gens/blob/main/docs/design/gens-events-historical-timeline-content.md,,,Infrastructure & Settlement,Local / Regional,Economy & Finance; Military & Security; Construction & Estates,Medium,Medium,repo
GENS-HIST-0219,148,148,AD 148,High Principate,Rome's 900th anniversary celebrations,Festival / Civic,Roman,Rome,Roman state; urban populace,Antoninus Pius,Games and celebrations marked the traditional 900th anniversary of Rome's foundation.,Festival spending; civic pride; public games.,Commerce; mood; prestige,2,exact,research_addition,https://82nd-and-fifth.metmuseum.org/toah/ht/05/eust.html,,,Religion & Culture,Imperial / Urban,Economy & Finance; Culture & Education,Flavor,High,v1
GENS-HIST-0220,150,150,c. AD 150,High Principate,Ptolemy composes major astronomical works at Alexandria,Science / Knowledge,Egyptian / Hellenic,Alexandria,Scholars; navigators; astrologers,Claudius Ptolemy,"Ptolemy's astronomical synthesis, later known as the Almagest, organized mathematical models that shaped astronomy for centuries.",Scholar visit; astronomical table purchase; navigation/astrology prestige; educated heir studies mathematics.,Education; navigation; culture; prestige,3,approximate,research_addition,https://www.cambridge.org/core/books/abs/cambridge-history-of-science/ptolemy/29B53756B4B225038FF27B35330934F0,,,Knowledge & Culture,Regional,Religion; Culture & Education,Medium,Medium,v4
GENS-HIST-0221,155,156,c. AD 155–156,High Principate,Martyrdom of Polycarp of Smyrna,Religion / Martyrdom,Anatolian / Early Christian,Smyrna,Local Christian community; Roman civic authorities,Polycarp,The aged bishop Polycarp was executed at Smyrna; the surviving martyr narrative became highly influential in Christian memory.,Local arrest; renunciation demand; hidden congregation; martyr cult memory.,Piety; legal risk; community cohesion,3,approximate_range,research_addition,https://sourcebooks.web.fordham.edu/basis/martyrdom-polycarp.asp,,,Religion & Culture,Regional,Legal & Court; Religion; Culture & Education,Medium,Medium,v4
GENS-HIST-0222,160,162,c. AD 160–162,High Principate,Gaius writes the Institutes,Law / Legal Education,Roman,Roman legal schools and elite households,Jurists; students; advocates,Gaius,"Gaius's Institutes offered a systematic introduction to persons, things, obligations, and actions and preserves crucial evidence for classical Roman private law.",Heir studies law; advocate improves case; household obtains legal manual; status rules clarified.,Education; courts; contracts; inheritance,4,approximate_range,research_addition,https://www.cambridge.org/core/books/abs/roman-law-in-context/sources-and-methodology/E61079988ED80B8022D7D0CA68B435BC,,,Law & Legal Status,Regional,Politics & Patronage; Legal & Court; Culture & Education,High,High,v5
GENS-HIST-0223,161,161,AD 161,High Principate,Marcus Aurelius and Lucius Verus become co-emperors,Imperial Succession,Roman,Rome,Imperial government,Antoninus Pius; Marcus Aurelius; Lucius Verus,The empire entered a formal co-emperorship after Antoninus Pius's death.,Dual-court patronage; succession stability.,Offices; politics,4,exact,repo_authored,https://github.com/rdnovotni/gens/blob/main/docs/design/gens-events-historical-timeline-content.md,,,Politics & Government,Imperial / Urban,Politics & Patronage; Legal & Court,High,High,repo
GENS-HIST-0224,161,166,AD 161–166,High Principate,Roman–Parthian War of Lucius Verus,War,Parthian / Armenian,Armenia and Mesopotamia,Rome; Parthia,Lucius Verus; Vologases IV,"Roman armies fought successfully in Armenia and Mesopotamia, sacking Ctesiphon and Seleucia.",War demand; eastern trade shock; returning troops and disease risk.,Security; trade; military contracts,5,range,repo_authored,https://github.com/rdnovotni/gens/blob/main/docs/design/gens-events-historical-timeline-content.md,https://resources.metmuseum.org/resources/metpublications/pdf/The_World_between_Empires_Art_and_Identity_in_the_Ancient_Middle_East.pdf,,Conflict & Security,Regional,Economy & Finance; Military & Security; Disease & Public Health,Critical,High,repo
GENS-HIST-0225,165,165,c. AD 165,High Principate,Dura-Europos becomes Roman military outpost,Military / Frontier,Syrian / Mesopotamian,Dura-Europos,Rome; local communities,,Dura-Europos became an important Roman frontier outpost.,Garrison economy; military supply; cultural mixing.,Trade; security; lodging,3,approximate,research_addition,https://resources.metmuseum.org/resources/metpublications/pdf/The_World_between_Empires_Art_and_Identity_in_the_Ancient_Middle_East.pdf,,,Military Administration,Regional,Economy & Finance; Religion; Military & Security,Medium,Medium,v1
GENS-HIST-0226,165,180,AD 165–180,High Principate,Antonine Plague,Epidemic,Empire-wide,Empire-wide,Roman population,Galen,"A prolonged epidemic struck much of the empire, associated with returning eastern armies.",Mortality; labor shortage; inheritance; religious responses.,Health; population; wages; taxes,5,range,repo_authored,https://github.com/rdnovotni/gens/blob/main/docs/design/gens-events-historical-timeline-content.md,,,Disaster & Public Health,Imperial,Economy & Finance; Legal & Court; Religion; Disease & Public Health; Settlement & Demographics; Construction & Estates,Critical,High,repo
GENS-HIST-0227,166,166,c. AD 166,High Principate,Roman 'Andun' mission recorded in Han China,Diplomacy / Trade,Chinese / Roman,Han China,Roman-associated merchants/envoys; Han court,,"Chinese sources record an embassy or merchant mission associated with 'Andun,' often linked to the Roman emperor.",Rare long-distance trade news; prestige goods; Silk Road event.,Luxury trade; knowledge; diplomacy,2,approximate,repo_authored,https://github.com/rdnovotni/gens/blob/main/docs/design/gens-events-historical-timeline-content.md,,,Economy & Trade,Regional,Economy & Finance; Travel & Trade Routes; Culture & Education,Flavor,Medium,repo
GENS-HIST-0228,166,180,AD 166–180,High Principate,Marcomannic Wars,War / Frontier,Germanic / Danubian,Danube frontier,Rome; Marcomanni; Quadi; allies,Marcus Aurelius,Sustained frontier wars followed incursions across the Danube.,Levy pressure; refugee settlement; frontier destruction.,Security; manpower; taxation,5,range,repo_authored,https://github.com/rdnovotni/gens/blob/main/docs/design/gens-events-historical-timeline-content.md,https://82nd-and-fifth.metmuseum.org/toah/ht/05/euw.html,,Conflict & Security,Local / Regional,Economy & Finance; Military & Security; Settlement & Demographics,Critical,High,repo
GENS-HIST-0229,167,170,c. AD 167–170,High Principate,Marcomanni and allies breach the Alpine frontier and threaten Aquileia,War / Invasion,Germanic / Italian,Northeastern Italy,Marcomanni; Quadi and allies; Roman Italy,Marcus Aurelius,"Germanic forces penetrated into northern Italy, destroying Opitergium and threatening the major city of Aquileia.",Frontier panic; evacuation; requisition; local militia; refugee influx.,Security; property; food prices; population,5,approximate_range,research_addition,https://archeoveneto.beniculturali.unipd.it/en/history/roman-imperial-age/,,,Conflict & Security,Regional,Economy & Finance; Legal & Court; Military & Security; Settlement & Demographics; Construction & Estates,Critical,High,v3
GENS-HIST-0230,169,169,AD 169,High Principate,Lucius Verus dies,Imperial Succession,Roman,Northern Italy,Imperial government,Lucius Verus; Marcus Aurelius,"Lucius Verus died, leaving Marcus Aurelius as sole emperor.",Court contraction; mourning; succession concern.,Political stability,3,exact,research_addition,https://82nd-and-fifth.metmuseum.org/toah/ht/05/eust.html,,,Politics & Government,Regional,Politics & Patronage; Economy & Finance; Legal & Court,Medium,High,v1
GENS-HIST-0231,169,170,c. AD 169–170,High Principate,Galen enters sustained service near the imperial court,Medicine / Knowledge,Roman / Greek,Rome and imperial military court,Physicians; elite households; army,Galen; Marcus Aurelius; Commodus,"The physician Galen became closely associated with the imperial household and produced influential medical works drawing on anatomy, pharmacology, and clinical practice.",Hire fashionable physician; medical manuscript; diagnosis prestige; court-health consultation.,Health; education; prestige; household medicine,3,approximate_range,research_addition,https://www.metmuseum.org/essays/medicine-in-classical-antiquity,,,Knowledge & Culture,Imperial / Urban,Politics & Patronage; Legal & Court; Disease & Public Health; Culture & Education,Medium,Medium,v4
GENS-HIST-0232,170,180,c. AD 170–180,High Principate,Marcus Aurelius composes the Meditations during campaigns,Philosophy / Literature,Roman / Hellenic,Danube frontier and imperial court,Educated elites; Stoic circles,Marcus Aurelius,"Marcus's private philosophical notes, later known as the Meditations, were written during the later years of his reign and campaigns and became a singular record of imperial Stoic self-discipline.",Stoic text circulates later; educated heir imitates self-journal; court philosophy prestige.,Education; culture; character development; prestige,3,approximate_range,research_addition,https://www.cambridge.org/core/journals/journal-of-roman-studies/article/abs/marcus-aurelius-in-his-meditations1/F9AB243E3C67E00845E0EF6DDFCABB09,,,Knowledge & Culture,Regional,Politics & Patronage; Legal & Court; Religion; Culture & Education,Medium,High,v5
GENS-HIST-0233,170,180,c. AD 170–180,High Principate,Pausanias writes Description of Greece,Culture / Knowledge,Hellenic,Greece,Greek intellectual networks,Pausanias,Pausanias produced a detailed geographical and cultural account of Greece.,Scholar visit; antiquarian tourism; local cult descriptions.,Knowledge; prestige; travel,2,approximate,research_addition,https://82nd-and-fifth.metmuseum.org/toah/ht/05/eusb.html,,,Religion & Culture,Local / Regional,Religion; Travel & Trade Routes; Culture & Education,Flavor,Medium,v1
GENS-HIST-0234,172,173,c. AD 172–173,High Principate,Boukoloi revolt erupts in the Nile Delta,Regional Revolt / Banditry,Egyptian,Nile Delta and approaches to Alexandria,Boukoloi pastoral communities; Roman Egypt,Avidius Cassius,A serious rural uprising in the Delta threatened Alexandria before Avidius Cassius suppressed it through military action and division of the rebels.,Estate raid; rural labor joins revolt; food shipment threatened; provincial army intervention.,Security; agriculture; grain trade; population,4,approximate_range,research_addition,https://www.livius.org/articles/person/marcus-aurelius/,,Livius dates the Egyptian revolt to 173; ancient descriptions may exaggerate ethnographic details.,Conflict & Security,Regional,Economy & Finance; Religion; Military & Security; Settlement & Demographics; Construction & Estates; Culture & Education,High,Medium,v4
GENS-HIST-0235,175,175,AD 175,High Principate,Revolt of Avidius Cassius,Usurpation / Civil War,Roman / Eastern,Syria and Egypt,Avidius Cassius faction; Marcus Aurelius loyalists,Avidius Cassius; Marcus Aurelius,Cassius was proclaimed emperor after false reports of Marcus Aurelius's death; the revolt collapsed quickly.,Allegiance choice; amnesty vs purge; eastern uncertainty.,Political safety; trade; taxes,4,exact,repo_authored,https://github.com/rdnovotni/gens/blob/main/docs/design/gens-events-historical-timeline-content.md,,,Conflict & Security,Regional,Politics & Patronage; Economy & Finance; Military & Security,High,High,repo
GENS-HIST-0236,177,177,AD 177,High Principate,Commodus elevated as co-emperor,Imperial Succession / Co-rule,Roman,Rome and Danube front,Imperial household; Senate; army,Marcus Aurelius; Commodus,"Marcus Aurelius raised his son Commodus to full Augustus, making the dynastic succession explicit before Marcus's death.",Heir oath; new coinage/title; patronage split; dynasty confidence.,Politics; dynasty; patronage; stability,4,exact,research_addition,https://www.livius.org/articles/misc/list-of-roman-emperors/list-of-roman-emperors-2,,,Politics & Government,Imperial / Urban,Politics & Patronage; Economy & Finance,High,High,v4
GENS-HIST-0237,177,177,AD 177,High Principate,Persecution and martyrdoms at Lyon and Vienne,Religion / Persecution,Gallic / Early Christian,Lugdunum and Vienna,Local authorities; urban crowds; Christian communities,Blandina; Pothinus,"Christian communities at Lyon and Vienne suffered arrests, public hostility, imprisonment, and executions.",Religious denunciation; household slaves questioned; apostasy/confession decisions; crowd hostility.,Piety; legal safety; social standing; household cohesion,4,exact,research_addition,https://sourcebooks.web.fordham.edu/source/177-lyonsmartyrs.asp,,,Religion & Culture,Regional,Legal & Court; Religion,High,High,v2
GENS-HIST-0238,178,178,AD 178,High Principate,Earthquake devastates Smyrna; Marcus Aurelius supports reconstruction,Natural Disaster / Earthquake,Anatolian / Hellenic,Smyrna,Urban population; civic elite; imperial treasury,Marcus Aurelius; Aelius Aristides,"A severe earthquake destroyed much of Smyrna, prompting appeals and imperial assistance for rebuilding.",House destroyed; benefactor petitions emperor; civic rebuilding; tax relief and construction demand.,Property; construction; local prestige; treasury,5,exact,research_addition,https://www.perseus.tufts.edu/hopper/text?doc=Perseus%3Atext%3A1999.04.0006%3Aentry%3Dsmyrna,,,Disaster & Public Health,Regional,Economy & Finance; Legal & Court; Construction & Estates; Culture & Education,Critical,High,v5
GENS-HIST-0239,180,180,AD 180,High Principate,Marcus Aurelius dies; Commodus succeeds,Imperial Succession,Roman,Vindobona / Rome,Imperial government,Marcus Aurelius; Commodus,Commodus became sole emperor after Marcus Aurelius's death.,Dynastic transition; court policy shift.,Stability; patronage,5,exact,repo_authored,https://github.com/rdnovotni/gens/blob/main/docs/design/gens-events-historical-timeline-content.md,,,Politics & Government,Imperial / Urban,Politics & Patronage; Legal & Court,Critical,High,repo
GENS-HIST-0240,180,192,AD 180–192,High Principate,Commodus's increasingly personal and gladiatorial court culture,Court Culture / Politics,Roman,Rome,Imperial court; urban populace,Commodus,Commodus emphasized personal spectacle and famously appeared in arena performances.,Imperial spectacle; elite discomfort; games economy; propaganda.,Public mood; commerce; political risk,3,range,repo_authored,https://github.com/rdnovotni/gens/blob/main/docs/design/gens-events-historical-timeline-content.md,,,Politics & Government,Imperial / Urban,Politics & Patronage; Economy & Finance; Legal & Court; Religion; Culture & Education,Medium,High,repo
GENS-HIST-0241,182,182,AD 182,High Principate,Lucilla conspiracy against Commodus fails,Political Conspiracy / Dynastic Purge,Roman,Rome,Imperial family; senatorial conspirators,Lucilla; Commodus; Quadratus,"A conspiracy involving Commodus's sister Lucilla failed, prompting executions, exile, and a harsher political climate.",Patron conspiracy uncovered; exile; confiscation; denunciations.,Politics; patronage; property; legal danger,5,exact,research_addition,https://www.livius.org/sources/content/herodian-s-roman-history/herodian-1.8/,,,Politics & Government,Imperial / Urban,Politics & Patronage; Legal & Court; Construction & Estates,Critical,High,v4
GENS-HIST-0242,185,185,AD 185,High Principate,Praetorian prefect Perennis falls and is executed,Political Purge / Military Politics,Roman,Rome,Praetorian Guard; British army delegation; imperial court,Perennis; Commodus,"The powerful prefect Perennis was accused of plotting for power and killed, shifting influence toward the freedman Cleander.",Court patron falls; office reshuffle; military delegation gains influence; confiscation.,Patronage; politics; military loyalty,4,exact,research_addition,https://www.livius.org/sources/content/herodian-s-roman-history/herodian-1.9/,,,Politics & Government,Imperial / Urban,Politics & Patronage; Legal & Court; Military & Security,High,High,v4
GENS-HIST-0243,186,186,AD 186,High Principate,British troops mutiny; Pertinax restores order,Military Mutiny,British / Roman,Britannia,Roman legions in Britain; imperial administration,Pertinax; Commodus,Roman troops in Britain mutinied during Commodus's reign; Pertinax was sent to restore discipline.,Garrison mutiny; officer loyalty test; local requisitions; household evacuation near fort.,Security; military discipline; trade,4,exact,research_addition,https://www.livius.org/articles/person/commodus/,,,Conflict & Security,Regional,Politics & Patronage; Economy & Finance; Military & Security,High,High,v4
GENS-HIST-0244,187,187,AD 187,High Principate,Maternus's deserter-bandit uprising spreads through Gaul and Spain,Banditry / Revolt,Gallic / Iberian,Gaul and Hispania,Army deserters; prisoners; provincial communities,Maternus,"A large armed band led by the deserter Maternus raided farms and cities, freed prisoners, and was treated as a major security threat.",Road attack; prison break; estate raid; governor raises emergency forces.,Travel risk; security; property; labor,4,exact,research_addition,https://www.livius.org/sources/content/herodian-s-roman-history/herodian-1.10/,,,Conflict & Security,Regional,Legal & Court; Military & Security; Travel & Trade Routes; Construction & Estates,High,High,v4
GENS-HIST-0245,190,190,c. AD 190,High Principate,Cleander grain crisis and urban riot,Economy / Grain Crisis,Roman,Rome,Urban populace; imperial court; grain dealers,Cleander; Commodus,"Herodian describes a grain shortage manipulated or worsened for political purposes, culminating in a mass demonstration and the execution of Commodus's powerful favorite Cleander.",Hoarding accusation; bread riot; court favorite falls; grain release.,Food prices; public order; patronage; market confidence,5,approximate,research_addition,https://www.livius.org/sources/content/herodian-s-roman-history/herodian-1.12/,,,Economy & Trade,Imperial / Urban,Politics & Patronage; Economy & Finance; Legal & Court,Critical,High,v3
GENS-HIST-0246,190,190,AD 190,High Principate,Commodus debases the denarius,Economy / Coinage Debasement,Roman,Empire-wide,Imperial mints; merchants; soldiers,Commodus,"Late in Commodus's reign the silver content/weight standard of the denarius was reduced, contributing to longer-term monetary instability.",Merchants reprice goods; old coins hoarded; wage dispute; treasury gains seigniorage.,Currency; prices; wages; savings,4,exact,research_addition,https://www.livius.org/articles/person/commodus/,,,Economy & Trade,Imperial,Economy & Finance,High,High,v4
GENS-HIST-0247,191,191,AD 191,High Principate,Great fire destroys the Temple of Peace and parts of central Rome,Natural Disaster / Urban Fire,Roman,Rome,Urban population; temples; state archives; merchants,Commodus,"A major fire destroyed the Temple of Peace and spread through central Rome, consuming stored valuables and important buildings.",Archive loss; property claim without documents; temple treasure loss; rebuilding contracts.,Property; records; commerce; construction; piety,5,exact,research_addition,https://www.livius.org/sources/content/herodian-s-roman-history/herodian-1.14/,https://penelope.uchicago.edu/Thayer/E/Journals/CJ/27/4/Conflagrations%2A.html,,Disaster & Public Health,Imperial / Urban,Economy & Finance; Legal & Court; Religion; Settlement & Demographics; Construction & Estates,Critical,High,v3
GENS-HIST-0248,192,192,AD 192,High Principate,Commodus assassinated,Imperial Succession / Assassination,Roman,Rome,Imperial household; conspirators,Commodus; Pertinax,"Commodus was assassinated, ending the Nerva–Antonine dynasty.",Succession crisis; patron collapse; guard politics.,Stability; property; politics,5,exact,repo_authored,https://github.com/rdnovotni/gens/blob/main/docs/design/gens-events-historical-timeline-content.md,,,Politics & Government,Imperial / Urban,Politics & Patronage; Legal & Court; Construction & Estates,Critical,High,repo
GENS-HIST-0249,193,193,28 March AD 193,Severan,Pertinax murdered by Praetorian Guardsmen,Military Coup / Imperial Assassination,Roman,Rome,Praetorian Guard; Senate; urban populace,Pertinax,"After less than three months as emperor, Pertinax was killed by mutinous Praetorians resisting his attempts at discipline.",Emperor killed inside capital; patronage freeze; Guard violence; succession panic.,Politics; security; patronage; public order,5,exact,research_addition,https://www.livius.org/sources/content/herodian-s-roman-history/herodian-2.5/,,,Conflict & Security,Imperial / Urban,Politics & Patronage; Military & Security,Critical,High,v4
GENS-HIST-0250,193,193,30 March AD 193,Severan,Praetorians auction the imperial throne to Didius Julianus,Imperial Succession / Military Corruption,Roman,Rome,Praetorian Guard; Senate; rival bidders,Didius Julianus; Sulpicianus,Praetorians publicly solicited competing donatives and backed Didius Julianus after he promised the larger payment.,Donative burden; legitimacy collapse; riots; household chooses whether to recognize regime.,Politics; treasury; public order; military loyalty,5,exact,research_addition,https://www.livius.org/sources/content/herodian-s-roman-history/herodian-2.6/,,,Politics & Government,Imperial / Urban,Politics & Patronage; Economy & Finance; Military & Security,Critical,High,v4
GENS-HIST-0251,193,193,June AD 193,Severan,Septimius Severus enters Rome and dismisses the old Praetorian Guard,Military Reform / Regime Change,Roman,Rome,Danubian army; Praetorian Guard; Senate,Septimius Severus; Didius Julianus,"Severus entered Rome after Julianus's fall, disarmed the Praetorians who had killed Pertinax, expelled them, and rebuilt the Guard from his own forces.",Guard households expelled; new soldiers arrive; barracks suppliers change; political purge.,Security; employment; property; politics,5,exact,research_addition,https://www.livius.org/sources/content/herodian-s-roman-history/herodian-2.13/,,,Politics & Government,Imperial / Urban,Politics & Patronage; Legal & Court; Military & Security; Construction & Estates,Critical,High,v4
GENS-HIST-0252,193,193,AD 193,Severan,Year of the Five Emperors,Civil War / Succession,Roman,Empire-wide,Pertinax; Didius Julianus; Severus; Niger; Albinus factions,Septimius Severus; Pertinax; Didius Julianus; Pescennius Niger; Clodius Albinus,Five men held or claimed imperial power amid civil war; Septimius Severus ultimately prevailed.,Allegiance chains; Praetorian sale scandal; requisitions.,Security; patronage; taxes,5,exact,repo_authored,https://github.com/rdnovotni/gens/blob/main/docs/design/gens-events-historical-timeline-content.md,https://82nd-and-fifth.metmuseum.org/toah/ht/05/afw.html,,Conflict & Security,Imperial,Politics & Patronage; Economy & Finance; Military & Security,Critical,High,repo
GENS-HIST-0253,193,194,AD 193–194,Severan,Pescennius Niger controls the eastern provinces as rival emperor,Civil War / Usurpation,Roman / Syrian,"Syria, Egypt and eastern provinces",Niger faction; Severan faction,Pescennius Niger; Septimius Severus,Eastern armies and communities recognized Pescennius Niger during the contest for the empire before Severus defeated him.,Regional emperor loyalty; tax remittance split; grain/shipping uncertainty; patron purge after defeat.,Politics; taxes; trade; security,5,range,research_addition,https://www.livius.org/articles/person/septimius-severus/,,,Conflict & Security,Regional,Politics & Patronage; Economy & Finance; Military & Security; Travel & Trade Routes,Critical,High,v4
GENS-HIST-0254,193,196,AD 193–196,Severan,Byzantium endures prolonged Severan siege,Civil War / Siege,Greek East / Roman,Byzantium,Niger loyalists; Severan forces; urban population,Septimius Severus,"Byzantium resisted Severus for years after Niger's cause collapsed, suffering siege and eventual punishment.",Food shortage; defensive works; property destruction; post-siege status loss.,Food; security; property; urban status,5,range,research_addition,https://www.livius.org/articles/person/septimius-severus/,,,Conflict & Security,Regional,Economy & Finance; Legal & Court; Military & Security; Settlement & Demographics; Construction & Estates,Critical,High,v4
GENS-HIST-0255,193,211,c. AD 193–211,Severan,Septimius Severus adds oil distributions to Rome's annona,Economy / Annona Expansion,Roman,Rome,Urban beneficiaries; oil merchants; annona administration,Septimius Severus,"Under Severus, public food distributions in Rome expanded beyond grain to include oil, increasing state involvement in household consumption.",Household gains oil ration; oil trader enters state contract; distribution queue; annona corruption.,Food expenses; trade; state finance; urban politics,4,approximate_range,research_addition,https://www.cambridge.org/core/journals/harvard-theological-review/article/abs/foreign-groups-in-rome-during-the-first-centuries-of-the-empire/4F646AA56AB50983315DAF571EEC9972,,,Economy & Trade,Imperial / Urban,Politics & Patronage; Economy & Finance; Settlement & Demographics,High,High,v5
GENS-HIST-0256,194,194,AD 194,Severan,Battle of Issus defeats Pescennius Niger,Civil War / Battle,Roman / Syrian,Issus,Severan; Niger factions,Septimius Severus; Pescennius Niger,"Severus defeated his eastern rival Niger, consolidating the East.",Eastern purge; confiscation; patron replacement.,Political safety; property; trade,4,exact,research_addition,https://82nd-and-fifth.metmuseum.org/toah/ht/04/wae.html,,,Conflict & Security,Regional,Politics & Patronage; Economy & Finance; Legal & Court; Military & Security; Construction & Estates,High,High,v1
GENS-HIST-0257,195,195,AD 195,Severan,Septimius Severus claims adoption into Marcus Aurelius's dynasty,Dynastic Legitimacy / Political Propaganda,Roman,Empire-wide,Severan regime; Antonine memory,Septimius Severus; Marcus Aurelius; Commodus,Severus retroactively styled himself as son of the deified Marcus Aurelius and restored Commodus's memory to strengthen legitimacy.,Official genealogy changes; commemorative cult; elite must update titles and loyalties.,Dynasty; prestige; politics; religion,3,exact,research_addition,https://www.livius.org/articles/person/septimius-severus/,,,Politics & Government,Imperial,Politics & Patronage; Religion,Medium,High,v4
GENS-HIST-0258,196,197,AD 196–197,Severan,Clodius Albinus proclaimed Augustus and fights Severus,Civil War / Usurpation,Roman / Gallic / British,Gaul and Britain,Albinus faction; Severan faction,Clodius Albinus; Septimius Severus,"Former ally Clodius Albinus claimed full imperial rank, drawing western forces into a decisive civil war.",British/Gallic troops redeployed; claimant allegiance; tax demand; elite purge after defeat.,Security; politics; taxes; patronage,5,range,research_addition,https://www.livius.org/articles/person/septimius-severus/,,,Conflict & Security,Regional,Politics & Patronage; Economy & Finance; Military & Security,Critical,High,v4
GENS-HIST-0259,197,197,AD 197,Severan,Battle of Lugdunum,Civil War / Battle,Roman / Gallic,Lugdunum,Severan; Albinus factions,Septimius Severus; Clodius Albinus,Severus defeated Clodius Albinus in a huge civil-war battle.,Gallic elite purge; veteran reward; local destruction.,Security; property; political loyalty,5,exact,repo_authored,https://github.com/rdnovotni/gens/blob/main/docs/design/gens-events-historical-timeline-content.md,,,Conflict & Security,Regional,Politics & Patronage; Legal & Court; Military & Security; Construction & Estates,Critical,High,repo
GENS-HIST-0260,197,198,AD 197–198,Severan,Severus punishes defeated senatorial opposition after civil wars,Political Purge / Confiscation,Roman,Rome and provinces,Severan regime; Albinus supporters; Senate,Septimius Severus,"After defeating Albinus, Severus executed or punished prominent supporters and confiscated property from enemies.",Patron executed; estate confiscated; client seeks pardon; auction of seized land.,Property; politics; patronage; legal danger,4,range,research_addition,https://www.livius.org/articles/person/septimius-severus/,,,Politics & Government,Imperial / Urban,Politics & Patronage; Legal & Court; Settlement & Demographics; Construction & Estates,High,High,v4
GENS-HIST-0261,197,199,AD 197–199,Severan,Severan war against Parthia; Ctesiphon sacked,War / Expansion,Parthian / Mesopotamian,Mesopotamia,Rome; Parthia,Septimius Severus,Severus invaded Parthian territory and established a more durable Roman Mesopotamian frontier.,Eastern military supply; new province; trade/tax changes.,Trade; security; taxes,5,range,research_addition,https://resources.metmuseum.org/resources/metpublications/pdf/The_World_between_Empires_Art_and_Identity_in_the_Ancient_Middle_East.pdf,,,Conflict & Security,Regional,Economy & Finance; Military & Security,Critical,High,v1
GENS-HIST-0262,198,198,c. AD 198,Severan,Severan reconstruction of Leptis Magna's harbor begins,Infrastructure / Harbor,North African / Roman,Leptis Magna,Imperial builders; merchants; Tripolitanian elites,Septimius Severus,"Severus's transformation of his native city included early work on the harbor, followed by a sweeping monumental rebuilding program.",Harbor works disrupt trade short-term; construction contracts; port capacity rises; local elite patronage.,Trade; construction; property; prestige,4,approximate,research_addition,https://www.cambridge.org/core/journals/greece-and-rome/article/abs/between-history-and-myth-septimius-severus-and-leptis-magna/E8CFBE648AD86E6A781B7869E52C2868,,,Infrastructure & Settlement,Regional,Politics & Patronage; Economy & Finance; Legal & Court; Travel & Trade Routes; Construction & Estates,High,High,v5
GENS-HIST-0263,198,211,AD 198–211,Severan,Eastern cities receive colonial status under Severus,Administration / Urban,Syrian / Levantine,Tyre; Sidon; Heliopolis; Palmyra; Dura-Europos,Roman administration; local elites,Septimius Severus,Several important eastern cities received Roman colonial privileges.,Civic status upgrades; elite competition; new legal rights.,Status; taxation; trade,3,range,research_addition,https://resources.metmuseum.org/resources/metpublications/pdf/The_World_between_Empires_Art_and_Identity_in_the_Ancient_Middle_East.pdf,,,Politics & Government,Regional,Economy & Finance; Legal & Court; Settlement & Demographics,Medium,High,v1
GENS-HIST-0264,202,202,AD 202,Severan,Zarai customs tariff records North African transport duties,Economy / Customs Tariff,North African / Roman,"Zarai, Mauretania",Customs officials; caravan and livestock traders,,A dated customs list from Zarai preserves duties imposed on transported goods and provides unusually concrete evidence for taxation and commerce in Roman North Africa.,Caravan inspected; livestock/customs duty; smuggling attempt; merchant reprices route.,Taxes; trade; travel; enforcement,4,exact,research_addition,https://www.cambridge.org/core/journals/journal-of-roman-studies/article/abs/tax-law-of-palmyra-evidence-for-economic-history-in-a-city-of-the-roman-east/CED2838692D345805DDC987CE74BC17A,,The Zarai tariff is explicitly referenced in the Palmyra tariff study as a lex portus of AD 202.,Economy & Trade,Regional,Economy & Finance; Travel & Trade Routes,High,High,v5
GENS-HIST-0265,202,203,c. AD 202–203,Severan,Severan tetrapylon arch erected at Leptis Magna,Infrastructure / Imperial Monument,North African / Roman,Leptis Magna,Imperial household; local population,Septimius Severus; Caracalla; Geta,The monumental four-way arch at Leptis Magna was erected around the imperial family's African visit and visually monumentalized Severan dynastic power.,Imperial visit festival; artisan commissions; route changes; dynasty imagery.,Prestige; construction; commerce; politics,3,approximate_range,research_addition,https://www.cambridge.org/core/journals/greece-and-rome/article/abs/between-history-and-myth-septimius-severus-and-leptis-magna/E8CFBE648AD86E6A781B7869E52C2868,,,Infrastructure & Settlement,Regional,Politics & Patronage; Economy & Finance; Travel & Trade Routes; Construction & Estates; Culture & Education,Medium,High,v5
GENS-HIST-0266,202,205,AD 202–205,Severan,Forum Novum Severianum completed at Leptis Magna,Infrastructure / Civic Complex,North African / Roman,Leptis Magna,Imperial builders; local civic elite; merchants,Septimius Severus; Caracalla,A vast new Severan forum reshaped the civic center of Leptis Magna during the imperial family's monumental patronage program.,New shops and legal venues; construction demand; property values shift; elite dedication opportunity.,Commerce; construction; courts; prestige,4,range,research_addition,https://www.cambridge.org/core/journals/greece-and-rome/article/abs/between-history-and-myth-septimius-severus-and-leptis-magna/E8CFBE648AD86E6A781B7869E52C2868,,,Infrastructure & Settlement,Regional,Politics & Patronage; Economy & Finance; Legal & Court; Travel & Trade Routes; Construction & Estates,High,High,v5
GENS-HIST-0267,203,203,AD 203,Severan,Arch of Septimius Severus dedicated in Rome,Infrastructure / Imperial Monument,Roman,Roman Forum,Imperial regime; Roman populace,Septimius Severus; Caracalla; Geta,The triumphal arch celebrated Severan victories in the East and projected dynastic legitimacy in the Roman Forum.,Dedication festival; monument contract; later inscription alteration after Geta's death.,Prestige; construction; politics; public memory,3,exact,research_addition,https://82nd-and-fifth.metmuseum.org/toah/ht/05/eust.html,,,Infrastructure & Settlement,Regional,Politics & Patronage; Construction & Estates; Culture & Education,Medium,High,v4
GENS-HIST-0268,203,203,7 March AD 203,Severan,"Perpetua, Felicity and companions executed at Carthage",Religion / Martyrdom,North African / Early Christian,Carthage,Christian catechumens; provincial authorities; arena spectators,Perpetua; Felicity,"A group of Christians, including Perpetua and Felicity, were executed in the Carthaginian arena; the surviving Passion became an unusually vivid early Christian text.",Imprisoned household member; baptism under arrest; arena sentence; family pressure to recant.,Piety; legal risk; family relations; public spectacle,4,exact,research_addition,https://sourcebooks.web.fordham.edu/source/perpetua.asp,,,Religion & Culture,Regional,Legal & Court; Religion; Culture & Education,High,High,v4
GENS-HIST-0269,204,204,AD 204,Severan,Septimius Severus celebrates the Secular Games,Religion / Festival,Roman,Rome,Roman state cult; urban populace,Septimius Severus; Caracalla; Geta,"The Severan dynasty staged elaborate Secular Games, one of the best-documented celebrations of the festival.",Festival contracts; sacrifice; games; dynasty propaganda; tourist surge.,Commerce; piety; public mood; prestige,3,exact,research_addition,https://en.wikisource.org/wiki/1911_Encyclop%C3%A6dia_Britannica/Secular_Games,,,Religion & Culture,Imperial / Urban,Economy & Finance; Religion; Culture & Education,Medium,High,v3
GENS-HIST-0270,205,205,22 January AD 205,Severan,Fall and killing of Praetorian prefect Plautianus,Political Purge / Court Crisis,Roman,Rome,Imperial court; Praetorian Guard; Plautianus network,Gaius Fulvius Plautianus; Septimius Severus; Caracalla,The immensely powerful Praetorian prefect Plautianus was accused of plotting against the imperial family and killed in the palace.,Patron suddenly disgraced; client-list purge; confiscations; marriage alliance collapses.,Patronage; property; court safety; offices,4,exact,research_addition,https://www.livius.org/articles/person/plautianus/plautianus-2/,,,Conflict & Security,Imperial / Urban,Politics & Patronage; Legal & Court; Construction & Estates,High,High,v3
GENS-HIST-0271,205,207,c. AD 205–207,Severan,Bulla Felix's bandit confederation operates across Italy,Banditry / Public Order,Italian,Italian roads and estates,Bandits; runaway slaves; imperial police and soldiers,Bulla Felix,"Cassius Dio's famous account describes a large, elusive bandit group operating for roughly two years under the leader Bulla Felix.",Road ambush; ransom; escaped slave joins bandits; informant network; military manhunt.,Travel risk; security; slavery; trade,4,approximate_range,research_addition,https://en.wikipedia.org/wiki/Bulla_Felix,,Dio is the sole narrative source and modern scholarship debates how literally the romanticized Bulla story should be read.,Conflict & Security,Regional,Economy & Finance; Military & Security; Travel & Trade Routes,High,Medium,v3
GENS-HIST-0272,208,211,AD 208–211,Severan,Septimius Severus campaigns in Caledonia,War / Frontier,Caledonian,Northern Britain,Rome; Caledonian peoples,Septimius Severus; Caracalla; Geta,The emperor personally campaigned in northern Britain.,Massive supply demand; army presence; local devastation.,Security; food prices; military contracts,4,range,repo_authored,https://github.com/rdnovotni/gens/blob/main/docs/design/gens-events-historical-timeline-content.md,,,Conflict & Security,Local / Regional,Economy & Finance; Military & Security,High,High,repo
GENS-HIST-0273,210,210,AD 210,Severan,Great Nymphaeum completed at Leptis Magna,Infrastructure / Water,North African / Roman,Leptis Magna,Urban population; imperial builders,Septimius Severus; Caracalla,A major monumental fountain formed part of the Severan remaking of the city's water and ceremonial landscape.,Improved public water; fountain maintenance; district prestige; construction employment.,Water; health; property; prestige,3,exact,research_addition,https://www.cambridge.org/core/journals/greece-and-rome/article/abs/between-history-and-myth-septimius-severus-and-leptis-magna/E8CFBE648AD86E6A781B7869E52C2868,,,Infrastructure & Settlement,Regional,Legal & Court; Disease & Public Health; Construction & Estates,Medium,High,v5
GENS-HIST-0274,211,211,AD 211,Severan,Septimius Severus dies; Caracalla and Geta co-rule,Imperial Succession,Roman,Eboracum (York),Severan dynasty,Septimius Severus; Caracalla; Geta,Severus died in Britain and his sons inherited jointly.,Dual-court allegiance; succession anxiety.,Political safety; patronage,5,exact,repo_authored,https://github.com/rdnovotni/gens/blob/main/docs/design/gens-events-historical-timeline-content.md,,,Politics & Government,Regional,Politics & Patronage; Legal & Court,Critical,High,repo
GENS-HIST-0275,211,229,c. AD 211–229,Severan,Cassius Dio completes most of the Roman History,Literature / History,Roman / Bithynian,Rome and Bithynia,Senatorial and educated elite,Cassius Dio,The senator Cassius Dio spent years composing a vast Greek history of Rome and appears to have completed the work through his own lifetime by retirement in 229.,Senatorial history enters library; political precedents become known; educated heir studies imperial crises.,Education; politics; World Knowledge; prestige,3,approximate_range,research_addition,https://www.cambridge.org/core/journals/journal-of-roman-studies/article/cassius-dio-revived/ABDFBE250261A31B9F51EDEFB22BB6C8,,,Knowledge & Culture,Imperial / Urban,Politics & Patronage; Culture & Education,Medium,High,v5
GENS-HIST-0276,212,212,AD 212,Severan,Caracalla murders Geta,Dynastic Murder,Roman,Rome,Caracallan faction; Geta supporters,Caracalla; Geta,Caracalla killed his brother and co-emperor and purged Geta's supporters.,Damnatio/memory purge; asset seizure; faction survival.,Political risk; property,5,exact,repo_authored,https://github.com/rdnovotni/gens/blob/main/docs/design/gens-events-historical-timeline-content.md,,,Politics & Government,Imperial / Urban,Politics & Patronage; Legal & Court; Construction & Estates,Critical,High,repo
GENS-HIST-0277,212,212,AD 212,Severan,Constitutio Antoniniana extends Roman citizenship,Law / Citizenship,Empire-wide,Empire-wide,Roman state; free inhabitants,Caracalla,Roman citizenship was extended to nearly all free inhabitants of the empire.,Status conversion; tax/legal consequences; civic identity.,Legal rights; taxes; offices,5,exact,repo_authored,https://github.com/rdnovotni/gens/blob/main/docs/design/gens-events-historical-timeline-content.md,https://82nd-and-fifth.metmuseum.org/toah/ht/05/eust.html,,Law & Legal Status,Imperial,Politics & Patronage; Economy & Finance; Legal & Court; Religion,Critical,High,repo
GENS-HIST-0278,212,212,AD 212,Severan,Geta subjected to damnatio memoriae after his murder,Political Purge / Memory Sanction,Roman,Empire-wide,Imperial administration; Geta's supporters,Caracalla; Geta,"Geta's name and images were systematically erased from inscriptions, portraits, and official memory while alleged supporters were persecuted.",Household must alter portrait/inscription; old patron's name dangerous; archive editing.,Politics; property; culture; legal danger,4,exact,research_addition,https://www.livius.org/sources/content/herodian-s-roman-history/herodian-4.6/,,,Politics & Government,Imperial,Politics & Patronage; Legal & Court; Religion; Travel & Trade Routes; Construction & Estates; Culture & Education,High,High,v4
GENS-HIST-0279,212,216,c. AD 212–216,Severan,Baths of Caracalla constructed,Infrastructure / Urban,Roman,Rome,Imperial administration; builders,Caracalla,One of Rome's largest public bath complexes was built.,Construction demand; leisure venue; water/fuel supply.,Labor; materials; commerce,3,approximate_range,repo_authored,https://github.com/rdnovotni/gens/blob/main/docs/design/gens-events-historical-timeline-content.md,,,Infrastructure & Settlement,Imperial / Urban,Economy & Finance; Settlement & Demographics; Construction & Estates,Medium,Medium,repo
GENS-HIST-0280,213,213,AD 213,Severan,Caracalla campaigns against Alamanni on the Rhine frontier,War / Frontier,Germanic / Roman,Upper Rhine and Germania,Roman army; Alamannic groups,Caracalla,Caracalla campaigned beyond the Rhine against newly prominent Alamannic groups and took the title Germanicus.,Frontier levies; imperial visit; road/garrison demand; captives.,Security; military demand; trade,4,exact,research_addition,https://www.livius.org/articles/person/caracalla/,,,Conflict & Security,Regional,Economy & Finance; Military & Security; Travel & Trade Routes,High,Medium,v4
GENS-HIST-0281,215,215,AD 215,Severan,Caracalla introduces the antoninianus silver denomination,Economy / Coinage Reform,Roman,Empire-wide,Imperial mints; soldiers; merchants; taxpayers,Caracalla,"Caracalla introduced the antoninianus, a new silver denomination that later became central to the third century's increasingly unstable currency system.",New coin acceptance; wage repricing; suspicious exchange rate; treasury payment change.,Currency; prices; wages; military pay,4,exact,research_addition,https://www.cambridge.org/core/journals/journal-of-roman-studies/article/abs/communication-of-the-emperors-virtues/FAA7EC2A52E5A1D73B10CB0C587F1404,,,Economy & Trade,Imperial,Economy & Finance; Military & Security,High,High,v3
GENS-HIST-0282,215,216,AD 215–216,Severan,Severan Basilica at Leptis Magna completed under Caracalla,Infrastructure / Civic Basilica,North African / Roman,Leptis Magna,Imperial builders; civic administration; litigants,Caracalla,"The monumental Severan basilica, begun under Septimius Severus, was completed in Caracalla's reign and became a major civic and judicial building.",Court/business venue opens; marble/artisan demand; elite case heard in grand new basilica.,Courts; construction; commerce; prestige,4,range,research_addition,https://www.cambridge.org/core/journals/greece-and-rome/article/abs/between-history-and-myth-septimius-severus-and-leptis-magna/E8CFBE648AD86E6A781B7869E52C2868,,,Infrastructure & Settlement,Regional,Politics & Patronage; Economy & Finance; Legal & Court; Construction & Estates; Culture & Education,High,High,v5
GENS-HIST-0283,216,216,AD 216,Severan,Caracalla's massacre at Alexandria,Political Massacre / Urban Violence,Egyptian / Roman,Alexandria,Imperial army; Alexandrian populace,Caracalla,Herodian reports that Caracalla used a ceremonial assembly as the setting for a mass killing after becoming enraged by Alexandrian mockery.,Urban curfew; missing heirs; property vacancy; army violence; elite flight.,Population; property; public order; court fear,5,exact,research_addition,https://www.livius.org/sources/content/herodian-s-roman-history/herodian-4.9/,,Ancient narrative is hostile to Caracalla; avoid invented casualty totals while preserving the well-attested violent episode.,Conflict & Security,Regional,Politics & Patronage; Legal & Court; Military & Security; Settlement & Demographics; Construction & Estates,Critical,High,v3
GENS-HIST-0284,216,217,AD 216–217,Severan,Caracalla's Parthian campaign,War,Parthian / Mesopotamian,Mesopotamia,Rome; Parthia,Caracalla; Artabanus IV,Caracalla launched an eastern campaign before his assassination.,Army requisitions; frontier trade disruption.,Security; taxation; trade,4,range,research_addition,https://resources.metmuseum.org/resources/metpublications/pdf/The_World_between_Empires_Art_and_Identity_in_the_Ancient_Middle_East.pdf,,,Conflict & Security,Regional,Economy & Finance; Military & Security,High,High,v1
GENS-HIST-0285,217,217,AD 217,Severan,Caracalla assassinated; Macrinus becomes emperor,Imperial Succession / Assassination,Roman,Near Carrhae,Roman army; imperial court,Caracalla; Macrinus,Caracalla was killed while campaigning and the Praetorian prefect Macrinus became emperor.,Military succession; legitimacy concerns; eastern policy reset.,Stability; patronage,5,exact,repo_authored,https://github.com/rdnovotni/gens/blob/main/docs/design/gens-events-historical-timeline-content.md,,,Politics & Government,Regional,Politics & Patronage; Military & Security,Critical,High,repo
GENS-HIST-0286,217,218,AD 217–218,Severan,Battle near Nisibis/Carrhae and Roman–Parthian peace,War / Diplomacy,Parthian,Northern Mesopotamia,Rome; Parthia,Macrinus; Artabanus IV,Hard fighting led Macrinus to negotiate peace with Parthia.,Indemnity/tax pressure; demobilization; trade reopening.,Treasury; trade; army morale,4,range,research_addition,https://resources.metmuseum.org/resources/metpublications/pdf/The_World_between_Empires_Art_and_Identity_in_the_Ancient_Middle_East.pdf,,,Conflict & Security,Regional,Economy & Finance; Military & Security,High,High,v1
GENS-HIST-0287,218,218,AD 218,Severan,Macrinus overthrown; Elagabalus becomes emperor,Imperial Succession / Civil War,Roman / Syrian,Syria,Macrinus; Severan restoration faction,Elagabalus; Julia Maesa; Macrinus,Elagabalus's supporters defeated Macrinus and restored the Severan family.,Syrian court networks; military allegiance; patron turnover.,Politics; prestige,5,exact,repo_authored,https://github.com/rdnovotni/gens/blob/main/docs/design/gens-events-historical-timeline-content.md,,,Conflict & Security,Regional,Politics & Patronage; Legal & Court; Military & Security,Critical,High,repo
GENS-HIST-0288,218,222,AD 218–222,Severan,Elagabalus promotes Elagabal cult at Rome,Religion / Court Politics,Roman / Syrian,Rome,Traditional Roman cults; Elagabal priesthood,Elagabalus,The emperor elevated his Syrian solar cult and disrupted traditional religious hierarchy.,Temple politics; elite reaction; religious faction tension.,Piety; public order; court favor,4,range,repo_authored,https://github.com/rdnovotni/gens/blob/main/docs/design/gens-events-historical-timeline-content.md,,,Politics & Government,Imperial / Urban,Politics & Patronage; Legal & Court; Religion,High,High,repo
GENS-HIST-0289,219,219,AD 219,Severan,Elagabal cult stone installed in a major temple at Rome,Religion / Imperial Cult,Roman / Syrian,Rome,Elagabal priesthood; traditional Roman cults; imperial court,Elagabalus,Elagabalus brought the sacred stone of his Emesene deity to Rome and established a prominent temple cult tied directly to the emperor.,New state-favored cult; procession; temple donations; traditional priests offended.,Piety; court favor; public order; prestige,4,exact,research_addition,https://www.livius.org/articles/person/elagabalus/,,,Religion & Culture,Imperial / Urban,Politics & Patronage; Legal & Court; Religion,High,Medium,v4
GENS-HIST-0290,222,222,AD 222,Severan,Elagabalus assassinated; Severus Alexander succeeds,Imperial Succession / Assassination,Roman,Rome,Praetorian Guard; Severan household,Elagabalus; Severus Alexander,Elagabalus was killed and his cousin Severus Alexander became emperor.,Guard politics; religious rollback; patronage change.,Stability; politics,5,exact,repo_authored,https://github.com/rdnovotni/gens/blob/main/docs/design/gens-events-historical-timeline-content.md,,,Politics & Government,Imperial / Urban,Politics & Patronage; Religion,Critical,High,repo
GENS-HIST-0291,223,223,c. AD 223,Severan,Praetorians kill the jurist and prefect Ulpian,Military Unrest / Court Violence,Roman,Rome,Praetorian Guard; urban populace; imperial court,Ulpian; Severus Alexander; Julia Mamaea,Cassius Dio reports that Praetorians killed the influential jurist Ulpian despite his seeking refuge with the emperor and his mother; serious street fighting also occurred between Guard and populace.,Legal patron murdered; guard riot; arson threat; emergency reconciliation.,Security; courts; patronage; urban property,5,approximate,research_addition,https://penelope.uchicago.edu/Thayer/E/Roman/Texts/Cassius_Dio/80%2A.html,,,Politics & Government,Imperial / Urban,Politics & Patronage; Legal & Court; Military & Security; Settlement & Demographics; Construction & Estates,Critical,High,v3
GENS-HIST-0292,224,226,AD 224–226,Severan,Sasanian dynasty overthrows Parthian Arsacids,Great Power Succession,Parthian / Sasanian,Iran / Mesopotamia,Arsacids; Sasanians,Ardashir I; Artabanus IV,"The Sasanian dynasty replaced the Parthian Arsacids, creating a more centralized rival power.",Foreign actor succession; treaty lapse; diplomacy difficulty increase.,Trade; security; diplomacy,5,range,repo_authored,https://github.com/rdnovotni/gens/blob/main/docs/design/gens-events-historical-timeline-content.md,https://github.com/rdnovotni/gens/blob/main/docs/design/gens-events-historical-timeline-late-antiquity-content.md,,Politics & Government,Regional,Politics & Patronage; Economy & Finance; Religion; Military & Security,Critical,High,repo
GENS-HIST-0293,228,228,c. AD 228,Severan,Early teachings of Mani,Religion,Manichaean / Mesopotamian,Mesopotamia,Emerging Manichaean community,Mani,Traditional chronology places Mani's early revelations/teachings in the late 220s.,New religion rumor; traveling preacher; conversion event.,Piety; tolerance; social tension,3,approximate,repo_authored,https://github.com/rdnovotni/gens/blob/main/docs/design/gens-events-historical-timeline-content.md,,,Religion & Culture,Local / Regional,Religion; Travel & Trade Routes,Medium,Medium,repo
GENS-HIST-0294,230,230,AD 230,Severan,Sasanian invasion of Roman Mesopotamia,War / Invasion,Sasanian / Roman,"Upper Mesopotamia, Syria and Cappadocian approaches",Sasanian Persia; Roman frontier provinces,Ardashir I; Severus Alexander,"Sasanian troops invaded Roman Mesopotamia and besieged Nisibis, with cavalry raids reaching toward Syria and Cappadocia.",Frontier evacuation; emergency levy; supply requisitions; stalled caravan traffic.,Security; military demand; trade; population,5,exact,research_addition,https://www.iranicaonline.org/articles/ardasir-i/,,,Conflict & Security,Regional,Economy & Finance; Military & Security; Settlement & Demographics; Travel & Trade Routes,Critical,High,v3
GENS-HIST-0295,231,233,AD 231–233,Severan,Severus Alexander's Sasanian campaign,War,Sasanian / Mesopotamian,Mesopotamia,Rome; Sasanian Persia,Severus Alexander; Ardashir I,Rome campaigned against the new Sasanian power with mixed results.,Eastern levy; new-threat narrative; veteran return.,Security; military demand; trade,4,range,research_addition,https://82nd-and-fifth.metmuseum.org/toah/ht/05/wai.html,https://resources.metmuseum.org/resources/metpublications/pdf/The_World_between_Empires_Art_and_Identity_in_the_Ancient_Middle_East.pdf,,Conflict & Security,Regional,Economy & Finance; Military & Security,High,High,v1
GENS-HIST-0296,235,235,AD 235,Crisis of the Third Century,Severus Alexander assassinated; Crisis begins,Imperial Succession / Military Coup,Roman,German frontier,Roman army; imperial government,Severus Alexander; Maximinus Thrax,"Troops killed Severus Alexander and elevated Maximinus Thrax, conventionally opening the Crisis of the Third Century.",Military emperor; senatorial alarm; instability modifier.,Politics; security; taxation,5,exact,repo_authored,https://github.com/rdnovotni/gens/blob/main/docs/design/gens-events-historical-timeline-content.md,https://github.com/rdnovotni/gens/blob/main/docs/design/gens-events-historical-timeline-late-antiquity-content.md,,Conflict & Security,Regional,Politics & Patronage; Economy & Finance; Military & Security,Critical,High,repo
GENS-HIST-0297,235,238,AD 235–238,Crisis of the Third Century,Reign of Maximinus Thrax,Imperial Succession / Military Rule,Roman,Frontiers / empire-wide,Army; Senate,Maximinus Thrax,"A career soldier rose directly through the army to imperial power, heightening senatorial and provincial tension.",Military taxation; elite hostility; frontier campaigning.,Taxes; military demand; politics,4,range,repo_authored,https://github.com/rdnovotni/gens/blob/main/docs/design/gens-events-historical-timeline-late-antiquity-content.md,,,Politics & Government,Imperial,Politics & Patronage; Economy & Finance; Military & Security,High,High,repo
GENS-HIST-0298,238,238,March–April AD 238,Crisis of the Third Century,African revolt raises Gordian I and Gordian II against Maximinus,Civil War / Usurpation,Roman / North African,Africa Proconsularis,African provincial elites; Senate; Maximinus regime,Gordian I; Gordian II; Maximinus Thrax,A tax-provoked provincial revolt acclaimed the Gordians as emperors; the Senate backed them against Maximinus before both Gordians quickly died.,Provincial tax revolt; claimant allegiance; records destroyed; rapid regime reversal.,Taxes; politics; security; patronage,5,exact,research_addition,https://www.livius.org/articles/misc/list-of-roman-emperors/list-of-roman-emperors-3/,,,Conflict & Security,Regional,Politics & Patronage; Economy & Finance; Military & Security,Critical,High,v3
GENS-HIST-0299,238,238,May AD 238,Crisis of the Third Century,Maximinus Thrax killed during siege of Aquileia,Civil War / Imperial Assassination,Roman / Italian,Aquileia,Maximinus's army; Aquileian defenders; Senate,Maximinus Thrax,Maximinus's campaign against the senatorial regime stalled at Aquileia; his own troops killed him and his son.,Siege ends suddenly; soldiers seek amnesty; local defenders celebrated; claimant news reverses.,Security; politics; food; military loyalty,5,exact,research_addition,https://www.livius.org/articles/person/maximinus-thrax/,,,Conflict & Security,Regional,Politics & Patronage; Economy & Finance; Military & Security,Critical,Medium,v4
GENS-HIST-0300,238,238,July AD 238,Crisis of the Third Century,Praetorians kill Pupienus and Balbinus; Gordian III becomes sole emperor,Imperial Succession / Military Coup,Roman,Rome,Praetorian Guard; Senate; Gordian supporters,Pupienus; Balbinus; Gordian III,The Praetorians murdered the two senatorial emperors and left the teenage Gordian III as sole ruler.,Guard coup; patron deaths; youth-regency politics; public acclamation.,Political stability; patronage; military influence,5,exact,research_addition,https://www.livius.org/articles/misc/list-of-roman-emperors/list-of-roman-emperors-3/,,,Conflict & Security,Imperial / Urban,Politics & Patronage; Military & Security,Critical,High,v3
GENS-HIST-0301,238,238,April–July AD 238,Crisis of the Third Century,Pupienus and Balbinus rule jointly; Gordian III elevated,Imperial Succession / Civil War,Roman,Rome,Senate; urban populace; Praetorian Guard,Pupienus; Balbinus; Gordian III,"After the African Gordians fell, the Senate appointed Pupienus and Balbinus while popular pressure secured a place for the young Gordian III.",Multiple claimants; crowd agitation; senatorial patronage; guard hostility.,Politics; public order; court patronage,5,exact,research_addition,https://www.livius.org/articles/misc/list-of-roman-emperors/list-of-roman-emperors-3/,,,Conflict & Security,Imperial / Urban,Politics & Patronage; Legal & Court; Military & Security,Critical,High,v3
GENS-HIST-0302,238,238,AD 238,Crisis of the Third Century,Year of the Six Emperors,Civil War / Succession,Roman,Empire-wide,Multiple imperial claimants,Gordian I; Gordian II; Pupienus; Balbinus; Maximinus; Gordian III,Rapid coups and civil conflict produced six imperial claimants in a single year.,Extreme succession volatility; market panic; army loyalty.,Security; patronage; prices,5,exact,repo_authored,https://github.com/rdnovotni/gens/blob/main/docs/design/gens-events-historical-timeline-late-antiquity-content.md,https://www.worldhistory.org/timeline/Crisis_of_the_Third_Century/,,Conflict & Security,Imperial,Politics & Patronage; Economy & Finance; Military & Security,Critical,High,repo
GENS-HIST-0303,240,240,c. AD 240,Crisis of the Third Century,Sasanians capture Hatra,War / Frontier,Sasanian / Mesopotamian,Hatra,Sasanian Persia; Hatra,Shapur I / Ardashir I,The fortified city of Hatra fell to the Sasanians around this time.,Caravan route shift; refugee flow; frontier threat.,Trade; security,4,approximate,research_addition,https://resources.metmuseum.org/resources/metpublications/pdf/The_World_between_Empires_Art_and_Identity_in_the_Ancient_Middle_East.pdf,,,Conflict & Security,Regional,Economy & Finance; Military & Security; Settlement & Demographics; Travel & Trade Routes,High,Medium,v1
GENS-HIST-0304,244,244,AD 244,Crisis of the Third Century,Gordian III dies; Philip the Arab becomes emperor,Imperial Succession,Roman / Eastern,Mesopotamia,Roman eastern army; imperial court,Gordian III; Philip the Arab,During the Persian campaign Gordian III died and the Praetorian prefect Philip succeeded him before making peace and returning west.,Army succession; eastern peace; patron turnover; campaign demobilization.,Politics; military loyalty; trade,5,exact,research_addition,https://www.livius.org/articles/misc/list-of-roman-emperors/list-of-roman-emperors-3/,,,Politics & Government,Imperial,Politics & Patronage; Economy & Finance; Military & Security,Critical,High,v3
GENS-HIST-0305,244,244,AD 244,Crisis of the Third Century,Philip the Arab makes peace with Shapur I,Diplomacy / Great Power Peace,Roman / Sasanian,Mesopotamia,Roman Empire; Sasanian Persia,Philip the Arab; Shapur I,"After Gordian III's death, Philip concluded peace with Shapur I, involving territorial and financial concessions disputed in later propaganda.",War demobilization; indemnity tax; trade resumes; eastern prestige debate.,Diplomacy; treasury; trade; military morale,4,exact,research_addition,https://www.iranicaonline.org/articles/sasanian-dynasty/,,,Diplomacy & Foreign Relations,Regional,Economy & Finance; Military & Security,High,High,v4
GENS-HIST-0306,244,244,c. AD 244,Crisis of the Third Century,Plotinus establishes a philosophical circle at Rome,Philosophy / Education,Roman / Hellenic,Rome,Philosophers; senators; educated households,Plotinus,"After study in Alexandria and travel east, Plotinus arrived in Rome around 244 and developed the teaching circle later regarded as foundational to Neoplatonism.",Household sponsors philosopher; heir studies metaphysics; elite salon event; manuscript circulation.,Education; culture; patronage; religion,3,approximate,research_addition,https://www.cambridge.org/core/books/abs/reading-maimonides-mishneh-torah/philosophical-background/73CBD1F3B47E10BF5C9E361DF55557BB,,,Knowledge & Culture,Imperial / Urban,Politics & Patronage; Religion; Culture & Education,Medium,High,v5
GENS-HIST-0307,244,249,AD 244–249,Crisis of the Third Century,Reign of Philip the Arab,Imperial Succession,Roman / Arabian,Empire-wide,Roman imperial government,Philip the Arab,Philip ruled after Gordian III and oversaw Rome's millennium celebrations.,Imperial transition; Arab/Syrian elite visibility; fiscal policy.,Patronage; taxes,3,range,research_addition,https://github.com/rdnovotni/gens/blob/main/docs/design/gens-events-historical-timeline-late-antiquity-content.md,,,Politics & Government,Imperial,Politics & Patronage; Economy & Finance,Medium,High,v1
GENS-HIST-0308,248,248,AD 248,Crisis of the Third Century,Rome's millennium Ludi Saeculares,Festival / Religion,Roman,Rome,Roman state; urban population,Philip the Arab,Games marked Rome's traditional thousandth anniversary.,Mass festival; animal imports; public largesse; civic pride.,Commerce; public mood; prestige,3,exact,repo_authored,https://github.com/rdnovotni/gens/blob/main/docs/design/gens-events-historical-timeline-late-antiquity-content.md,,,Religion & Culture,Imperial / Urban,Economy & Finance; Religion; Travel & Trade Routes; Culture & Education,Medium,High,repo
GENS-HIST-0309,248,249,AD 248–249,Crisis of the Third Century,Pacatianus and Jotapianus lead regional usurpations,Regional Usurpation / Military Revolt,Danubian / Eastern Roman,Moesia and Syria-Cappadocia,Provincial armies; Philip's regime,Pacatianus; Jotapianus; Philip the Arab,"Separate provincial claimants appeared on the Danube and in the East, illustrating the rapid weakening of central authority before Decius's takeover.",Local coinage changes; tax refusal; army recruitment; household must choose recognized authority.,Politics; currency; taxes; security,4,range,research_addition,https://www.livius.org/articles/misc/list-of-roman-emperors/list-of-roman-emperors-3/,,,Conflict & Security,Regional,Politics & Patronage; Economy & Finance; Military & Security,High,High,v4
GENS-HIST-0310,249,249,AD 249,Crisis of the Third Century,Decius defeats Philip the Arab and seizes the throne,Civil War / Succession,Roman,Moesia / Italy,Decian army; Philip's regime,Decius; Philip the Arab,The Danubian commander Decius was proclaimed emperor and defeated Philip in civil war.,Army allegiance; fiscal documents change ruler; political purge risk.,Politics; military loyalty; taxes,5,exact,research_addition,https://www.livius.org/articles/misc/list-of-roman-emperors/list-of-roman-emperors-3/,,,Conflict & Security,Regional,Politics & Patronage; Economy & Finance; Military & Security,Critical,High,v3
GENS-HIST-0311,249,251,AD 249–251,Crisis of the Third Century,Decian persecution and sacrifice edict,Religion / State Policy,Empire-wide / Early Christianity,Empire-wide,Roman authorities; Christians; traditional cults,Decius,"Decius required public sacrifice, producing the first broadly systematic empire-wide Christian persecution.",Certificate/libellus event; apostasy/martyrdom; denunciation.,Piety; legal risk; social tension,5,range,repo_authored,https://github.com/rdnovotni/gens/blob/main/docs/design/gens-events-historical-timeline-late-antiquity-content.md,,,Religion & Culture,Imperial,Legal & Court; Religion; Culture & Education,Critical,High,repo
GENS-HIST-0312,250,251,AD 250–251,Crisis of the Third Century,Gothic invasion under Cniva,War / Migration,Gothic / Balkan,Balkans,Rome; Goths,Cniva; Decius,"Gothic forces crossed the Danube, sacked cities, and defeated Roman armies.",Refugees; fortification; militia; ransom.,Security; population; trade,5,range,research_addition,https://82nd-and-fifth.metmuseum.org/toah/ht/05/euw.html,,,Conflict & Security,Regional,Economy & Finance; Military & Security; Settlement & Demographics,Critical,High,v1
GENS-HIST-0313,250,270,c. AD 250–270,Crisis of the Third Century,Plague of Cyprian,Epidemic,Empire-wide,Empire-wide,Roman population,Cyprian of Carthage,A prolonged epidemic coincided with severe third-century instability.,Mortality; labor shortage; religious interpretation; succession shocks.,Health; population; wages; taxes,5,approximate_range,research_addition,https://82nd-and-fifth.metmuseum.org/toah/ht/05/afw.html,https://www.worldhistory.org/timeline/Crisis_of_the_Third_Century/,,Disaster & Public Health,Imperial,Politics & Patronage; Economy & Finance; Religion; Disease & Public Health; Settlement & Demographics; Construction & Estates,Critical,Medium,v1
GENS-HIST-0314,251,251,AD 251,Crisis of the Third Century,Battle of Abrittus; Emperor Decius killed,War / Battle / Succession,Roman / Gothic,"Abrittus, Moesia",Rome; Goths,Decius; Herennius Etruscus; Cniva,Decius became the first Roman emperor killed in battle against an external enemy.,Imperial shock; army retreat; succession panic.,Stability; security,5,exact,repo_authored,https://github.com/rdnovotni/gens/blob/main/docs/design/gens-events-historical-timeline-late-antiquity-content.md,,,Conflict & Security,Regional,Politics & Patronage; Military & Security,Critical,High,repo
GENS-HIST-0315,251,251,AD 251,Crisis of the Third Century,Hostilian dies during epidemic; Volusian elevated,Imperial Succession / Epidemic,Roman,Rome / Empire-wide,Imperial household; epidemic-stricken population,Hostilian; Trebonianus Gallus; Volusian,Hostilian died during the plague crisis and Gallus's son Volusian was elevated as co-emperor.,Imperial death by disease; mourning; succession paperwork; health panic.,Politics; public health; patronage,4,exact,research_addition,https://www.livius.org/articles/misc/list-of-roman-emperors/list-of-roman-emperors-3/,,,Politics & Government,Imperial,Politics & Patronage; Disease & Public Health,High,High,v3
GENS-HIST-0316,251,251,AD 251,Crisis of the Third Century,Trebonianus Gallus becomes emperor after Decius's death,Imperial Succession,Roman,Danube frontier,Roman army; imperial government,Trebonianus Gallus; Hostilian; Volusian; Decius,"After Decius and his son Herennius died at Abrittus, Trebonianus Gallus became emperor and initially recognized the surviving imperial son Hostilian.",Battlefield succession; joint-emperor oath; frontier peace terms.,Politics; security; military morale,5,exact,research_addition,https://www.livius.org/articles/misc/list-of-roman-emperors/list-of-roman-emperors-3/,,,Politics & Government,Imperial,Politics & Patronage; Military & Security,Critical,High,v3
GENS-HIST-0317,253,253,AD 253,Crisis of the Third Century,"Aemilian defeats Gallus, then is killed as Valerian approaches",Civil War / Succession,Roman,Italy and Danube provinces,Aemilian's army; Gallus regime; Valerian's army,Aemilian; Trebonianus Gallus; Volusian; Valerian,"Aemilian briefly seized imperial power after military success, but his own troops killed him when Valerian advanced with another army.",Two rapid claimant switches; coin/requisition confusion; loyalty danger.,Politics; currency; military loyalty; security,5,exact,research_addition,https://www.livius.org/articles/misc/list-of-roman-emperors/list-of-roman-emperors-3/,,,Conflict & Security,Regional,Politics & Patronage; Economy & Finance; Military & Security,Critical,High,v3
GENS-HIST-0318,253,253,AD 253,Crisis of the Third Century,Sasanian sack of Antioch,War / Sack,Sasanian / Syrian,Antioch,Sasanian Persia; Roman Syria,Shapur I,Sasanian forces captured and sacked Antioch during renewed eastern war.,Urban destruction; captives; refugee flow; rebuilding.,Population; trade; security,5,exact,research_addition,https://resources.metmuseum.org/resources/metpublications/pdf/The_World_between_Empires_Art_and_Identity_in_the_Ancient_Middle_East.pdf,,,Conflict & Security,Regional,Economy & Finance; Military & Security; Settlement & Demographics; Construction & Estates,Critical,High,v1
GENS-HIST-0319,253,253,AD 253,Crisis of the Third Century,Valerian and Gallienus become co-emperors,Imperial Succession,Roman,Empire-wide,Roman imperial government,Valerian; Gallienus,Valerian and his son Gallienus divided imperial responsibilities amid severe threats.,Dual-front administration; military mobilization.,Taxes; security; patronage,4,exact,research_addition,https://www.worldhistory.org/timeline/Crisis_of_the_Third_Century/,,,Politics & Government,Imperial,Politics & Patronage; Economy & Finance; Military & Security,High,High,v1
GENS-HIST-0320,253,253,AD 253,Crisis of the Third Century,Valerian and Gallienus establish joint imperial rule,Imperial Succession,Roman,Empire-wide,Roman army; imperial administration,Valerian; Gallienus,"Valerian became emperor and associated his son Gallienus with imperial power, dividing attention between East and West.",Dual court; regional patronage split; emergency frontier command.,Politics; offices; security,4,exact,research_addition,https://www.livius.org/articles/misc/list-of-roman-emperors/list-of-roman-emperors-3/,,,Politics & Government,Imperial,Politics & Patronage; Legal & Court; Military & Security,High,High,v3
GENS-HIST-0321,253,254,c. AD 253–254,Crisis of the Third Century,Uranius Antoninus rules briefly at Emesa,Regional Usurpation,Syrian / Roman,Emesa,Emesene civic and military networks; Sasanian threat,Uranius Antoninus,"A local ruler known from coins, conventionally called Uranius Antoninus, exercised authority at Emesa during intense Sasanian pressure.",Local emergency ruler; mint output changes; temple/city defense; uncertain central recognition.,Politics; currency; security; local prestige,3,approximate_range,research_addition,https://www.livius.org/articles/person/uranius-antoninus/,,,Conflict & Security,Regional,Politics & Patronage; Economy & Finance; Religion; Military & Security,Medium,Medium,v4
GENS-HIST-0322,256,256,c. AD 256,Crisis of the Third Century,Sasanian capture of Dura-Europos,War / Siege,Sasanian / Syrian,Dura-Europos,Sasanian Persia; Roman garrison,Shapur I,The frontier city and military post fell to the Sasanians and was abandoned.,Garrison collapse; refugee/captive event; trade route shift.,Security; trade; population,5,approximate,research_addition,https://resources.metmuseum.org/resources/metpublications/pdf/The_World_between_Empires_Art_and_Identity_in_the_Ancient_Middle_East.pdf,,,Conflict & Security,Regional,Economy & Finance; Military & Security; Settlement & Demographics; Travel & Trade Routes,Critical,Medium,v1
GENS-HIST-0323,257,260,AD 257–260,Crisis of the Third Century,Valerianic persecution of Christians,Religion / Persecution,Empire-wide / Early Christianity,Empire-wide,Roman authorities; Christians,Valerian,"Imperial edicts targeted Christian clergy, assemblies, and property.",Confiscation; hiding clergy; martyrdom; apostasy.,Property; piety; legal risk,4,range,research_addition,https://github.com/rdnovotni/gens/blob/main/docs/design/gens-events-historical-timeline-late-antiquity-content.md,,,Religion & Culture,Imperial,Legal & Court; Religion; Construction & Estates; Culture & Education,High,High,v1
GENS-HIST-0324,257,263,AD 257–263,Crisis of the Third Century,Gothic raids in Greece and Asia Minor,War / Raid,Gothic / Hellenic,"Aegean, Greece, Asia Minor",Gothic raiders; Roman provinces,,Seaborne and overland raids struck Greek and Anatolian cities.,Raid defense; refugees; rebuilding; temple/art loss.,Security; trade; housing,4,range,research_addition,https://82nd-and-fifth.metmuseum.org/toah/ht/05/eusb.html,,,Conflict & Security,Regional,Economy & Finance; Religion; Military & Security; Settlement & Demographics; Construction & Estates; Culture & Education,High,High,v1
GENS-HIST-0325,258,258,14 September AD 258,Crisis of the Third Century,Cyprian of Carthage executed,Religion / Martyrdom,North African / Christian,Carthage,Roman provincial authorities; Christian community,Cyprian of Carthage,"During Valerian's persecution, the bishop Cyprian was tried before the proconsul and executed by the sword, becoming one of North Africa's most influential martyr figures.",Bishop arrested; congregation hides property; household attends execution; relic/memory cult.,Piety; legal risk; patronage; public order,4,exact,research_addition,https://assets.cambridge.org/97805215/83428/sample/9780521583428wsc00.pdf,,,Religion & Culture,Regional,Politics & Patronage; Legal & Court; Religion; Construction & Estates; Culture & Education,High,High,v5
GENS-HIST-0326,259,260,AD 259–260,Crisis of the Third Century,Battle of Edessa and capture of Valerian,War / Imperial Captivity,Roman / Sasanian,Edessa,Rome; Sasanian Persia,Valerian; Shapur I,"Shapur I captured Emperor Valerian alive, an unprecedented Roman humiliation.",Imperial panic; eastern vacuum; propaganda; loyalty crisis.,Stability; security; diplomacy,5,range,repo_authored,https://github.com/rdnovotni/gens/blob/main/docs/design/gens-events-historical-timeline-late-antiquity-content.md,https://resources.metmuseum.org/resources/metpublications/pdf/The_World_between_Empires_Art_and_Identity_in_the_Ancient_Middle_East.pdf,,Conflict & Security,Regional,Politics & Patronage; Military & Security,Critical,High,repo
GENS-HIST-0327,260,260,AD 260,Crisis of the Third Century,Gallienus becomes sole emperor after Valerian's capture,Imperial Succession / Great Crisis,Roman,Empire-wide,Central Roman government; breakaway provincial regimes,Gallienus; Valerian,Valerian's capture by Shapur I left Gallienus as sole central emperor while western and eastern breakaway powers emerged.,Captured emperor news; legitimacy crisis; local usurper choice; disrupted commands.,Politics; security; diplomacy; military loyalty,5,exact,research_addition,https://www.livius.org/articles/misc/list-of-roman-emperors/list-of-roman-emperors-3/,,,Politics & Government,Imperial,Politics & Patronage; Military & Security,Critical,High,v3
GENS-HIST-0328,260,260,AD 260,Crisis of the Third Century,Ingenuus and Regalianus launch Danubian usurpations,Military Revolt / Usurpation,Danubian / Roman,Pannonia and Moesia,Danubian armies; Gallienus regime,Ingenuus; Regalianus; Gallienus,Military commanders on the Danube were proclaimed emperors amid the vacuum after Valerian's capture and were rapidly defeated.,Local ruler changes twice; coinage; army purges; frontier weakened.,Politics; currency; security; military loyalty,4,exact,research_addition,https://www.livius.org/articles/misc/list-of-roman-emperors/list-of-roman-emperors-3/,,,Conflict & Security,Regional,Politics & Patronage; Economy & Finance; Military & Security,High,High,v4
GENS-HIST-0329,260,261,AD 260–261,Crisis of the Third Century,Macrianus and Quietus claim imperial power in the East,Civil War / Usurpation,Roman / Eastern,"Syria, Egypt and Asia Minor",Eastern Roman armies; Gallienus loyalists,Macrianus Major; Macrianus Minor; Quietus; Gallienus,"After Valerian's capture, the Macriani raised rival emperors in the East while Odaenathus and Gallienus's supporters contested them.",Eastern claimant tax; military recruitment; grain/allegiance split; purge after defeat.,Politics; security; taxes; trade,5,range,research_addition,https://www.livius.org/articles/misc/list-of-roman-emperors/list-of-roman-emperors-3/,,,Conflict & Security,Regional,Politics & Patronage; Economy & Finance; Military & Security,Critical,High,v4
GENS-HIST-0330,260,267,AD 260–267,Crisis of the Third Century,Odaenathus of Palmyra restores Roman East,War / Regional Power,Palmyrene / Sasanian,Syria and Mesopotamia,Palmyra; Sasanian Persia; Rome,Odaenathus,Palmyrene ruler Odaenathus fought the Sasanians while remaining nominally loyal to Rome.,Local protector regime; caravan security; military patronage.,Trade; security; diplomacy,4,range,research_addition,https://resources.metmuseum.org/resources/metpublications/pdf/The_World_between_Empires_Art_and_Identity_in_the_Ancient_Middle_East.pdf,,,Conflict & Security,Regional,Politics & Patronage; Economy & Finance; Military & Security; Travel & Trade Routes,High,High,v1
GENS-HIST-0331,260,274,AD 260–274,Crisis of the Third Century,Gallic Empire breakaway state,Breakaway State / Civil War,Gallic / Roman,"Gaul, Germania, Britannia; briefly Hispania",Gallic imperial regime; central Rome,Postumus; successors,Western provinces formed a durable breakaway Roman state during the Crisis.,Household allegiance to local vs central emperor; separate coinage/taxes.,Currency; loyalty; trade; security,5,range,repo_authored,https://github.com/rdnovotni/gens/blob/main/docs/design/gens-events-historical-timeline-late-antiquity-content.md,https://www.worldhistory.org/timeline/Crisis_of_the_Third_Century/,,Conflict & Security,Regional,Politics & Patronage; Economy & Finance; Military & Security,Critical,High,repo
GENS-HIST-0332,262,262,AD 262,Crisis of the Third Century,Gallienus stages Secular Games amid the third-century crisis,Religion / Festival,Roman,Rome,Roman state cult; urban populace,Gallienus,"A special Secular Games celebration was held under Gallienus during a period of plague, invasion, and political fragmentation.",Crisis festival; public morale; sacrifice; spending surge.,Piety; public mood; commerce; legitimacy,3,exact,research_addition,https://en.wikisource.org/wiki/1911_Encyclop%C3%A6dia_Britannica/Secular_Games,,Ancient/older reference traditions differ on the exact character of the Gallienic celebration; retain as a researched but secondary-priority event.,Religion & Culture,Imperial / Urban,Economy & Finance; Religion; Culture & Education,Medium,Medium,v3
GENS-HIST-0333,267,267,AD 267,Crisis of the Third Century,Goths/Heruli sack Athens,War / Sack,Gothic / Hellenic,Athens,Gothic/Herulian raiders; Athenians,,Raiders captured and sacked Athens during the third-century crisis.,Urban destruction; wall construction; refugee and loot events.,Housing; security; culture,5,exact,research_addition,https://82nd-and-fifth.metmuseum.org/toah/ht/05/eusb.html,,,Conflict & Security,Regional,Religion; Military & Security; Settlement & Demographics; Construction & Estates; Culture & Education,Critical,High,v1
GENS-HIST-0334,267,267,AD 267,Crisis of the Third Century,Odaenathus assassinated; Zenobia becomes regent for Vaballathus,Succession / Regional Power,Palmyrene / Syrian,Palmyra,Palmyrene court; Roman East,Odaenathus; Zenobia; Vaballathus,The Palmyrene ruler Odaenathus was assassinated; Zenobia assumed effective leadership as regent for her young son.,Great local patron dies; regency politics; caravan taxes; eastern military loyalty.,Politics; trade; diplomacy; security,5,exact,research_addition,https://www.livius.org/articles/misc/list-of-roman-emperors/list-of-roman-emperors-palmyra/,,,Politics & Government,Regional,Politics & Patronage; Economy & Finance; Military & Security; Travel & Trade Routes,Critical,High,v3
GENS-HIST-0335,268,268,AD 268,Crisis of the Third Century,Gallienus assassinated; Claudius II becomes emperor,Imperial Succession / Assassination,Roman,Northern Italy,Roman high command; imperial army,Gallienus; Claudius II Gothicus,Gallienus was killed during the campaign against the usurper Aureolus and Claudius II was acclaimed emperor.,Commander purge; new emperor oath; campaign continues; patron reshuffle.,Politics; military loyalty; security,5,exact,research_addition,https://www.livius.org/articles/misc/list-of-roman-emperors/list-of-roman-emperors-3/,,,Politics & Government,Imperial,Politics & Patronage; Military & Security,Critical,High,v3
GENS-HIST-0336,268,269,AD 268–269,Crisis of the Third Century,Battle of Naissus,War / Battle,Roman / Gothic,Naissus,Rome; Gothic forces,Claudius II Gothicus; Gallienus-era commanders,A major Roman victory checked large Gothic incursions.,Captives settled/recruited; frontier relief; prestige.,Security; labor; military morale,4,range,research_addition,https://www.worldhistory.org/timeline/Crisis_of_the_Third_Century/,,,Conflict & Security,Regional,Military & Security; Construction & Estates,High,High,v1
GENS-HIST-0337,269,269,AD 269,Crisis of the Third Century,Postumus killed; Gallic Empire enters rapid succession crisis,Succession / Breakaway State,Gallic / Roman,Gaul,Gallic Empire army and court,Postumus; Laelianus; Marius; Victorinus,"After the long-ruling Postumus suppressed a rival, his own soldiers killed him; the Gallic regime then passed through very short-lived rulers before Victorinus consolidated power.",Local emperor changes; coin portraits change; army mutiny; regional patronage scramble.,Politics; currency; security; trade,5,exact,research_addition,https://www.livius.org/articles/misc/list-of-roman-emperors/list-of-roman-emperors-gaul/,,,Politics & Government,Regional,Politics & Patronage; Economy & Finance; Military & Security; Travel & Trade Routes,Critical,High,v3
GENS-HIST-0338,270,270,AD 270,Crisis of the Third Century,Claudius II dies; Quintillus briefly rules before Aurelian's accession,Imperial Succession,Roman,Balkans and Italy,Roman armies and Senate,Claudius II; Quintillus; Aurelian,Claudius II died during an epidemic; his brother Quintillus briefly held power before the Danubian army backed Aurelian.,Succession whiplash; epidemic fear; competing oath demands.,Politics; public health; military loyalty,5,exact,research_addition,https://www.livius.org/articles/misc/list-of-roman-emperors/list-of-roman-emperors-3/,,,Politics & Government,Imperial,Politics & Patronage; Military & Security; Disease & Public Health,Critical,High,v3
GENS-HIST-0339,270,272,AD 270–272,Crisis of the Third Century,Palmyrene Empire under Zenobia,Breakaway State / Civil War,Palmyrene / Syrian,"Syria, Egypt, Anatolia",Palmyrene regime; central Rome,Zenobia; Vaballathus,Palmyra seized control of much of the Roman East before Aurelian's reconquest.,Regional allegiance; alternate taxation; caravan and grain politics.,Trade; loyalty; currency; security,5,range,repo_authored,https://github.com/rdnovotni/gens/blob/main/docs/design/gens-events-historical-timeline-late-antiquity-content.md,https://resources.metmuseum.org/resources/metpublications/pdf/The_World_between_Empires_Art_and_Identity_in_the_Ancient_Middle_East.pdf,,Conflict & Security,Regional,Politics & Patronage; Economy & Finance; Military & Security; Travel & Trade Routes,Critical,High,repo
GENS-HIST-0340,270,275,c. AD 270–275,Crisis of the Third Century,Aurelian transforms Rome's annona from grain to bread and expands food benefits,Economy / Annona Reform,Roman,Rome,Urban beneficiaries; bakers; pork suppliers; annona officials,Aurelian,"Aurelian reorganized the Roman food dole around prepared bread rather than raw grain and expanded benefits with pork, increasing state control over processing and distribution.",Household receives bread directly; bakery becomes compulsory supplier; pork market changes; distribution point crowd event.,Food expenses; urban trade; guild obligations; state finance,5,approximate_range,research_addition,https://www.cambridge.org/core/books/falls-of-rome/approaches-to-the-fate-of-the-late-antique-city/A4A1D3E5D4CEFF765C99164BA2684990,,,Economy & Trade,Imperial / Urban,Economy & Finance; Settlement & Demographics,Critical,High,v5
GENS-HIST-0341,270,275,AD 270–275,Crisis of the Third Century,Aurelian's reunification campaigns,Imperial Restoration,Roman,Empire-wide,Central Rome; Palmyrene Empire; Gallic Empire,Aurelian; Zenobia; Tetricus I,Aurelian restored imperial unity and gained the title Restitutor Orbis.,Reconquest; amnesty/purge; monetary and frontier reset.,Security; currency; loyalty,5,range,repo_authored,https://github.com/rdnovotni/gens/blob/main/docs/design/gens-events-historical-timeline-late-antiquity-content.md,https://www.worldhistory.org/timeline/Aurelian/,,Conflict & Security,Imperial,Politics & Patronage; Economy & Finance; Military & Security,Critical,High,repo
GENS-HIST-0342,271,271,c. AD 271,Crisis of the Third Century,Victorinus killed; Tetricus I becomes ruler of the Gallic Empire,Succession / Breakaway State,Gallic / Roman,Gaul,Gallic imperial court; Rhine army,Victorinus; Tetricus I; Victoria,Victorinus was killed and Tetricus I became the final major ruler of the Gallic breakaway regime.,New regional court; patron replacement; local currency and titles update.,Politics; currency; trade; security,4,approximate,research_addition,https://www.livius.org/articles/misc/list-of-roman-emperors/list-of-roman-emperors-gaul/,,,Politics & Government,Regional,Politics & Patronage; Economy & Finance; Legal & Court; Military & Security,High,High,v3
GENS-HIST-0343,271,274,c. AD 271–274,Crisis of the Third Century,Felicissimus and Rome's mint workers revolt against Aurelian,Urban Revolt / Monetary Crisis,Roman,"Rome, Caelian Hill",Mint workers; imperial troops; some senatorial opponents,Felicissimus; Aurelian,Mint workers involved in adulterated coin production rebelled in Rome and were violently suppressed; the date within Aurelian's reign remains debated.,Mint closes; suspect coins rejected; street fighting; moneychanger panic; senatorial investigation.,Currency; security; trade; politics,5,approximate_range,research_addition,https://penelope.uchicago.edu/Thayer/E/Roman/Texts/Historia_Augusta/Aurelian/3%2A.html,,Sources disagree whether the revolt belongs around 270–271 or close to the 274 monetary reform.,Conflict & Security,Imperial / Urban,Politics & Patronage; Economy & Finance; Military & Security; Settlement & Demographics,Critical,High,v4
GENS-HIST-0344,271,275,c. AD 271–275,Crisis of the Third Century,Aurelian abandons Roman Dacia north of the Danube,Frontier Withdrawal / Migration,Dacian / Roman,Dacia and Moesia,Roman army; provincial population; Danubian communities,Aurelian,Ancient sources credit Aurelian with withdrawing troops and at least part of the provincial population from Dacia and reorganizing territory south of the Danube as Dacia.,Evacuation; refugee household; abandoned estate; resettlement grant; frontier land repricing.,Migration; land; security; taxation,5,approximate_range,research_addition,https://pmc.ncbi.nlm.nih.gov/articles/PMC9683583/,,"The timing, pace, and scale of civilian evacuation remain debated; model as a multi-year regional transition, not a single-day emptying of the province.",Infrastructure & Settlement,Regional,Economy & Finance; Military & Security; Settlement & Demographics; Construction & Estates,Critical,Medium,v3
GENS-HIST-0345,271,275,AD 271–275,Crisis of the Third Century,Aurelian Walls built around Rome,Infrastructure / Defense,Roman,Rome,Imperial government; urban labor,Aurelian,Massive walls were built around Rome in response to renewed external threats.,Construction levy; property disruption; defensive confidence.,Labor; materials; security,4,range,research_addition,https://82nd-and-fifth.metmuseum.org/toah/ht/05/eust.html,,,Infrastructure & Settlement,Imperial / Urban,Legal & Court; Military & Security; Construction & Estates,High,High,v1
GENS-HIST-0346,272,272,AD 272,Crisis of the Third Century,Aurelian defeats Zenobia at Immae and Emesa,War / Battle,Roman / Palmyrene,Syria,Rome; Palmyrene Empire,Aurelian; Zenobia,Roman victories broke Palmyrene field resistance.,Eastern regime collapse; surrender/pardon; garrison changes.,Security; politics; trade,5,exact,research_addition,https://www.worldhistory.org/timeline/Aurelian/,,,Conflict & Security,Regional,Politics & Patronage; Economy & Finance; Military & Security,Critical,High,v1
GENS-HIST-0347,273,273,AD 273,Crisis of the Third Century,Palmyra revolts again and is devastated,War / Sack,Palmyrene / Syrian,Palmyra,Rome; Palmyrene rebels,Aurelian,A renewed Palmyrene revolt prompted severe Roman retaliation and the city's decline.,City devastation; caravan rerouting; refugee households.,Trade; population; property,5,exact,research_addition,https://www.worldhistory.org/timeline/Aurelian/,,,Conflict & Security,Regional,Economy & Finance; Legal & Court; Military & Security; Settlement & Demographics; Travel & Trade Routes; Construction & Estates,Critical,High,v1
GENS-HIST-0348,274,274,c. AD 274,Crisis of the Third Century,Aurelianic monetary reform,Economy / Monetary Reform,Roman,Empire-wide,Imperial mints; merchants; taxpayers,Aurelian,"Aurelian reformed the badly degraded coinage after imperial reunification, attempting to restore confidence and standardization.",Coin recall/exchange; price repricing; bad-coin losses; mint inspection; merchant uncertainty.,Currency value; prices; savings; taxes; trade,5,approximate,research_addition,https://www.cambridge.org/core/books/abs/money-in-the-preindustrial-world/from-aurelian-to-diocletian-financing-imperial-recovery-by-coinage-debasements-and-fiduciary-currencies/DEB660CD68DA4F956BC84088E3D260BE,,,Economy & Trade,Imperial,Economy & Finance,Critical,High,v2
GENS-HIST-0349,274,274,AD 274,Crisis of the Third Century,Gallic Empire ends,Civil War / Reunification,Gallic / Roman,Gaul,Rome; Gallic Empire,Aurelian; Tetricus I,"Aurelian defeated or accepted the surrender of the Gallic regime, restoring western unity.",Allegiance settlement; coinage/tax harmonization; amnesties.,Currency; politics; trade,5,exact,repo_authored,https://github.com/rdnovotni/gens/blob/main/docs/design/gens-events-historical-timeline-late-antiquity-content.md,https://www.worldhistory.org/timeline/Crisis_of_the_Third_Century/,,Conflict & Security,Regional,Politics & Patronage; Economy & Finance; Military & Security; Settlement & Demographics,Critical,High,repo
GENS-HIST-0350,274,274,AD 274,Crisis of the Third Century,Temple of Sol Invictus dedicated in Rome,Religion / Imperial Cult,Roman,Rome,Imperial cult; traditional priesthoods,Aurelian,Aurelian established a major state cult center for Sol Invictus as part of imperial religious and ideological consolidation.,Temple festival; priestly appointments; donations; court-favored cult; religious prestige.,Piety; prestige; urban commerce; court favor,3,exact,research_addition,https://www.cambridge.org/core/books/falls-of-rome/approaches-to-the-fate-of-the-late-antique-city/A4A1D3E5D4CEFF765C99164BA2684990,,,Religion & Culture,Imperial / Urban,Politics & Patronage; Economy & Finance; Legal & Court; Religion; Settlement & Demographics; Culture & Education,Medium,High,v2
GENS-HIST-0351,275,275,AD 275,Crisis of the Third Century,Aurelian assassinated,Imperial Succession / Assassination,Roman,Thrace,Imperial staff; army,Aurelian,Aurelian was assassinated while preparing another eastern campaign.,Succession uncertainty; halted campaign; patron turnover.,Stability; military demand,4,exact,research_addition,https://www.worldhistory.org/timeline/Aurelian/,,,Politics & Government,Regional,Politics & Patronage; Military & Security,High,High,v1
GENS-HIST-0352,275,275,AD 275,Crisis of the Third Century,Tacitus chosen emperor after Aurelian's assassination,Imperial Succession,Roman,Rome and eastern army,Senate; Roman army,Tacitus; Aurelian,"After Aurelian's murder, the elderly Tacitus became emperor but survived only months.",Senatorial hopes; new coinage/oaths; delayed eastern campaign.,Politics; patronage; military command,4,exact,research_addition,https://www.livius.org/articles/misc/list-of-roman-emperors/list-of-roman-emperors-3/,,,Politics & Government,Imperial / Urban,Politics & Patronage; Economy & Finance; Military & Security,High,High,v3
GENS-HIST-0353,276,276,AD 276,Crisis of the Third Century,Tacitus dies; Florian and Probus contest the throne,Civil War / Succession,Roman,Anatolia and Balkans,Florian's troops; Probus's eastern army,Tacitus; Florian; Probus,Tacitus died after a short reign; Florian claimed power but was abandoned and killed as Probus won support.,Claimant choice; army desertion; rapidly changing imperial dispatches.,Politics; military loyalty; security,5,exact,research_addition,https://www.livius.org/articles/misc/list-of-roman-emperors/list-of-roman-emperors-3/,,,Conflict & Security,Regional,Politics & Patronage; Military & Security,Critical,High,v3
GENS-HIST-0354,276,282,AD 276–282,Crisis of the Third Century,Probus campaigns on Rhine and Danube frontiers,War / Frontier,Germanic / Roman,Rhine and Danube,Rome; Franks; Alamanni; other groups,Probus,Probus restored frontier control after repeated incursions.,Resettlement; military labor; frontier farming.,Security; labor; land,3,range,research_addition,https://82nd-and-fifth.metmuseum.org/toah/ht/05/euw.html,,,Conflict & Security,Regional,Military & Security; Settlement & Demographics; Construction & Estates,Medium,High,v1
GENS-HIST-0355,280,280,c. AD 280,Crisis of the Third Century,Athens builds new defensive wall,Infrastructure / Defense,Hellenic,Athens,Athenian population; Roman authorities,,Athens fortified a reduced urban core after devastating third-century raids.,Wall labor; property enclosed/excluded; urban contraction.,Property; security; labor,3,approximate,research_addition,https://82nd-and-fifth.metmuseum.org/toah/ht/05/eusb.html,,,Infrastructure & Settlement,Local / Regional,Economy & Finance; Legal & Court; Military & Security; Settlement & Demographics; Construction & Estates,Medium,Medium,v1
GENS-HIST-0356,280,281,c. AD 280–281,Crisis of the Third Century,Proculus and Bonosus lead western usurpations,Regional Usurpation / Military Revolt,Gallic / Roman,Gaul and Rhine frontier,Provincial armies; Probus regime,Proculus; Bonosus; Probus,Later sources place brief western usurpations by Proculus and Bonosus during Probus's reign.,Frontier claimant; local tax switch; army loyalty; merchant uncertainty.,Politics; security; taxes; trade,3,approximate_range,research_addition,https://www.livius.org/articles/misc/list-of-roman-emperors/list-of-roman-emperors-3/,,The Historia Augusta is especially problematic for these figures; keep confidence medium and avoid invented detail.,Conflict & Security,Regional,Politics & Patronage; Economy & Finance; Military & Security,Medium,Medium,v4
GENS-HIST-0357,282,282,AD 282,Crisis of the Third Century,Probus killed by soldiers; Carus becomes emperor,Imperial Succession / Military Coup,Roman,Sirmium / Danube,Roman army; imperial high command,Probus; Carus,Soldiers killed Probus and the praetorian prefect Carus took imperial power.,Army mutiny; new emperor oath; abandoned works/campaign plans.,Politics; military loyalty; patronage,5,exact,research_addition,https://www.livius.org/articles/misc/list-of-roman-emperors/list-of-roman-emperors-3/,,,Conflict & Security,Imperial,Politics & Patronage; Military & Security,Critical,High,v3
GENS-HIST-0358,282,283,AD 282–283,Crisis of the Third Century,Carus's Persian campaign,War,Sasanian / Roman,Mesopotamia,Rome; Sasanian Persia,Carus,Emperor Carus campaigned successfully into Mesopotamia before dying.,Eastern army mobilization; sudden succession; trade uncertainty.,Security; taxes; politics,4,range,research_addition,https://82nd-and-fifth.metmuseum.org/toah/ht/05/wai.html,,,Conflict & Security,Regional,Politics & Patronage; Economy & Finance; Military & Security,High,High,v1
GENS-HIST-0359,283,283,AD 283,Crisis of the Third Century,Carus dies during Persian campaign; Carinus and Numerian rule,Imperial Succession,Roman,Mesopotamia and Western Empire,Roman eastern and western armies,Carus; Carinus; Numerian,"Carus died during a successful eastern campaign, leaving his sons Carinus and Numerian to rule different halves of the empire.",Sudden army succession; eastern withdrawal; dual courts.,Politics; security; trade,5,exact,research_addition,https://www.livius.org/articles/misc/list-of-roman-emperors/list-of-roman-emperors-3/,,,Politics & Government,Imperial,Politics & Patronage; Economy & Finance; Legal & Court; Military & Security,Critical,High,v3
GENS-HIST-0360,283,283,AD 283,Crisis of the Third Century,Major fires devastate monumental central Rome,Natural Disaster / Urban Fire,Roman,Rome,Urban population; temples; public buildings,Carinus / Numerian era,Ancient reports describe destructive fires affecting the Theatre and Portico of Pompey and a larger blaze along the Sacra Via that damaged major monuments.,Fire insurance-like household loss; lost archives; temple damage; rebuilding contracts.,Property; construction; commerce; public records,5,exact,research_addition,https://penelope.uchicago.edu/Thayer/E/Journals/CJ/27/4/Conflagrations%2A.html,,,Disaster & Public Health,Imperial / Urban,Economy & Finance; Legal & Court; Religion; Settlement & Demographics; Construction & Estates,Critical,High,v3
GENS-HIST-0361,284,284,AD 284,Dominate,Diocletian becomes emperor,Imperial Succession,Roman,Eastern empire,Roman army; imperial government,Diocletian,Diocletian's accession marked the transition out of the Crisis and toward major structural reforms.,Administrative reset; military regime stabilization.,Taxes; offices; stability,5,exact,repo_authored,https://github.com/rdnovotni/gens/blob/main/docs/design/gens-events-historical-timeline-late-antiquity-content.md,,,Politics & Government,Regional,Politics & Patronage; Economy & Finance; Military & Security,Critical,High,repo
GENS-HIST-0362,284,284,AD 284,Dominate,Numerian dies; eastern army proclaims Diocletian,Imperial Succession / Military Coup,Roman,Nicomedia / eastern army,Numerian's court; Diocletian's army; Carinus,Numerian; Diocletian; Carinus,"After Numerian died under suspicious circumstances, the eastern army proclaimed Diocletian emperor while Carinus remained ruler in the West.",Murder investigation; claimant oath; civil-war preparation.,Politics; military loyalty; court safety,5,exact,research_addition,https://www.livius.org/articles/misc/list-of-roman-emperors/list-of-roman-emperors-3/,https://www.livius.org/articles/misc/list-of-roman-emperors/list-of-roman-emperors-4/,,Conflict & Security,Imperial,Politics & Patronage; Legal & Court; Military & Security,Critical,High,v3
GENS-HIST-0363,285,285,AD 285,Dominate,Battle of the Margus ends Carinus's rule; Diocletian controls the empire,Civil War / Battle,Roman,Moesia,Diocletian's army; Carinus's army,Diocletian; Carinus,"Diocletian defeated Carinus's regime at the Margus, removing his last major rival.",Civil-war settlement; officer promotion/purge; unit reassignment.,Politics; military loyalty; security,5,exact,research_addition,https://www.livius.org/articles/misc/list-of-roman-emperors/list-of-roman-emperors-4/,,,Conflict & Security,Regional,Politics & Patronage; Military & Security; Settlement & Demographics,Critical,High,v3
GENS-HIST-0364,285,286,AD 285–286,Dominate,Bagaudae uprising challenges Roman authority in Gaul,Regional Revolt / Rural Unrest,Gallic / Roman,Gaul,Bagaudae; Roman administration,Amandus; Aelianus; Maximian,Rural insurgents labeled Bagaudae rose in Gaul early in Diocletian's reign and were suppressed by Maximian.,Estate labor unrest; tax resistance; rural fortified refuge; military suppression.,Security; taxation; labor; land,4,range,research_addition,https://www.cambridge.org/core/books/abs/cambridge-ancient-history/empire-under-diocletian-and-constantine/70D94553771004956ED532D9E72E32CD,,,Conflict & Security,Regional,Economy & Finance; Military & Security; Settlement & Demographics; Construction & Estates,High,Medium,v4
GENS-HIST-0365,285,286,AD 285–286,Dominate,Maximian elevated to co-emperor,Imperial Administration,Roman,Empire-wide,Diocletianic regime,Diocletian; Maximian,Diocletian shared imperial authority with Maximian to manage multiple fronts.,Dual courts; regional patronage; stronger military administration.,Offices; tax; security,3,range,research_addition,https://82nd-and-fifth.metmuseum.org/toah/ht/05/eusb.html,,,Politics & Government,Imperial,Politics & Patronage; Economy & Finance; Legal & Court; Military & Security,Medium,High,v1
GENS-HIST-0366,286,296,AD 286–296,Dominate,Carausian Revolt and breakaway Britain,Breakaway State / Civil War,British / Gallic,Britannia and Channel coast,Carausian/Allectan regime; central empire,Carausius; Allectus; Constantius Chlorus,Britain and parts of northern Gaul operated under a breakaway regime before reconquest.,Local emperor allegiance; coinage; trade/customs shifts.,Currency; loyalty; trade,4,range,research_addition,https://82nd-and-fifth.metmuseum.org/toah/ht/05/euw.html,,,Conflict & Security,Regional,Politics & Patronage; Economy & Finance; Military & Security,High,High,v1
GENS-HIST-0367,293,293,AD 293,Dominate,Tetrarchy established,Imperial Administration / Succession,Roman,Empire-wide,Two Augusti; two Caesars,Diocletian; Maximian; Galerius; Constantius Chlorus,The empire was formally governed by four cooperating rulers.,Regional court; new capital centers; succession expectations.,Administration; patronage; taxation,5,exact,repo_authored,https://github.com/rdnovotni/gens/blob/main/docs/design/gens-events-historical-timeline-late-antiquity-content.md,https://82nd-and-fifth.metmuseum.org/toah/ht/05/eusb.html,,Politics & Government,Imperial,Politics & Patronage; Economy & Finance; Legal & Court,Critical,High,repo
GENS-HIST-0368,294,294,c. AD 294,Dominate,Diocletianic coinage reform,Economy / Monetary Reform,Empire-wide,Empire-wide,Imperial mints; taxpayers; merchants,Diocletian,Diocletian introduced a restructured coinage system including new silver and large copper denominations as part of broader fiscal stabilization.,New denomination rollout; exchange friction; mint supply; accounting conversion.,Currency; prices; taxation; trade,5,approximate,research_addition,https://www.cambridge.org/core/journals/journal-of-roman-studies/article/abs/diocletians-reform-of-the-coinage-a-chronological-note1/FB52386DD903DBE7959EAE7C2F1AD6BC,,The reform unfolded in stages; c. 294 is an implementation anchor rather than a single-day event.,Economy & Trade,Imperial,Economy & Finance; Religion,Critical,Medium,v2
GENS-HIST-0369,296,296,AD 296,Dominate,Constantius reconquers Britain,War / Reunification,British,Britannia,Tetrarchic regime; Allectus,Constantius Chlorus; Allectus,Imperial forces ended the British breakaway regime.,Reintegration; amnesty; currency reset; veteran settlement.,Politics; trade; security,4,exact,research_addition,https://82nd-and-fifth.metmuseum.org/toah/ht/05/euw.html,,,Conflict & Security,Regional,Politics & Patronage; Economy & Finance; Military & Security; Settlement & Demographics,High,High,v1
GENS-HIST-0370,296,298,AD 296–298,Dominate,Egyptian usurpation of Domitius Domitianus and siege of Alexandria,Civil War / Usurpation,Egyptian / Roman,Egypt and Alexandria,Tetrarchic government; Egyptian rebels,Domitius Domitianus; Aurelius Achilleus; Diocletian,A usurpation in Egypt led to prolonged resistance and Diocletian's recapture of Alexandria.,Urban siege; rebel allegiance; grain disruption; confiscation; postwar purge.,Security; grain trade; property; taxes; political loyalty,5,range,research_addition,https://www.livius.org/articles/person/diocletian/,,,Conflict & Security,Regional,Politics & Patronage; Economy & Finance; Legal & Court; Military & Security; Settlement & Demographics; Construction & Estates,Critical,High,v2
GENS-HIST-0371,297,297,c. AD 297,Dominate,Iugatio-capitatio tax assessment reform,Economy / Tax Reform,Empire-wide,Empire-wide,Imperial tax administration; landowners; rural population,Diocletian,Late Tetrarchic fiscal reform linked assessments of cultivated land and population more systematically; Egyptian evidence dates implementation to around AD 297.,Estate census; reassessment; tax appeal; concealment of labor/land; administrative survey.,Taxes; land values; labor; recordkeeping; rural economy,5,approximate,research_addition,https://www.cambridge.org/core/journals/traditio/article/abs/studies-in-byzantine-economy-iugatio-and-capitatio/B24DB3BA8409A483C7E2230C23DCBB59,,Exact empire-wide implementation varied; Egypt provides especially firm evidence.,Economy & Trade,Imperial,Economy & Finance; Settlement & Demographics; Construction & Estates,Critical,High,v2
GENS-HIST-0372,297,298,AD 297–298,Dominate,Galerius defeats Persia; Peace of Nisibis,War / Diplomacy,Sasanian / Roman,Armenia and Mesopotamia,Rome; Sasanian Persia,Galerius; Narseh; Diocletian,Roman victory produced a favorable eastern settlement and strengthened frontier influence.,Trade reopening; diplomatic prestige; border changes.,Security; trade; diplomacy,4,range,research_addition,https://82nd-and-fifth.metmuseum.org/toah/ht/05/wai.html,,,Conflict & Security,Regional,Economy & Finance; Military & Security,High,High,v1
GENS-HIST-0373,297,302,AD 297 or 302,Dominate,Diocletian issues severe anti-Manichaean rescript,Religion / Persecution Edict,Roman / Manichaean,Eastern Roman Empire,Imperial authorities; Manichaean communities,Diocletian,"An imperial rescript condemned Manichaeism as a dangerous foreign Persian religion, prescribing execution for leaders and harsh penalties or confiscation for adherents of status.",Forbidden religious text; elite convert exposed; property confiscated; investigation of foreign contacts.,Piety; legal risk; property; diplomacy,5,approximate_range,research_addition,https://assets.cambridge.org/97805215/60900/frontmatter/9780521560900_frontmatter.htm,https://www.cambridge.org/core/books/serving-the-christian-state-in-late-antiquity/making-the-state-christian/074862E1053DE12C985C3DBC44882FA1,Scholarly dating varies between 297 and 302.,Law & Legal Status,Regional,Legal & Court; Religion; Construction & Estates,Critical,High,v4
GENS-HIST-0374,298,306,AD 298–306,Dominate,Baths of Diocletian constructed in Rome,Infrastructure / Public Baths,Roman,Rome,Imperial builders; urban bath users; labor force,Diocletian; Maximian,The largest imperial bath complex in Rome was built in only eight years and could accommodate thousands of users at once.,Mass construction project; labor/material demand; neighborhood property change; new public-health/leisure venue.,Construction; labor; commerce; public health,4,range,research_addition,https://museonazionaleromano.beniculturali.it/en/baths-of-diocletian/,,,Infrastructure & Settlement,Imperial / Urban,Economy & Finance; Legal & Court; Disease & Public Health; Construction & Estates,High,High,v5
GENS-HIST-0375,300,305,c. AD 300–305,Dominate,Diocletian's palace at Split constructed,Infrastructure / Imperial,Illyrian / Roman,Spalatum (Split),Imperial builders; Dalmatian communities,Diocletian,A vast fortified palace complex was built for Diocletian's retirement.,Construction boom; quarrying; court supply; local urban growth.,Labor; stone; trade,3,approximate_range,research_addition,https://82nd-and-fifth.metmuseum.org/toah/ht/05/eusb.html,,,Infrastructure & Settlement,Regional,Politics & Patronage; Economy & Finance; Legal & Court; Settlement & Demographics; Construction & Estates,Medium,Medium,v1
GENS-HIST-0376,301,301,AD 301,Dominate,Edict on Maximum Prices,Economy / Law,Empire-wide,Empire-wide,Tetrarchic government; merchants; workers,Diocletian,The government attempted to cap prices and wages amid inflation and currency problems.,Price-control compliance; black market; inspections; shortages.,Prices; trade; legal risk,5,exact,repo_authored,https://github.com/rdnovotni/gens/blob/main/docs/design/gens-events-historical-timeline-late-antiquity-content.md,https://www.jstor.org/stable/3314009,,Law & Legal Status,Imperial,Economy & Finance; Legal & Court,Critical,High,repo
GENS-HIST-0377,303,303,23 February AD 303,Dominate,First edict of the Great Persecution promulgated,Religion / Persecution Edict,Empire-wide / Christian,Nicomedia and empire-wide,Tetrarchic authorities; Christian churches,Diocletian; Galerius,"The first persecution edict ordered churches destroyed, scriptures surrendered, and Christian officeholders degraded.",Church searched; scriptures hidden; office lost; household servant's legal status threatened.,Piety; property; offices; legal danger,5,exact,research_addition,https://sourcebooks.web.fordham.edu/source/persec1.asp,,,Law & Legal Status,Imperial,Politics & Patronage; Legal & Court; Religion; Construction & Estates,Critical,High,v4
GENS-HIST-0378,303,311,AD 303–311,Dominate,Great Persecution,Religion / Persecution,Empire-wide / Early Christianity,Empire-wide,Tetrarchic authorities; Christians,Diocletian; Galerius,"The last and most severe empire-wide persecution targeted churches, clergy, scriptures, and Christian practice.",Confiscation; apostasy; martyrdom; hidden worship.,Piety; property; legal safety,5,range,repo_authored,https://github.com/rdnovotni/gens/blob/main/docs/design/gens-events-historical-timeline-late-antiquity-content.md,,,Religion & Culture,Imperial,Legal & Court; Religion; Construction & Estates; Culture & Education,Critical,High,repo
GENS-HIST-0379,304,304,AD 304,Dominate,Universal sacrifice requirement intensifies Great Persecution,Religion / Persecution Edict,Empire-wide / Christian,Empire-wide,Tetrarchic authorities; Christian communities,Diocletian; Galerius,"A later persecution edict required inhabitants broadly to sacrifice, turning local enforcement into a much wider test of religious conformity.",Sacrifice certificate; refusal arrest; family pressure; local magistrate discretion.,Piety; legal safety; reputation; public order,5,exact,research_addition,https://sourcebooks.web.fordham.edu/source/persec1.asp,,,Law & Legal Status,Imperial,Legal & Court; Religion,Critical,High,v4
GENS-HIST-0380,305,305,AD 305,Dominate,Diocletian and Maximian abdicate,Imperial Succession,Roman,Nicomedia / Mediolanum,Tetrarchic regime,Diocletian; Maximian; Galerius; Constantius,"The senior emperors voluntarily abdicated, testing the Tetrarchic succession system.",Planned succession; new courts; uncertainty over excluded heirs.,Political stability; patronage,5,exact,repo_authored,https://github.com/rdnovotni/gens/blob/main/docs/design/gens-events-historical-timeline-late-antiquity-content.md,,,Politics & Government,Regional,Politics & Patronage; Legal & Court,Critical,High,repo
GENS-HIST-0381,306,306,AD 306,Constantinian Christian Empire,Constantine proclaimed emperor at Eboracum,Imperial Succession,Roman / British,Eboracum (York),Constantine's army; Tetrarchic claimants,Constantine I; Constantius Chlorus,Constantine was proclaimed by troops after his father's death.,Regional imperial claim; army loyalty; civil-war foreshadowing.,Politics; security,5,exact,repo_authored,https://github.com/rdnovotni/gens/blob/main/docs/design/gens-events-historical-timeline-late-antiquity-content.md,,,Politics & Government,Regional,Politics & Patronage; Military & Security,Critical,High,repo
GENS-HIST-0382,306,306,AD 306,Constantinian Christian Empire,Maxentius seizes power at Rome,Civil War / Usurpation,Roman,Rome and Italy,Praetorian Guard; Roman populace; Tetrarchic rulers,Maxentius; Maximian; Constantine,"Soon after Constantine's proclamation in Britain, Maxentius was acclaimed in Rome, creating another competing imperial regime.",Rome-specific claimant loyalty; tax refusal; Guard mobilization; rival imperial portraits.,Politics; taxes; security; patronage,5,exact,research_addition,https://www.livius.org/articles/misc/list-of-roman-emperors/list-of-roman-emperors-4/,,,Conflict & Security,Imperial / Urban,Politics & Patronage; Economy & Finance; Military & Security; Travel & Trade Routes,Critical,High,v3
GENS-HIST-0383,306,306,c. AD 306,Constantinian Christian Empire,Rome's free food distributions replaced by subsidized grain sales,Economy / Annona Reform,Roman,Rome,Urban beneficiaries; grain sellers; city administration,,"Late-antique evidence indicates a major alteration of Rome's food-distribution regime around 306, replacing earlier free distributions with grain sold at a heavily reduced price.",Household food entitlement changes; must pay subsidized price; grain-shop administration expands.,Food expenses; urban economy; state finance,4,approximate,research_addition,https://www.cambridge.org/core/journals/harvard-theological-review/article/abs/foreign-groups-in-rome-during-the-first-centuries-of-the-empire/4F646AA56AB50983315DAF571EEC9972,,,Economy & Trade,Imperial / Urban,Economy & Finance; Settlement & Demographics,High,Medium,v5
GENS-HIST-0384,306,312,AD 306–312,Constantinian Christian Empire,Civil wars among Tetrarchic claimants,Civil War / Succession,Roman,"Italy, Balkans, Gaul",Multiple imperial claimants,Constantine; Maxentius; Licinius; Galerius; Maximian,The Tetrarchic succession unraveled into overlapping civil wars.,Allegiance choices; confiscation; marching armies.,Security; politics; taxes,5,range,research_addition,https://82nd-and-fifth.metmuseum.org/toah/ht/05/eust.html,,,Conflict & Security,Regional,Politics & Patronage; Economy & Finance; Legal & Court; Military & Security,Critical,High,v1
GENS-HIST-0385,307,307,AD 307,Constantinian Christian Empire,Constantine marries Fausta and allies with Maximian,Dynastic Alliance / Succession Politics,Roman,Gaul,Constantinian and Maximianic households,Constantine I; Fausta; Maximian,Constantine strengthened his dynastic legitimacy by marrying Maximian's daughter Fausta during the fractured Tetrarchic civil wars.,Dynastic wedding; patronage alliance; court titles; rival claimant reaction.,Dynasty; politics; patronage,3,exact,research_addition,https://www.livius.org/articles/misc/list-of-roman-emperors/list-of-roman-emperors-4/,,,Politics & Government,Regional,Politics & Patronage; Legal & Court,Medium,High,v4
GENS-HIST-0386,308,308,AD 308,Constantinian Christian Empire,Conference of Carnuntum reorganizes the Tetrarchy and elevates Licinius,Imperial Administration / Succession,Roman,Carnuntum,Tetrarchic emperors and retired Augusti,Diocletian; Galerius; Maximian; Licinius; Constantine; Maxentius,"Imperial leaders met at Carnuntum in an unsuccessful attempt to regularize the fractured Tetrarchic succession, elevating Licinius as Augustus.",Official rank changes; claimant legitimacy dispute; court patron recalculation.,Politics; diplomacy; military loyalty,4,exact,research_addition,https://www.livius.org/articles/misc/list-of-roman-emperors/list-of-roman-emperors-4/,,,Politics & Government,Regional,Politics & Patronage; Legal & Court; Military & Security,High,High,v3
GENS-HIST-0387,309,312,c. AD 309–312,Constantinian Christian Empire,Constantine introduces the solidus gold standard,Economy / Monetary Reform,Roman,"Western Empire, later empire-wide",Imperial mints; army; tax administration,Constantine I,"Constantine introduced the high-purity gold solidus, which became the dominant late Roman and Byzantine gold standard for centuries.",New gold currency; military pay; tax-accounting transition; wealth-store shift.,Currency; taxation; elite wealth; trade; military pay,5,approximate_range,research_addition,https://www.cambridge.org/core/books/exploring-the-economy-of-late-antiquity/precious-metal-coinages-and-monetary-expansion-in-late-antiquity/FFE7EA46EAF83B789DA9E2BE25BD0096,,Sources differ on whether to anchor the first issue at Trier c. 309–310 or the wider reform at 312.,Economy & Trade,Imperial,Economy & Finance; Military & Security,Critical,Medium,v2
GENS-HIST-0388,310,310,AD 310,Constantinian Christian Empire,Maximian dies after failed revolt against Constantine,Civil War / Dynastic Death,Roman,Massilia,Maximian faction; Constantinian regime,Maximian; Constantine I,The retired emperor Maximian attempted to reclaim power against Constantine and died after the rebellion failed.,Former emperor's clients purged; propaganda shift; dynastic scandal.,Politics; patronage; dynasty; security,4,exact,research_addition,https://www.livius.org/articles/misc/list-of-roman-emperors/list-of-roman-emperors-4/,,,Conflict & Security,Regional,Politics & Patronage; Military & Security,High,High,v4
GENS-HIST-0389,311,311,AD 311,Constantinian Christian Empire,Galerius dies; Tetrarchic balance collapses further,Imperial Succession,Roman,Balkans / eastern empire,Galerius's regime; Licinius; Maximinus Daia,Galerius; Licinius; Maximinus Daia,"Galerius died shortly after issuing toleration for Christians, leaving eastern territories contested between Licinius and Maximinus Daia.",Governor must recognize new ruler; tax remittance destination shifts; military mobilization.,Politics; taxes; security; piety,4,exact,research_addition,https://www.livius.org/articles/misc/list-of-roman-emperors/list-of-roman-emperors-4/,,,Politics & Government,Imperial,Politics & Patronage; Economy & Finance; Religion; Military & Security,High,High,v3
GENS-HIST-0390,311,311,AD 311,Constantinian Christian Empire,Galerius's Edict of Toleration,Religion / Law,Empire-wide / Early Christianity,Eastern Roman Empire,Imperial authorities; Christian communities,Galerius,"Galerius ended the Great Persecution and permitted Christians to worship openly, preceding the broader settlement associated with Milan.",Prisoner release; church reopening; property dispute; sudden legal-status reversal.,Piety; legal safety; property; social standing,5,exact,research_addition,https://sourcebooks.web.fordham.edu/source/edict-milan.asp,,,Law & Legal Status,Imperial,Legal & Court; Religion; Construction & Estates,Critical,High,v2
GENS-HIST-0391,312,312,AD 312,Constantinian Christian Empire,Battle of the Milvian Bridge,Civil War / Religion,Roman,Rome,Constantine; Maxentius,Constantine I; Maxentius,Constantine defeated Maxentius outside Rome; later tradition tied the victory to Christian signs and visions.,Regime change; religious favor shift; Rome political reset.,Politics; piety; patronage,5,exact,repo_authored,https://github.com/rdnovotni/gens/blob/main/docs/design/gens-events-historical-timeline-late-antiquity-content.md,,,Conflict & Security,Imperial / Urban,Politics & Patronage; Religion; Military & Security,Critical,High,repo
GENS-HIST-0392,313,313,AD 313,Constantinian Christian Empire,Constantine permits sale of newborn children in cases of extreme poverty,Law / Family Poverty,Roman,Empire-wide,Poor households; child purchasers; courts,Constantine I,Constantinian legislation allowed the sale of a newborn child under conditions of severe poverty while preserving a route to reclaim the child's freeborn status through repayment or substitution.,Desperate parent considers sale; later redemption; buyer disputes freeborn status; charity alternative.,Family; poverty; slavery; courts; household labor,5,exact,research_addition,https://www.cambridge.org/core/journals/journal-of-law-and-religion/article/abs/christianity-and-the-legal-status-of-abandoned-children-in-the-later-roman-empire/2BF21BA6BA83D9715B05CA32556E4103,,,Law & Legal Status,Imperial,Politics & Patronage; Legal & Court; Construction & Estates,Critical,High,v5
GENS-HIST-0393,313,313,c. AD 313,Constantinian Christian Empire,Donatist schism begins in North Africa,Religion / Schism,North African / Christian,North Africa,Donatists; Caecilianist/Nicene-aligned bishops,Donatus; Caecilian,Disputes over clergy who had compromised during persecution split North African Christianity.,Local church allegiance; rival congregations; legal petitions.,Piety; social cohesion; property,4,approximate,research_addition,https://82nd-and-fifth.metmuseum.org/toah/ht/05/afw.html,,,Religion & Culture,Regional,Legal & Court; Religion; Construction & Estates,High,Medium,v1
GENS-HIST-0394,313,313,AD 313,Constantinian Christian Empire,Edict/Agreement of Milan,Religion / Law,Empire-wide,Roman Empire,Imperial authorities; Christians and other cults,Constantine I; Licinius,Imperial policy established broad religious toleration and restored Christian property.,Property restitution; church building; public conversion.,Piety; property; social networks,5,exact,repo_authored,https://github.com/rdnovotni/gens/blob/main/docs/design/gens-events-historical-timeline-late-antiquity-content.md,https://82nd-and-fifth.metmuseum.org/toah/ht/05/eust.html,,Law & Legal Status,Imperial,Legal & Court; Religion; Construction & Estates,Critical,High,repo
GENS-HIST-0395,313,313,AD 313,Constantinian Christian Empire,Licinius defeats Maximinus Daia; two-emperor order emerges,Civil War / Succession,Roman,Thrace and Anatolia,Licinius; Maximinus Daia,Licinius; Maximinus Daia; Constantine,"Licinius defeated Maximinus Daia, leaving Constantine and Licinius as the empire's two principal rulers.",Eastern regime change; purge/amnesty; religious policy change; veteran rewards.,Politics; security; piety; land,5,exact,research_addition,https://www.livius.org/articles/misc/list-of-roman-emperors/list-of-roman-emperors-4/,,,Conflict & Security,Regional,Politics & Patronage; Religion; Military & Security; Settlement & Demographics; Construction & Estates,Critical,High,v3
GENS-HIST-0396,314,314,c. AD 314,Constantinian Christian Empire,Armenia adopts Christianity under Tiridates III,Religion / State Conversion,Armenian,Armenia,Armenian monarchy; traditional cults; Christian clergy,Tiridates III; Gregory the Illuminator,"Armenia became the first kingdom traditionally identified as adopting Christianity as a state religion, though the exact year is disputed.",Foreign-court conversion; temple property transfer; noble conversion; clerical appointments.,Diplomacy; piety; elite alliances; regional religion,4,approximate,research_addition,https://www.worldhistory.org/Saint_Gregory_the_Illuminator/,,Traditional Armenian dating uses AD 301; many modern historians prefer a date around AD 314 after the Edict of Milan.,Religion & Culture,Local / Regional,Politics & Patronage; Legal & Court; Religion; Construction & Estates,High,Medium,v2
GENS-HIST-0397,314,314,AD 314,Constantinian Christian Empire,Council of Arles,Religion / Council,Roman / Christian,Arles,Western bishops; imperial government,Constantine I,An imperial-backed council addressed the Donatist dispute and church discipline.,Bishop travel; doctrinal legitimacy; local schism consequences.,Piety; politics,3,exact,research_addition,https://82nd-and-fifth.metmuseum.org/toah/ht/05/euw.html,,,Religion & Culture,Regional,Politics & Patronage; Religion; Travel & Trade Routes,Medium,High,v1
GENS-HIST-0398,315,315,25 July AD 315,Constantinian Christian Empire,Arch of Constantine dedicated,Infrastructure / Imperial Monument,Roman,Rome,Senate; urban populace; imperial regime,Constantine I,"The Senate dedicated the great triumphal arch near the Colosseum for Constantine's victory and decennalia, prominently reusing sculpture from earlier imperial monuments.",Dedication festival; spolia debate; artisan work; regime propaganda.,Prestige; culture; construction; politics,3,exact,research_addition,https://colosseo.it/en/area/arch-of-constantine-and-meta-sudans/,,,Infrastructure & Settlement,Imperial / Urban,Politics & Patronage; Religion; Construction & Estates; Culture & Education,Medium,High,v5
GENS-HIST-0399,316,317,AD 316–317,Constantinian Christian Empire,First war between Constantine and Licinius ends in negotiated division,Civil War / Political Settlement,Roman,Balkans,Constantine's armies; Licinius's armies,Constantine I; Licinius,Open war between the two Augusti ended with a settlement and elevation of their sons as Caesars.,Border/control changes; troop movements; new child Caesars; court loyalty.,Politics; security; dynasty,4,range,research_addition,https://www.livius.org/articles/misc/list-of-roman-emperors/list-of-roman-emperors-4/,,,Conflict & Security,Regional,Politics & Patronage; Legal & Court; Military & Security; Settlement & Demographics,High,High,v4
GENS-HIST-0400,320,327,AD 320–327,Constantinian Christian Empire,Old St. Peter's Basilica constructed,Infrastructure / Religion,Roman / Christian,Rome,Christian church; imperial builders,Constantine I,Constantine sponsored a monumental basilica over the traditional site associated with Peter.,Pilgrimage boom; church patronage; construction economy.,Piety; commerce; labor,3,range,research_addition,https://82nd-and-fifth.metmuseum.org/toah/ht/05/eust.html,,,Religion & Culture,Imperial / Urban,Politics & Patronage; Economy & Finance; Religion; Construction & Estates,Medium,High,v1
GENS-HIST-0401,321,321,AD 321,Constantinian Christian Empire,Constantine's Sunday rest law,Law / Religious-Social Policy,Roman / Christian,Empire-wide,Judges; urban workers; agricultural laborers,Constantine I,"Constantine ordered courts and urban occupations to rest on the venerable day of the Sun, while allowing agricultural work when necessary.",Court closure day; shop/work schedule changes; religious interpretation.,Courts; labor; commerce; religion,4,exact,research_addition,https://sourcebooks.web.fordham.edu/source/const1-sunday.asp,,,Law & Legal Status,Imperial,Politics & Patronage; Economy & Finance; Legal & Court; Religion; Construction & Estates,High,Medium,v4
GENS-HIST-0402,324,324,AD 324,Constantinian Christian Empire,Constantine defeats Licinius and becomes sole emperor,Civil War / Succession,Roman,Balkans / Bosporus,Constantine; Licinius,Constantine I; Licinius,Constantine's victory ended co-rule and reunited imperial authority under one ruler.,Court consolidation; purge/amnesty; policy unification.,Stability; patronage,5,exact,research_addition,https://82nd-and-fifth.metmuseum.org/toah/ht/05/eusb.html,,,Conflict & Security,Regional,Politics & Patronage; Legal & Court; Military & Security,Critical,High,v1
GENS-HIST-0403,325,325,AD 325,Constantinian Christian Empire,Council of Nicaea,Religion / Council,Early Christianity,Nicaea,Imperial government; bishops,Constantine I; Arius; Alexander of Alexandria,The first empire-wide Christian council produced the Nicene Creed and addressed the Arian controversy.,Doctrine-choice ripples; bishop reputation; church faction politics.,Piety; social cohesion; imperial favor,5,exact,repo_authored,https://github.com/rdnovotni/gens/blob/main/docs/design/gens-events-historical-timeline-late-antiquity-content.md,,,Religion & Culture,Local / Regional,Politics & Patronage; Religion,Critical,High,repo
GENS-HIST-0404,325,325,AD 325,Constantinian Christian Empire,Licinius executed after defeat by Constantine,Dynastic / Political Execution,Roman,Thessalonica,Constantinian regime; former Licinian network,Licinius; Constantine I,"After losing the civil war and initially being spared, the former emperor Licinius was executed.",Former claimant's clients purged; confiscation; loyalty test.,Politics; property; patronage,4,exact,research_addition,https://www.livius.org/articles/misc/list-of-roman-emperors/list-of-roman-emperors-4/,,,Politics & Government,Regional,Politics & Patronage; Legal & Court; Construction & Estates,High,High,v3
GENS-HIST-0405,326,326,AD 326,Constantinian Christian Empire,Crispus and Fausta die in Constantinian court purge,Dynastic / Court Crisis,Roman,Imperial court,Constantinian dynasty,Constantine I; Crispus; Fausta,"Constantine's eldest son Crispus was executed and the empress Fausta died soon afterward under obscure circumstances, creating a major dynastic scandal.",Court rumor; succession recalculation; household patron disappears; damnatio-like memory pressure.,Politics; patronage; dynasty; court safety,5,exact,research_addition,https://www.livius.org/articles/misc/list-of-roman-emperors/list-of-roman-emperors-4/,,Ancient explanations of motive and Fausta's exact manner of death are late and contradictory; keep causes deliberately unspecified.,Politics & Government,Regional,Politics & Patronage; Legal & Court,Critical,High,v3
GENS-HIST-0406,330,330,AD 330,Constantinian Christian Empire,Constantinople dedicated as New Rome,Urban / Imperial Capital,Greek East,Constantinople,Imperial government; Greek East,Constantine I,Constantinople was formally inaugurated as a new imperial capital.,Migration; land grants; bureaucracy transfer; construction boom.,Property; trade; patronage; labor,5,exact,repo_authored,https://github.com/rdnovotni/gens/blob/main/docs/design/gens-events-historical-timeline-late-antiquity-content.md,https://82nd-and-fifth.metmuseum.org/toah/ht/05/eust.html,,Infrastructure & Settlement,Imperial / Urban,Politics & Patronage; Economy & Finance; Legal & Court; Settlement & Demographics; Construction & Estates,Critical,High,repo
GENS-HIST-0407,332,332,AD 332,Constantinian Christian Empire,Constantine defeats Goths and establishes a major treaty relationship,War / Treaty,Gothic / Roman,Lower Danube,Roman Empire; Gothic groups,Constantine I; Constantine II,A Roman victory over Gothic forces was followed by an agreement supplying Gothic military manpower and regulating relations across the Danube.,Foreign recruits; hostages; frontier trade; federate obligations.,Diplomacy; military manpower; trade; security,4,exact,research_addition,https://www.cambridge.org/core/books/abs/cambridge-ancient-history/constantine-and-the-christian-empire/47EEFFDB47F9C6FC37A6B71D45AE48E5,,,Conflict & Security,Regional,Economy & Finance; Military & Security,High,Medium,v4
GENS-HIST-0408,335,335,AD 335,Constantinian Christian Empire,Council of Tyre deposes Athanasius,Religion / Council,Christian / Eastern Roman,Tyre,Arian and Nicene church factions; imperial government,Athanasius; Constantine I,"A church council at Tyre condemned Athanasius of Alexandria, who was subsequently exiled amid continuing post-Nicene conflict.",Bishop deposed; congregation faction; clerical patron changes; exile.,Piety; patronage; social cohesion,4,exact,research_addition,https://www.cambridge.org/core/books/abs/cambridge-history-of-christianity/constantine-and-the-church/7F62FE7034C50B0A04774CF17792DDA0,,,Religion & Culture,Regional,Politics & Patronage; Religion,High,Medium,v4
GENS-HIST-0409,337,337,AD 337,Constantinian Christian Empire,Constantine's sons divide imperial rule after dynastic killings,Imperial Succession / Dynastic Purge,Roman,Empire-wide,Constantinian princes; imperial army; extended dynasty,Constantine II; Constantius II; Constans,"After Constantine's death and a violent purge of other male relatives, his three surviving sons divided imperial territories among themselves.",Regional ruler changes; purge danger; patronage split; new court centers.,Politics; patronage; security,5,exact,research_addition,https://www.livius.org/articles/misc/list-of-roman-emperors/list-of-roman-emperors-4/,,,Conflict & Security,Imperial,Politics & Patronage; Legal & Court; Military & Security,Critical,High,v3
GENS-HIST-0410,337,337,AD 337,Constantinian Christian Empire,Death of Constantine,Imperial Succession,Roman,Nicomedia,Constantinian dynasty,Constantine I; Constantine II; Constantius II; Constans,Constantine died and the empire was divided among his sons after violent dynastic consolidation.,Succession anxiety; court patronage split; army allegiance.,Politics; security,5,exact,repo_authored,https://github.com/rdnovotni/gens/blob/main/docs/design/gens-events-historical-timeline-late-antiquity-content.md,,,Politics & Government,Regional,Politics & Patronage; Legal & Court; Military & Security,Critical,High,repo
GENS-HIST-0411,340,340,AD 340,Constantinian Christian Empire,War between Constantine II and Constans,Civil War / Dynastic,Roman,Italy,Constantinian brothers,Constantine II; Constans,A dynastic war ended with Constantine II's death.,Regional army movement; faction choice; court consolidation.,Security; patronage,4,exact,research_addition,https://82nd-and-fifth.metmuseum.org/toah/ht/05/eust.html,,,Conflict & Security,Regional,Politics & Patronage; Legal & Court; Military & Security,High,High,v1
GENS-HIST-0412,341,341,AD 341,Constantinian Christian Empire,Dedication Council at Antioch issues creeds and canons,Religion / Council,Christian / Syrian,Antioch,Eastern bishops; imperial court,Constantius II; eastern bishops,The council associated with dedication of Constantine's Golden Church issued important canons and alternative creedal formulas during the Arian controversy.,Clerical appointment dispute; creed alignment; church-property or jurisdiction issue.,Piety; local politics; church governance,3,exact,research_addition,https://assets.cambridge.org/97805214/60835/frontmatter/9780521460835_frontmatter.htm,,,Religion & Culture,Regional,Politics & Patronage; Legal & Court; Religion; Construction & Estates,Medium,High,v4
GENS-HIST-0413,345,345,c. AD 345,Constantinian Christian Empire,Ulfilas converts Goths to Arian Christianity,Religion / Mission,Gothic,Danubian/Gothic lands,Gothic communities; Arian Christians,Ulfilas (Wulfila),Missionary activity spread Arian Christianity among Gothic peoples.,Religious diffusion beyond frontier; literate clergy; Gothic diplomacy.,Piety; diplomacy; culture,3,approximate,research_addition,https://82nd-and-fifth.metmuseum.org/toah/ht/05/euw.html,,,Religion & Culture,Regional,Religion; Culture & Education,Medium,Medium,v1
GENS-HIST-0414,350,353,AD 350–353,Constantinian Christian Empire,Usurpation of Magnentius and civil war,Civil War / Usurpation,Roman,Western Empire / Balkans,Magnentius; Constantius II,Magnentius; Constantius II,Magnentius seized western power and fought Constantius II before defeat.,Allegiance; requisition; depopulating battles.,Security; taxes; politics,5,range,research_addition,https://82nd-and-fifth.metmuseum.org/toah/ht/05/euw.html,,,Conflict & Security,Regional,Politics & Patronage; Economy & Finance; Military & Security,Critical,High,v1
GENS-HIST-0415,351,351,AD 351,Constantinian Christian Empire,Battle of Mursa Major devastates rival Roman armies,Civil War / Battle,Roman,"Mursa, Pannonia",Constantius II; Magnentius,Constantius II; Magnentius,One of the bloodiest battles of the century badly depleted both sides during the civil war for control of the empire.,Mass casualties; recruitment replacement; veteran widows; tax and supply burden.,Security; manpower; household deaths; taxes,5,exact,research_addition,https://www.livius.org/articles/misc/list-of-roman-emperors/list-of-roman-emperors-4/,,,Conflict & Security,Regional,Economy & Finance; Military & Security,Critical,High,v4
GENS-HIST-0416,353,353,AD 353,Constantinian Christian Empire,Magnentius dies; Constantius II becomes sole emperor,Civil War / Succession,Roman,Gaul,Magnentius regime; Constantius II,Magnentius; Constantius II,"After years of civil war, Magnentius was defeated and died, leaving Constantius II sole ruler.",Western purge/amnesty; veteran displacement; tax recovery.,Politics; security; taxation,5,exact,research_addition,https://www.livius.org/articles/misc/list-of-roman-emperors/list-of-roman-emperors-4/,,,Conflict & Security,Regional,Politics & Patronage; Economy & Finance; Military & Security,Critical,High,v3
GENS-HIST-0417,354,354,AD 354,Constantinian Christian Empire,Constantius II executes Caesar Gallus,Dynastic Purge / Succession Politics,Roman,Pola,Constantinian dynasty; eastern court,Constantius II; Gallus,"After a violent and controversial administration in the East, Gallus was arrested, stripped of rank, and executed on Constantius II's orders.",Regional patron removed; officials investigated; succession opening for Julian.,Politics; patronage; dynasty,4,exact,research_addition,https://www.livius.org/articles/misc/list-of-roman-emperors/list-of-roman-emperors-4/,,,Politics & Government,Regional,Politics & Patronage,High,High,v4
GENS-HIST-0418,355,355,AD 355,Constantinian Christian Empire,Julian appointed Caesar in Gaul,Imperial Appointment / Frontier,Roman / Gallic,Gaul,Imperial court; Rhine army,Julian; Constantius II,Constantius II appointed his cousin Julian as Caesar to restore Roman authority in the troubled Gallic provinces.,New regional court; military supply demand; elite patron opportunity.,Politics; military security; patronage; trade,4,exact,research_addition,https://www.livius.org/articles/misc/list-of-roman-emperors/list-of-roman-emperors-4/,,,Politics & Government,Regional,Politics & Patronage; Economy & Finance; Legal & Court; Military & Security; Travel & Trade Routes,High,High,v3
GENS-HIST-0419,357,357,AD 357,Constantinian Christian Empire,Battle of Strasbourg,War / Frontier,Germanic / Gallic,Argentoratum (Strasbourg),Rome; Alamanni,Julian,Caesar Julian won a major victory over the Alamanni in Gaul.,Frontier relief; captives; military prestige.,Security; trade; recruitment,4,exact,research_addition,https://82nd-and-fifth.metmuseum.org/toah/ht/05/euw.html,,,Conflict & Security,Regional,Economy & Finance; Military & Security,High,High,v1
GENS-HIST-0420,358,358,AD 358,Constantinian Christian Empire,Nicomedia earthquake,Natural Disaster / Earthquake,Bithynian / Anatolian,Nicomedia,Urban population; imperial administration,,"A severe earthquake devastated Nicomedia, with fires and widespread collapse described by Ammianus Marcellinus.",Urban destruction; relief delay; rebuilding; displaced population; omen interpretation.,Buildings; population; labor; local commerce,5,exact,research_addition,https://penelope.uchicago.edu/Thayer/E/Roman/Texts/Ammian/17%2A.html,https://www.cambridge.org/core/books/abs/an-environmental-history-of-ancient-greece-and-rome/earthquakes-and-volcanoes/FEE10CA4A350BC1BB50138AFE62726A9,,Disaster & Public Health,Regional,Economy & Finance; Settlement & Demographics; Construction & Estates; Culture & Education,Critical,High,v2
GENS-HIST-0421,359,359,AD 359,Constantinian Christian Empire,Councils of Rimini and Seleucia expose empire-wide doctrinal division,Religion / Councils,Christian / Empire-wide,Rimini and Seleucia,Western and eastern bishops; imperial court,Constantius II,Parallel councils involving large numbers of bishops attempted to settle Trinitarian disputes but instead highlighted the instability of imperial church policy.,Bishop travel; creed subscription pressure; local clergy split; imperial intervention.,Piety; social cohesion; travel; politics,4,exact,research_addition,https://assets.cambridge.org/97805214/60835/frontmatter/9780521460835_frontmatter.htm,,,Religion & Culture,Imperial,Politics & Patronage; Religion; Travel & Trade Routes,High,High,v4
GENS-HIST-0422,360,360,AD 360,Constantinian Christian Empire,Gallic troops proclaim Julian Augustus,Military Revolt / Succession,Roman / Gallic,Lutetia (Paris),Julian's Gallic army; Constantius II's government,Julian; Constantius II,Troops in Gaul proclaimed Julian full Augustus after orders threatened to transfer units east.,Army mutiny; divided loyalty; civil-war anticipation; tax remittance dilemma.,Politics; military loyalty; taxation,5,exact,research_addition,https://www.livius.org/articles/misc/list-of-roman-emperors/list-of-roman-emperors-4/,,,Conflict & Security,Regional,Politics & Patronage; Economy & Finance; Military & Security,Critical,High,v3
GENS-HIST-0423,360,360,AD 360,Constantinian Christian Empire,Great Church of Constantinople dedicated,Infrastructure / Religion,Roman / Christian,Constantinople,Imperial church; urban population,Constantius II,"The predecessor of the later Hagia Sophia, often called the Great Church, was dedicated near the imperial palace.",Major church opening; clerical offices; pilgrim traffic; urban prestige.,Piety; construction; commerce; prestige,3,exact,research_addition,https://www.cambridge.org/core/books/abs/cambridge-companion-to-constantinople/churches-of-constantinople/4B2F63572177342569FD7E17FC873C04,,,Religion & Culture,Imperial / Urban,Politics & Patronage; Economy & Finance; Religion; Settlement & Demographics; Construction & Estates,Medium,Medium,v4
GENS-HIST-0424,361,363,AD 361–363,Constantinian Christian Empire,Reign of Julian and pagan restoration effort,Religion / Imperial Policy,Roman / Hellenic,Empire-wide,Traditional cults; Christians; imperial government,Julian,Julian attempted to revive traditional cults and reduce Christian privilege.,Temple restoration; patronage reversal; religious competition.,Piety; property; imperial favor,4,range,repo_authored,https://github.com/rdnovotni/gens/blob/main/docs/design/gens-events-historical-timeline-late-antiquity-content.md,,,Religion & Culture,Imperial,Politics & Patronage; Legal & Court; Religion; Construction & Estates,High,High,repo
GENS-HIST-0425,362,362,AD 362,Constantinian Christian Empire,Julian's school law restricts Christian teachers of classical literature,Law / Education Policy,Roman / Christian / Hellenic,Empire-wide,Teachers; Christian elites; civic schools,Julian,Julian required teachers to receive municipal approval and argued that Christians should not teach classical pagan authors whose religious worldview they rejected.,Tutor loses post; household seeks pagan or Christian schooling; curriculum dispute.,Education; religion; employment; local politics,4,exact,research_addition,https://sourcebooks.web.fordham.edu/ancient/julian-misopogon.asp,,,Law & Legal Status,Imperial,Politics & Patronage; Legal & Court; Religion; Culture & Education,High,Medium,v4
GENS-HIST-0426,363,363,AD 363,Constantinian Christian Empire,Julian dies on Persian campaign; Jovian peace cedes Nisibis,War / Succession / Diplomacy,Sasanian / Roman,Mesopotamia,Rome; Sasanian Persia,Julian; Jovian; Shapur II,Julian died during a Persian campaign; Jovian negotiated a difficult peace that surrendered key positions including Nisibis.,Refugees from ceded cities; trade route shift; succession shock.,Security; trade; property,5,exact,research_addition,https://82nd-and-fifth.metmuseum.org/toah/ht/05/wai.html,,,Conflict & Security,Regional,Politics & Patronage; Economy & Finance; Legal & Court; Military & Security; Settlement & Demographics; Travel & Trade Routes,Critical,High,v1
GENS-HIST-0427,364,364,AD 364,Constantinian Christian Empire,Jovian dies; Valentinian I and Valens establish new imperial partnership,Imperial Succession / Division,Roman,Nicaea and Mediana,Army; imperial court,Jovian; Valentinian I; Valens,"Jovian died unexpectedly; the army chose Valentinian, who soon appointed his brother Valens to govern the East.",Sudden succession; east-west court assignment; governor loyalties update.,Politics; offices; stability,5,exact,research_addition,https://www.livius.org/articles/misc/list-of-roman-emperors/list-of-roman-emperors-4/,,,Politics & Government,Imperial,Politics & Patronage; Legal & Court,Critical,High,v4
GENS-HIST-0428,364,364,AD 364,Constantinian Christian Empire,Valentinian I and Valens divide imperial responsibilities,Imperial Administration,Roman,East and West,Imperial government,Valentinian I; Valens,The brothers established a durable division of governing responsibility between western and eastern courts.,Different regional policies; court patronage split.,Administration; politics,4,exact,research_addition,https://82nd-and-fifth.metmuseum.org/toah/ht/05/eust.html,,,Politics & Government,Regional,Politics & Patronage; Legal & Court,High,High,v1
GENS-HIST-0429,365,365,AD 365,Constantinian Christian Empire,Crete earthquake and eastern Mediterranean tsunami,Natural Disaster / Tsunami,Eastern Mediterranean,"Crete, Alexandria, Peloponnese and other coasts",Coastal communities; merchants; port authorities,,"A major earthquake generated a destructive tsunami across the eastern Mediterranean, famously inundating Alexandria and stranding ships inland.",Port destruction; ship losses; cargo salvage; coastal refugees; food-import disruption.,Shipping; trade; population; buildings; food supply,5,exact,research_addition,https://www.cambridge.org/core/journals/journal-of-roman-studies/article/abs/ammianus-and-the-great-tsunami/88837933069866D08742D334AF6BA8E0,https://www.cambridge.org/core/books/abs/an-environmental-history-of-ancient-greece-and-rome/earthquakes-and-volcanoes/FEE10CA4A350BC1BB50138AFE62726A9,,Disaster & Public Health,Local / Regional,Economy & Finance; Settlement & Demographics; Travel & Trade Routes; Construction & Estates,Critical,High,v2
GENS-HIST-0430,365,366,AD 365–366,Constantinian Christian Empire,Procopius seizes Constantinople and challenges Valens,Civil War / Usurpation,Roman / Greek East,Constantinople and Asia Minor,Procopius faction; Valens loyalists,Procopius; Valens,Procopius exploited Constantinian family connections and local support to seize Constantinople before defections undermined his revolt.,Capital changes ruler; bread distribution falters; double taxation; loyalty test.,Politics; food supply; taxes; security,5,range,research_addition,https://www.cambridge.org/core/books/abs/from-the-tetrarchs-to-the-theodosians/reinventing-constantinople-theodosius-is-imprint-on-the-imperial-city/55D51F29F36606DC5675EA83A1631087,,,Conflict & Security,Imperial / Urban,Politics & Patronage; Economy & Finance; Military & Security,Critical,High,v4
GENS-HIST-0431,366,366,AD 366,Constantinian Christian Empire,Damasus–Ursinus episcopal contest erupts into lethal violence,Religion / Urban Violence,Roman / Christian,Rome,Rival Christian factions; Roman clergy; urban supporters,Damasus; Ursinus,A disputed episcopal election led to street and basilica violence in Rome with substantial loss of life.,Household chooses church faction; basilica unsafe; clerical patron changes; funerals.,Piety; public order; patronage; household deaths,5,exact,research_addition,https://www.cambridge.org/core/books/abs/religion-dynasty-and-patronage-in-early-christian-rome-300900/memory-and-authority-in-sixthcentury-rome-the-liber-pontificalis-and-the-collectio-avellana/425BCC5998F44D67469E93B6E96C8C06,,The most lurid surviving casualty description comes from a hostile dossier; do not hard-code exact deaths.,Religion & Culture,Imperial / Urban,Politics & Patronage; Religion; Settlement & Demographics,Critical,High,v4
GENS-HIST-0432,367,368,AD 367–368,Constantinian Christian Empire,Great Conspiracy in Britain,War / Frontier Crisis,British,Britannia,Picts; Scots; Attacotti; Roman Britain,Theodosius the Elder,Coordinated attacks and internal breakdown seriously disrupted Roman Britain before restoration.,Raid chains; local officials fail; emergency army arrival.,Security; trade; population,4,range,research_addition,https://82nd-and-fifth.metmuseum.org/toah/ht/05/euw.html,,,Conflict & Security,Regional,Economy & Finance; Military & Security; Settlement & Demographics,High,High,v1
GENS-HIST-0433,369,369,AD 369,Constantinian Christian Empire,Valentinian I restores free bread distributions at Rome,Economy / Annona Reform,Roman,Rome,Urban populace; bakers; city administration,Valentinian I,Free bread distribution was restored at Rome under Valentinian I after earlier fourth-century changes in the urban food-supply system.,Household budget improves; bakery obligations expand; beneficiary registry dispute.,Food expenses; guild labor; state finance; public order,4,exact,research_addition,https://www.cambridge.org/core/journals/harvard-theological-review/article/abs/foreign-groups-in-rome-during-the-first-centuries-of-the-empire/4F646AA56AB50983315DAF571EEC9972,https://www.cambridge.org/core/journals/papers-of-the-british-school-at-rome/article/abs/pigs-plebeians-and-potentes-romes-economic-hinterland-c-350600ad1/F058BE64F469094C2711C8D98C1E7CE3,,Economy & Trade,Imperial / Urban,Economy & Finance; Construction & Estates,High,High,v5
GENS-HIST-0434,372,375,AD 372–375,Constantinian Christian Empire,Firmus rebels in Roman North Africa,Regional Revolt / Civil War,North African / Roman,Mauretania and Africa,Firmus coalition; Roman army; local tribes and elites,Firmus; Theodosius the Elder,The Mauretanian prince Firmus rebelled against Roman authority after conflict with the powerful official Romanus; imperial forces campaigned to suppress him.,Local allegiance; tax disruption; rural raids; corrupt governor complaints; army billeting.,Security; taxes; patronage; trade,4,range,research_addition,https://www.cambridge.org/core/books/abs/cambridge-ancient-history/late-roman-africa/03AD042CF831F94AA31878B6C8277843,,,Conflict & Security,Regional,Politics & Patronage; Economy & Finance; Military & Security,High,Medium,v4
GENS-HIST-0435,374,374,c. AD 374,Constantinian Christian Empire,Late Roman law moves to prohibit infant exposure,Law / Family & Child Protection,Roman,Empire-wide,Parents; foundlings; purchasers; courts,Valentinian I,"By around 374 imperial legislation treated exposure or killing of infants far more severely, reflecting a major shift in the legal treatment of abandoned children.",Foundling status case; parent prosecuted; household must choose charity/adoption instead of exposure.,Family; law; slavery; household welfare,5,approximate,research_addition,https://www.cambridge.org/core/journals/journal-of-roman-studies/article/abs/child-exposure-in-the-roman-empire/3410A0618E4B37F1CF1EE52B11DC89F4,https://www.cambridge.org/core/journals/journal-of-law-and-religion/article/abs/christianity-and-the-legal-status-of-abandoned-children-in-the-later-roman-empire/2BF21BA6BA83D9715B05CA32556E4103,The exact legal relationship between infanticide and exposure in the surviving constitutions is debated.,Law & Legal Status,Imperial,Legal & Court,Critical,Medium,v5
GENS-HIST-0436,375,375,AD 375,Constantinian Christian Empire,Valentinian I dies; Gratian and Valentinian II rule the West,Imperial Succession,Roman,Danube frontier / Western Empire,Western imperial court; army,Valentinian I; Gratian; Valentinian II,Valentinian I died suddenly while campaigning; the army also elevated his young son Valentinian II alongside Gratian.,Child-emperor faction; regency politics; new patron networks.,Politics; patronage; military loyalty,4,exact,research_addition,https://www.livius.org/articles/misc/list-of-roman-emperors/list-of-roman-emperors-4/,,,Politics & Government,Imperial,Politics & Patronage; Military & Security,High,High,v3
GENS-HIST-0437,376,376,AD 376,Constantinian Christian Empire,Goths cross the Danube into the Empire,Migration / Frontier Crisis,Gothic / Balkan,Lower Danube,Gothic refugees; Roman authorities,Fritigern; Valens,Gothic groups fleeing Hunnic pressure were admitted across the Danube; abuse and supply failure helped trigger revolt.,Refugee settlement; food crisis; corruption; local conflict.,Population; food prices; security,5,exact,research_addition,https://penelope.uchicago.edu/Thayer/E/Gazetteer/Periods/Roman/People/Goths/Britannica_1911%2A.html,https://82nd-and-fifth.metmuseum.org/toah/ht/05/euw.html,,Migration & Demography,Regional,Economy & Finance; Military & Security; Settlement & Demographics,Critical,High,v1
GENS-HIST-0438,378,378,AD 378,Constantinian Christian Empire,Battle of Adrianople,War / Battle,Gothic / Roman,Adrianople,Eastern Roman Empire; Goths and allies,Valens; Fritigern,Gothic forces destroyed a major eastern Roman army and killed Emperor Valens.,Imperial death; army losses; frontier panic; refugee events.,Security; recruitment; politics,5,exact,research_addition,https://82nd-and-fifth.metmuseum.org/toah/ht/05/eusb.html,https://penelope.uchicago.edu/Thayer/E/Gazetteer/Periods/Roman/People/Goths/Britannica_1911%2A.html,,Conflict & Security,Regional,Politics & Patronage; Military & Security; Settlement & Demographics,Critical,High,v1
GENS-HIST-0439,379,379,AD 379,Constantinian Christian Empire,Theodosius I becomes eastern emperor,Imperial Succession,Roman,Eastern Empire,Imperial government,Theodosius I; Gratian,Theodosius was elevated to stabilize the East after Adrianople.,New military policy; religious/political patronage.,Stability; offices,4,exact,research_addition,https://github.com/rdnovotni/gens/blob/main/docs/design/gens-events-historical-timeline-late-antiquity-content.md,,,Politics & Government,Regional,Politics & Patronage; Religion; Military & Security,High,High,v1
GENS-HIST-0440,380,380,AD 380,Constantinian Christian Empire,Edict of Thessalonica,Religion / Law,Empire-wide,Thessalonica / empire-wide,Nicene Christians; other Christian groups; traditional cults,Theodosius I; Gratian; Valentinian II,Nicene Christianity received exclusive imperial definition as orthodox imperial religion.,Official faith alignment; religious patronage; dissent risk.,Piety; legal status; imperial favor,5,exact,repo_authored,https://github.com/rdnovotni/gens/blob/main/docs/design/gens-events-historical-timeline-late-antiquity-content.md,,,Law & Legal Status,Imperial,Politics & Patronage; Legal & Court; Religion,Critical,High,repo
GENS-HIST-0441,381,381,AD 381,Constantinian Christian Empire,First Council of Constantinople,Religion / Council,Christian / Greek East,Constantinople,Eastern bishops; imperial government,Theodosius I; Gregory of Nazianzus; Meletius; Nectarius,"The council reaffirmed Nicene theology, addressed rival doctrines, and elevated Constantinople's ecclesiastical standing.",Doctrinal alignment; bishop appointment; church property dispute; eastern clerical politics.,Piety; legitimacy; social cohesion; patronage,5,exact,research_addition,https://www.encyclopedia.com/reference/encyclopedias-almanacs-transcripts-and-maps/constantinople-first-council,,,Religion & Culture,Imperial / Urban,Politics & Patronage; Legal & Court; Religion; Construction & Estates,Critical,High,v3
GENS-HIST-0442,382,382,AD 382,Constantinian Christian Empire,Gothic settlement treaty (foederati),Diplomacy / Migration,Gothic / Balkan,Balkans,Eastern Rome; Gothic groups,Theodosius I; Gothic leaders,A settlement integrated Gothic groups as federate military communities within imperial territory.,Land grants; new neighbors; military obligations; cultural tension.,Land; security; population,4,exact,research_addition,https://penelope.uchicago.edu/Thayer/E/Gazetteer/Periods/Roman/People/Goths/Britannica_1911%2A.html,,,Migration & Demography,Regional,Religion; Military & Security; Settlement & Demographics; Construction & Estates,High,High,v1
GENS-HIST-0443,383,383,AD 383,Constantinian Christian Empire,Magnus Maximus usurps in Britain and Gaul; Gratian killed,Civil War / Usurpation,Roman / British / Gallic,Britain and Gaul,Magnus Maximus's army; Gratian's regime,Magnus Maximus; Gratian; Valentinian II,Troops in Britain proclaimed Magnus Maximus emperor; he crossed into Gaul and Gratian was killed as support collapsed.,Army allegiance; claimant tax system; western court flight; patron purge.,Politics; security; taxes; patronage,5,exact,research_addition,https://www.livius.org/articles/misc/list-of-roman-emperors/list-of-roman-emperors-4/,,,Conflict & Security,Regional,Politics & Patronage; Economy & Finance; Legal & Court; Military & Security,Critical,High,v3
GENS-HIST-0444,384,384,AD 384,Constantinian Christian Empire,Altar of Victory controversy divides Roman elite,Religion / Political Controversy,Roman / Christian / Traditional,Rome and Milan,Pagan senatorial elite; Christian imperial court,Quintus Aurelius Symmachus; Ambrose; Valentinian II,Symmachus petitioned for restoration of the Altar of Victory and traditional state subsidies; Ambrose opposed him successfully.,Senatorial petition; household religious alignment; public subsidy debate; court influence.,Piety; politics; prestige; patronage,4,exact,research_addition,https://sourcebooks.web.fordham.edu/source/ambrose-victoryaltar.asp,,,Politics & Government,Imperial / Urban,Politics & Patronage; Legal & Court; Religion,High,Medium,v4
GENS-HIST-0445,385,385,AD 385,Constantinian Christian Empire,Priscillian executed at Trier for heresy-related charges,Religion / Political Trial,Hispanic / Gallic / Christian,Trier,Priscillianist Christians; imperial court; bishops,Priscillian; Magnus Maximus,"Priscillian and companions were executed after a secular trial, an exceptionally consequential case of Christians using imperial capital punishment in a heresy dispute.",Heresy accusation; bishop appeals against execution; confiscation; clandestine followers.,Piety; courts; property; politics,4,exact,research_addition,https://www.cambridge.org/core/books/abs/cambridge-history-of-christianity/christianization-of-the-roman-aristocracy/67430DD3993C15366607890003376DF3,,,Politics & Government,Regional,Politics & Patronage; Legal & Court; Religion; Settlement & Demographics; Construction & Estates,High,Medium,v4
GENS-HIST-0446,387,387,AD 387,Constantinian Christian Empire,Riot of the Statues at Antioch,Urban Revolt / Tax Protest,Syrian / Roman,Antioch,Antiochene populace; imperial tax officials,Theodosius I; Flavian of Antioch; John Chrysostom,"A new tax demand triggered an Antiochene riot in which imperial statues were mutilated, followed by fear of severe punishment and a celebrated campaign for clemency.",Tax protest; statue desecration; arrests; elite intercession; imperial pardon.,Taxes; public order; patronage; legal danger,4,exact,research_addition,https://en.wikisource.org/wiki/Page%3AEB1911_-_Volume_26.djvu/811,,,Conflict & Security,Regional,Politics & Patronage; Economy & Finance; Legal & Court; Settlement & Demographics,High,High,v3
GENS-HIST-0447,388,388,AD 388,Constantinian Christian Empire,Callinicum synagogue burning sparks Ambrose–Theodosius confrontation,Religion / Property Dispute,Syrian / Jewish / Christian,Callinicum on the Euphrates,Local Christians; Jewish community; imperial government,Theodosius I; Ambrose,"After a synagogue was burned by Christians, Theodosius initially ordered restitution; Ambrose pressured him against compelling the bishop to pay.",Religious property destroyed; restitution order; bishop resists emperor; minority household fears reprisals.,Piety; property; courts; imperial legitimacy,4,exact,research_addition,https://sourcebooks.web.fordham.edu/ancient/ambrose-letter40.asp,,,Religion & Culture,Regional,Politics & Patronage; Legal & Court; Religion; Construction & Estates,High,Medium,v4
GENS-HIST-0448,388,388,AD 388,Constantinian Christian Empire,Theodosius defeats Magnus Maximus,Civil War / Succession,Roman,Balkans and northern Italy,Theodosian army; Maximus regime,Theodosius I; Magnus Maximus; Valentinian II,"Theodosius invaded the West and defeated Magnus Maximus, restoring Valentinian II.",Regime restoration; confiscations reversed; claimant supporters judged.,Politics; property; security,5,exact,research_addition,https://www.livius.org/articles/misc/list-of-roman-emperors/list-of-roman-emperors-4/,,,Conflict & Security,Regional,Politics & Patronage; Legal & Court; Military & Security; Travel & Trade Routes; Construction & Estates,Critical,High,v3
GENS-HIST-0449,390,390,AD 390,Constantinian Christian Empire,Massacre at Thessalonica and imperial penance controversy,Political Massacre / Religion,Roman / Christian,Thessalonica and Milan,Imperial army; Thessalonian populace; western church,Theodosius I; Ambrose of Milan,"After unrest in Thessalonica, imperial forces carried out a notorious mass killing; Bishop Ambrose's confrontation with Theodosius became a major episode in church-imperial relations.",Collective punishment; moral/religious legitimacy crisis; bishop challenges ruler; public penance.,Security; piety; legitimacy; public order,5,exact,research_addition,https://sourcebooks.web.fordham.edu/ancient/theodoret-ambrose1.asp,,Ancient narratives differ in detail and casualty totals; avoid fixed numbers.,Conflict & Security,Regional,Politics & Patronage; Religion; Military & Security,Critical,High,v3
GENS-HIST-0450,391,391,AD 391,Constantinian Christian Empire,Theodosius suppresses pagan sacrifice and closes temples,Religion / Law,Empire-wide,Empire-wide,Traditional cults; Christian imperial government,Theodosius I,Imperial policy sharply restricted traditional public cult practice and temple institutions.,Temple closure; hidden rites; property transition; local resistance.,Piety; property; social tension,5,exact,repo_authored,https://github.com/rdnovotni/gens/blob/main/docs/design/gens-events-historical-timeline-late-antiquity-content.md,https://82nd-and-fifth.metmuseum.org/toah/ht/05/eusb.html,,Law & Legal Status,Imperial,Legal & Court; Religion; Construction & Estates,Critical,High,repo
GENS-HIST-0451,391,392,AD 391–392,Constantinian Christian Empire,Serapeum of Alexandria destroyed and site converted to Christian use,Religion / Urban Violence,Egyptian / Hellenic / Christian,Alexandria,Christian authorities and crowds; traditional cult communities,Theophilus of Alexandria,"In the wake of Theodosian anti-sacrifice legislation and violent confrontation, the great Serapeum was destroyed and the site passed into Christian use.",Temple property seized; cult objects hidden or destroyed; priesthood displaced; church construction.,Piety; property; public order; culture,5,range,research_addition,https://www.cambridge.org/core/journals/journal-of-roman-studies/article/abs/reconstructing-the-serapeum-in-alexandria-from-the-archaeological-evidence/2B41066E2FD232545126880FC6D0E5F3,,Sources disagree on many details of the confrontation; the destruction/conversion around 391/392 is secure.,Conflict & Security,Regional,Legal & Court; Religion; Settlement & Demographics; Construction & Estates; Culture & Education,Critical,High,v5
GENS-HIST-0452,392,392,AD 392,Constantinian Christian Empire,Valentinian II dies; Eugenius proclaimed emperor in the West,Imperial Succession / Usurpation,Roman,Gaul and Western Empire,Western court; Arbogast's army; Theodosian regime,Valentinian II; Eugenius; Arbogast; Theodosius I,Valentinian II was found dead under disputed circumstances; the official Eugenius was then raised to the western throne.,Suspicious ruler death; new claimant; court loyalty; religious-political factionalism.,Politics; patronage; security,5,exact,research_addition,https://www.livius.org/articles/misc/list-of-roman-emperors/list-of-roman-emperors-4/,,Whether Valentinian II died by suicide or murder remains disputed.,Conflict & Security,Imperial,Politics & Patronage; Legal & Court; Religion; Military & Security,Critical,High,v3
GENS-HIST-0453,394,394,AD 394,Constantinian Christian Empire,Battle of the Frigidus,Civil War / Religion,Roman,Alpine frontier,Theodosius; Eugenius/Arbogast faction,Theodosius I; Eugenius; Arbogast,"Theodosius defeated a western usurpation, briefly becoming sole ruler of the empire.",Faction purge; military losses; religious propaganda.,Politics; security,4,exact,research_addition,https://82nd-and-fifth.metmuseum.org/toah/ht/05/euw.html,,,Conflict & Security,Regional,Politics & Patronage; Religion; Military & Security,High,High,v1
GENS-HIST-0454,395,395,AD 395,Division & Western Twilight,Augustine becomes bishop of Hippo,Religion / Culture,North African / Christian,Hippo Regius,North African church,Augustine,Augustine became bishop of Hippo and emerged as a leading Latin Christian intellectual.,Sermon/theology events; church patronage; local disputes.,Piety; education; prestige,3,exact,research_addition,https://82nd-and-fifth.metmuseum.org/toah/ht/05/afw.html,,,Religion & Culture,Regional,Politics & Patronage; Religion; Culture & Education,Medium,High,v1
GENS-HIST-0455,395,395,AD 395,Division & Western Twilight,Death of Theodosius; permanent East–West division,Imperial Succession / Division,Empire-wide,Roman Empire,Eastern and Western courts,Theodosius I; Arcadius; Honorius,"After Theodosius's death, the empire remained under separate eastern and western imperial courts.",Court split; different policies; patron network division.,Politics; trade; administration,5,exact,repo_authored,https://github.com/rdnovotni/gens/blob/main/docs/design/gens-events-historical-timeline-late-antiquity-content.md,https://82nd-and-fifth.metmuseum.org/toah/ht/05/eust.html,,Politics & Government,Imperial,Politics & Patronage; Economy & Finance; Legal & Court,Critical,High,repo
GENS-HIST-0456,395,397,AD 395–397,Division & Western Twilight,Alaric's Goths campaign through the Balkans and Greece,War / Migration,Gothic / Greek East,Balkans and Greece,Alaric's Goths; Eastern Roman government,Alaric; Arcadius,"Following Theodosius's death, Alaric's forces rebelled and ranged through Balkan and Greek provinces before receiving a new military settlement.",Estate raid; refugee household; city ransom; imperial command vacancy.,Security; population; property; trade,5,range,research_addition,https://www.cambridge.org/core/books/abs/cambridge-ancient-history/eastern-empire-theodosius-to-anastasius/ACB5672A215D5ACBE5DA9CFD474DB29E,,,Conflict & Security,Regional,Economy & Finance; Legal & Court; Military & Security; Settlement & Demographics; Construction & Estates,Critical,High,v4
GENS-HIST-0457,395,420,c. AD 395–420,Division & Western Twilight,Notitia Dignitatum compiled and revised,Administration / Knowledge Record,Roman,Eastern and Western Roman Empires,Imperial bureaucracy; army; provincial offices,,"The Notitia Dignitatum preserved lists of high offices, commands, units, and provinces, with the eastern section reflecting the late fourth century and western revisions continuing into the early fifth.",Official directory updated; office hierarchy reference; unit posting; administrative seal/insignia.,Administration; military organization; education; offices,3,approximate_range,research_addition,https://www.cambridge.org/core/journals/britannia/article/saxon-shore-reconsidered/456750BE3BE23EBCDA90FE9B75CF89B9,,,Politics & Government,Regional,Politics & Patronage; Military & Security; Culture & Education,Medium,High,v4
GENS-HIST-0458,397,397,AD 397,Division & Western Twilight,Council of Carthage recognizes a broad biblical canon,Religion / Church Council,North African / Christian,Carthage,African bishops; Christian communities,Augustine and African bishops,"An African council at Carthage listed scriptural books recognized for church reading, illustrating increasingly formal institutional control of Christian texts.",Household library judged orthodox; church reading list changes; disputed text removed or copied.,Piety; education; culture; church authority,3,exact,research_addition,https://www.cambridge.org/core/search?filters%5Bkeywords%5D=Old+Testament+canon,,,Religion & Culture,Regional,Religion; Culture & Education,Medium,High,v5
GENS-HIST-0459,397,398,AD 397–398,Division & Western Twilight,Gildo's revolt disrupts North African grain supply,Civil War / Grain Crisis,North African / Roman,North Africa and Rome,Gildo's regime; Western court; Roman grain system,Gildo; Stilicho; Mascezel,The powerful North African commander Gildo broke with the western government and threatened the grain lifeline from Africa before being defeated.,Grain shipment cut; Rome food panic; regional allegiance; confiscation after defeat.,Food prices; trade; politics; security,5,range,research_addition,https://penelope.uchicago.edu/thayer/e/roman/texts/secondary/burlat/5a%2A.html,,,Conflict & Security,Imperial / Urban,Politics & Patronage; Economy & Finance; Legal & Court; Military & Security,Critical,High,v3
GENS-HIST-0460,399,400,AD 399–400,Division & Western Twilight,Tribigild's revolt and Gainas's coup destabilize the eastern court,Military Revolt / Court Coup,Gothic / Roman,Asia Minor and Constantinople,Gothic federates; Eastern court; Constantinopolitan populace,Tribigild; Gainas; Eutropius; Arcadius,A Gothic military uprising in Phrygia fed into Gainas's seizure of influence at Constantinople; the crisis ended with anti-Gothic violence and Gainas's defeat.,Military settlers rebel; court favorite falls; capital street violence; ethnic suspicion.,Security; politics; population; patronage,5,range,research_addition,https://www.cambridge.org/core/books/abs/cambridge-ancient-history/eastern-empire-theodosius-to-anastasius/ACB5672A215D5ACBE5DA9CFD474DB29E,,,Conflict & Security,Imperial / Urban,Politics & Patronage; Legal & Court; Military & Security; Settlement & Demographics,Critical,High,v4
GENS-HIST-0461,400,400,AD 400,Division & Western Twilight,Augustine's Confessions circulates around the turn of the century,Literature / Religion,North African / Latin Christian,North Africa and Latin West,Christian intellectual networks,Augustine of Hippo,"Augustine's Confessions, composed around 397–400, fused autobiography, theology, memory, and conversion narrative and became a major Latin Christian text.",Manuscript copied; educated convert influenced; clerical debate; library prestige.,Education; religion; culture; prestige,3,approximate,research_addition,https://assets.cambridge.org/97805214/60835/frontmatter/9780521460835_frontmatter.htm,,,Religion & Culture,Regional,Religion; Culture & Education,Medium,High,v4
GENS-HIST-0462,401,403,AD 401–403,Division & Western Twilight,Alaric's first major invasion of Italy,War / Migration,Gothic / Italian,Northern Italy,Western Rome; Visigoths,Alaric; Stilicho; Honorius,Visigothic armies entered Italy and fought western Roman forces.,Refugees; requisitions; elite flight; urban fortification.,Security; food prices; politics,4,range,research_addition,https://82nd-and-fifth.metmuseum.org/toah/ht/05/eust.html,,,Conflict & Security,Regional,Politics & Patronage; Economy & Finance; Military & Security; Settlement & Demographics,High,High,v1
GENS-HIST-0463,402,402,AD 402,Division & Western Twilight,Western imperial court relocates to Ravenna,Administration / Capital,Italian,Ravenna,Western imperial court,Honorius,The western court increasingly operated from defensible Ravenna rather than Milan.,Bureaucratic migration; land/property boom; court suppliers.,Trade; property; patronage,3,exact,research_addition,https://82nd-and-fifth.metmuseum.org/toah/ht/05/eust.html,,,Politics & Government,Local / Regional,Politics & Patronage; Economy & Finance; Legal & Court; Settlement & Demographics; Construction & Estates,Medium,High,v1
GENS-HIST-0464,405,405,c. AD 405,Division & Western Twilight,Jerome completes the Latin Vulgate biblical translation project,Literature / Religion,Latin Christian,Bethlehem and Latin West,Latin churches; scholars; monasteries,Jerome,Jerome's long translation and revision project produced Latin biblical texts that became foundational in the Western church.,Household library update; cleric disputes old/new wording; manuscript commission.,Education; piety; culture; manuscript trade,3,approximate,research_addition,https://assets.cambridge.org/97805214/60835/frontmatter/9780521460835_frontmatter.htm,,,Religion & Culture,Regional,Economy & Finance; Religion; Culture & Education,Medium,High,v4
GENS-HIST-0465,405,405,c. AD 405,Division & Western Twilight,Mesrop Mashtots creates the Armenian alphabet,Knowledge / Language,Armenian,Armenia,Armenian court; Christian clergy; schools,Mesrop Mashtots; Sahak Partev,"The creation of an Armenian script enabled a major program of translation, schooling, and Christian literary culture.",New literacy system; school foundation; scripture translation; scribal demand.,Education; religion; cultural identity; administration,4,approximate,research_addition,https://www.metmuseum.org/essays/armenia-art-religion-and-trade-in-the-middle-ages,,,Knowledge & Culture,Regional,Religion; Culture & Education,High,Medium,v4
GENS-HIST-0466,405,406,AD 405–406,Division & Western Twilight,Radagaisus invades Italy,War / Invasion,Gothic / Italian,Northern and central Italy,Radagaisus's migrating army; Western Roman forces,Radagaisus; Stilicho; Honorius,"A large migrating force led by Radagaisus invaded Italy, threatened Florence, and was defeated by Stilicho near Fiesole.",Refugee flight; slave recruitment into army; food requisition; mass captives after victory.,Security; population; labor; food prices,5,range,research_addition,https://www.treccani.it/enciclopedia/radagasio_%28Enciclopedia-Italiana%29/,,,Conflict & Security,Regional,Economy & Finance; Military & Security; Settlement & Demographics; Construction & Estates,Critical,High,v3
GENS-HIST-0467,406,406,AD 406,Division & Western Twilight,"Vandals, Alans and Suebi cross the Rhine",Migration / Invasion,Germanic / Gallic,Rhine frontier,Vandals; Alans; Suebi; Western Rome,,Large groups crossed the Rhine into Gaul amid weakening frontier control.,Refugee flows; rural raids; local militia; collapsing tax collection.,Security; population; trade,5,exact,research_addition,https://82nd-and-fifth.metmuseum.org/toah/ht/05/euw.html,,,Migration & Demography,Regional,Economy & Finance; Military & Security; Settlement & Demographics,Critical,High,v1
GENS-HIST-0468,407,409,AD 407–409,Division & Western Twilight,Constantine III usurpation from Britain,Civil War / Usurpation,British / Gallic,Britannia and Gaul,British army; Constantine III; Honorius,Constantine III,"A British-based usurper moved forces into Gaul, accelerating the breakdown of Roman authority in Britain.",Legion withdrawal; loyalty shifts; unpaid troops.,Security; politics; taxes,4,range,research_addition,https://82nd-and-fifth.metmuseum.org/toah/ht/05/euw.html,,,Conflict & Security,Regional,Politics & Patronage; Economy & Finance; Military & Security,High,High,v1
GENS-HIST-0469,408,408,AD 408,Division & Western Twilight,Arcadius dies; seven-year-old Theodosius II becomes eastern emperor,Imperial Succession / Regency,Roman / Greek East,Constantinople,Eastern court; imperial bureaucracy,Arcadius; Theodosius II; Anthemius,Arcadius died and his young son inherited the eastern throne under powerful ministers and later his sister Pulcheria.,Child emperor; regency patronage; office competition; stability concerns.,Politics; dynasty; patronage,4,exact,research_addition,https://www.cambridge.org/core/books/abs/cambridge-ancient-history/eastern-empire-theodosius-to-anastasius/ACB5672A215D5ACBE5DA9CFD474DB29E,,,Politics & Government,Imperial / Urban,Politics & Patronage,High,High,v4
GENS-HIST-0470,408,408,AD 408,Division & Western Twilight,Stilicho executed,Political Purge,Roman / Italian,Ravenna,Western court; army factions,Stilicho; Honorius,"The western regime executed its leading general Stilicho, weakening military coordination.",Patron network collapse; troop defections; anti-barbarian violence.,Security; politics,4,exact,research_addition,https://82nd-and-fifth.metmuseum.org/toah/ht/05/eust.html,,,Politics & Government,Regional,Politics & Patronage; Military & Security,High,High,v1
GENS-HIST-0471,409,409,AD 409,Division & Western Twilight,"Vandals, Suebi and Alans enter Hispania",Migration / Invasion,Iberian / Germanic,Hispania,Vandals; Suebi; Alans; Hispano-Roman communities,,Groups that had crossed the Rhine moved into Hispania amid the collapse of stable western imperial control.,New armed settlers; estate protection; local treaty; tax authority confusion.,Land; security; migration; taxation,5,exact,research_addition,https://www.livius.org/articles/people/vandals/,,,Conflict & Security,Regional,Economy & Finance; Military & Security; Settlement & Demographics; Construction & Estates,Critical,High,v3
GENS-HIST-0472,410,410,c. AD 410,Division & Western Twilight,Roman military withdrawal from Britain,Frontier Withdrawal,British,Britannia,Western Roman government; Romano-British communities,Honorius,Direct Roman military and administrative support in Britain effectively ended in the early fifth century.,Local self-rule; militia; tax collapse; successor polities.,Security; administration; trade,5,approximate,repo_authored,https://github.com/rdnovotni/gens/blob/main/docs/design/gens-events-historical-timeline-late-antiquity-content.md,,,Infrastructure & Settlement,Regional,Economy & Finance; Military & Security,Critical,Medium,repo
GENS-HIST-0473,410,410,AD 410,Division & Western Twilight,Sack of Rome by Alaric's Visigoths,War / Sack,Roman / Gothic,Rome,Visigoths; Western Rome,Alaric; Honorius,Rome was captured and sacked for the first time in centuries.,Urban looting; elite ransom; refugees; religious interpretation.,Property; population; prestige; security,5,exact,repo_authored,https://github.com/rdnovotni/gens/blob/main/docs/design/gens-events-historical-timeline-late-antiquity-content.md,https://82nd-and-fifth.metmuseum.org/toah/ht/05/eust.html,,Conflict & Security,Imperial / Urban,Legal & Court; Religion; Military & Security; Settlement & Demographics; Construction & Estates,Critical,High,repo
GENS-HIST-0474,411,411,June AD 411,Division & Western Twilight,Conference of Carthage legally defeats the Donatist position,Religion / Judicial Conference,North African / Christian,Carthage,Catholic and Donatist bishops; imperial commissioner,Augustine; Marcellinus,Hundreds of bishops met before an imperial commissioner in a formal three-day hearing over which church should receive legal recognition in North Africa; the judgment favored the Catholic side.,Local church loses legal status; basilica/property changes hands; clerical patron expelled; household chooses compliance.,Piety; property; courts; local politics,5,exact,research_addition,https://www.cambridge.org/core/journals/church-history/article/abs/dilatory-donatists-or-procrastinating-catholics-the-trial-at-the-conference-of-carthage/2F597DDAC201BC8CAA89B313C14E3584,,,Religion & Culture,Regional,Politics & Patronage; Legal & Court; Religion; Construction & Estates,Critical,High,v5
GENS-HIST-0475,411,411,AD 411,Division & Western Twilight,Constantine III defeated and executed,Civil War / Usurpation,Roman / Gallic,Gaul,Honorian government; Constantine III's regime,Constantine III; Constantius III; Honorius,"The British-origin usurper Constantine III surrendered after defeat and was killed, ending a major rival western regime.",Claimant officials purged; taxes redirected; abandoned British ties; refugee soldiers.,Politics; security; taxes,4,exact,research_addition,https://www.livius.org/articles/misc/list-of-roman-emperors/list-of-west-roman-emperors/,,,Conflict & Security,Regional,Politics & Patronage; Economy & Finance; Military & Security; Settlement & Demographics,High,High,v4
GENS-HIST-0476,412,412,AD 412,Division & Western Twilight,Imperial anti-Donatist law follows the Conference of Carthage,Religion / Imperial Law,North African / Christian,North Africa,Imperial government; Donatist and Catholic communities,Honorius,"After the 411 conference, imperial legislation treated Donatists as an illegal heretical community and exposed adherents to fines and loss of legal protections.",Religious fine; church confiscation; office exclusion; covert worship.,Piety; property; legal status; taxes,5,exact,research_addition,https://www.cambridge.org/core/books/serving-the-christian-state-in-late-antiquity/confession-and-conformity-in-east-and-west/9178287330EE536C019C4799F8733825,,Huneric's later 484 law explicitly recycled provisions from Honorius's anti-Donatist edict of 30 January 412.,Law & Legal Status,Regional,Politics & Patronage; Economy & Finance; Legal & Court; Religion; Construction & Estates,Critical,High,v5
GENS-HIST-0477,413,413,AD 413,Division & Western Twilight,Theodosian land walls completed around Constantinople,Infrastructure / Fortification,Roman / Greek East,Constantinople,Eastern imperial administration; builders; urban population,Theodosius II; Anthemius,A new massive land-wall system extended the defenses of Constantinople as the capital grew.,Wall construction levy; suburban property enclosed; gate tolls; building-material demand.,Security; property; labor; trade,4,exact,research_addition,https://en.wikisource.org/wiki/1911_Encyclop%C3%A6dia_Britannica/Constantinople,,,Infrastructure & Settlement,Imperial / Urban,Economy & Finance; Legal & Court; Military & Security; Settlement & Demographics; Construction & Estates,High,High,v3
GENS-HIST-0478,413,426,AD 413–426,Division & Western Twilight,Augustine writes The City of God,Literature / Religion,North African / Latin Christian,Hippo Regius,Latin Christian intellectual networks,Augustine,"Written in response to debates sharpened by the sack of Rome, The City of God became a monumental Christian interpretation of history, politics, and society.",Elite reading circle; pagan-Christian debate; monastery/school manuscript demand.,Religion; education; politics; culture,3,range,research_addition,https://assets.cambridge.org/97805214/60835/frontmatter/9780521460835_frontmatter.htm,,,Religion & Culture,Regional,Politics & Patronage; Religion; Culture & Education,Medium,High,v4
GENS-HIST-0479,414,414,AD 414,Division & Western Twilight,Pulcheria proclaimed Augusta and becomes dominant dynastic figure,Dynastic / Court Administration,Roman / Greek East,Constantinople,Theodosian dynasty; Eastern court,Pulcheria; Theodosius II,"The emperor's older sister Pulcheria received the title Augusta and became a major force in court, religious, and dynastic policy.",New imperial patron; court chastity/religion policies; marriage politics.,Patronage; politics; piety; dynasty,3,exact,research_addition,https://www.cambridge.org/core/books/abs/cambridge-ancient-history/eastern-empire-theodosius-to-anastasius/ACB5672A215D5ACBE5DA9CFD474DB29E,,,Politics & Government,Imperial / Urban,Politics & Patronage; Legal & Court; Religion,Medium,High,v4
GENS-HIST-0480,415,415,AD 415,Division & Western Twilight,Hypatia murdered at Alexandria,Religious / Urban Violence,Egyptian / Christian / Hellenic,Alexandria,Alexandrian civic and church factions,Hypatia; Cyril of Alexandria; Orestes,The philosopher and mathematician Hypatia was killed by a Christian mob amid a bitter civic and ecclesiastical power struggle.,Scholar patron lost; faction intimidation; school disruption; religious-political tension.,Education; piety; public order; patronage,5,exact,research_addition,https://www.cambridge.org/core/books/abs/women-in-the-ancient-mediterranean-world/hypatia/D9EC3CA8C2B6CC2C119096166687BBED,,,Infrastructure & Settlement,Regional,Politics & Patronage; Religion; Settlement & Demographics; Culture & Education,Critical,High,v3
GENS-HIST-0481,415,415,AD 415,Division & Western Twilight,Jews expelled from Alexandria during Cyril's conflict with Orestes,Religious / Urban Expulsion,Egyptian / Jewish / Christian,Alexandria,Jewish community; Christian supporters of Cyril; civic administration,Cyril of Alexandria; Orestes,"During intense civic conflict early in Cyril's episcopate, Jews were expelled from Alexandria, breaking a community that had been central to the city's history.",Household expelled; synagogue property abandoned; shop/business sold urgently; refugee migration.,Migration; property; piety; commerce,5,exact,research_addition,https://www.cambridge.org/core/journals/church-history/article/cyril-of-alexandrias-renunciation-of-religious-violence/4A134CFE5D31C6F71838A26E286E7B37,https://www.cambridge.org/core/books/abs/jews-in-late-antiquity/egypt/C9590863FFABBE783AC44EBCDA3034CB,,Infrastructure & Settlement,Regional,Economy & Finance; Legal & Court; Religion; Settlement & Demographics; Construction & Estates,Critical,High,v5
GENS-HIST-0482,418,418,AD 418,Division & Western Twilight,Visigoths settled in Aquitaine as federates,Migration / Settlement,Gothic / Gallic,Aquitaine,Visigoths; Western Rome; Gallo-Romans,Wallia / Theodoric I,Visigoths received a territorial base in southwestern Gaul under imperial arrangements.,New ruling military elite; land-sharing disputes; local allegiance.,Land; taxes; security,4,exact,research_addition,https://82nd-and-fifth.metmuseum.org/toah/ht/05/euw.html,,,Infrastructure & Settlement,Regional,Economy & Finance; Military & Security; Settlement & Demographics; Construction & Estates,High,High,v1
GENS-HIST-0483,421,421,AD 421,Division & Western Twilight,Constantius III becomes western co-emperor and dies months later,Imperial Succession,Roman,Ravenna,Western court; Theodosian dynasty,Constantius III; Galla Placidia; Honorius,The leading general Constantius was elevated as Augustus beside Honorius but died after only a short imperial reign.,Patron becomes emperor then dies; court faction resets; widow's status changes.,Politics; dynasty; patronage,4,exact,research_addition,https://www.livius.org/articles/misc/list-of-roman-emperors/list-of-west-roman-emperors/,,,Politics & Government,Imperial,Politics & Patronage; Legal & Court,High,High,v4
GENS-HIST-0484,421,422,AD 421–422,Division & Western Twilight,Roman–Sasanian war ends with protections for religious minorities,War / Diplomacy,Roman / Sasanian,Armenia and Mesopotamia,Eastern Roman Empire; Sasanian Persia,Theodosius II; Bahram V,"A short war linked partly to religious tensions ended with a settlement requiring restraint toward Christians in Persia and Zoroastrians in Roman territory, alongside frontier arrangements.",Religious refugee; treaty protection; trade reopens; frontier subsidy.,Diplomacy; piety; trade; security,4,range,research_addition,https://www.iranicaonline.org/articles/sasanian-dynasty/,https://www.iranicaonline.org/articles/mehr-narseh/,,Conflict & Security,Regional,Economy & Finance; Religion; Military & Security; Settlement & Demographics,High,High,v4
GENS-HIST-0485,423,423,AD 423,Division & Western Twilight,Imperial law restricts construction and repair of synagogues,Religion / Imperial Law,Roman / Jewish,Empire-wide,Jewish communities; Christian imperial government,Theodosius II; Honorius,"Late imperial legislation protected existing synagogues from some attacks while restricting new construction and, in this period, limiting repair or expansion.",Synagogue repair permit denied; community funds diverted; religious property dispute.,Piety; construction; legal status; property,4,exact,research_addition,https://www.cambridge.org/core/books/abs/tolerance-intolerance-and-recognition-in-early-christianity-and-early-judaism/hiding-ones-tolerance-cyril-of-alexandrias-use-of-philo/A1BA67BC77E01BF0605DC2F0815BBF2B,,Late-antique synagogue law accumulated through multiple constitutions; model the 423 measure as a legal-status shift rather than a uniform local outcome.,Law & Legal Status,Imperial,Legal & Court; Religion; Construction & Estates,High,High,v5
GENS-HIST-0486,423,425,AD 423–425,Division & Western Twilight,Johannes usurps the western throne,Civil War / Usurpation,Roman,Ravenna and Western Empire,Johannes regime; eastern court; Galla Placidia faction,Johannes; Theodosius II; Galla Placidia; Valentinian III,"After Honorius died, the official Johannes seized western power until an eastern expedition defeated him.",Interregnum; disputed emperor; tax allegiance; invasion by restoration army.,Politics; security; taxation,5,range,research_addition,https://www.livius.org/articles/misc/list-of-roman-emperors/list-of-west-roman-emperors/,,,Conflict & Security,Regional,Politics & Patronage; Economy & Finance; Military & Security,Critical,High,v3
GENS-HIST-0487,424,424,AD 424,Division & Western Twilight,Synod of Dadisho affirms autonomy of the Church of the East,Religion / Church Administration,Sasanian / Christian,Seleucia-Ctesiphon sphere,Persian Christian bishops; Sasanian state,Dadisho,"A synod declared the catholicos of the East not subject to appeal to western bishops, helping institutionalize a distinct Persian Christian hierarchy.",Church jurisdiction changes; clerical appeal route closes; local bishop authority rises.,Piety; administration; diplomacy; social networks,4,exact,research_addition,https://www.iranicaonline.org/articles/afrid-5th-cent-christian-bishop-of-sagastan/,,,Politics & Government,Regional,Religion; Travel & Trade Routes,High,High,v4
GENS-HIST-0488,425,425,AD 425,Division & Western Twilight,Theodosius II reorganizes public higher education at Constantinople,Education / Imperial Institution,Roman / Greek East,Constantinople,"Teachers of rhetoric, law, Greek and Latin; imperial administration",Theodosius II,"Imperial legislation organized publicly salaried teaching posts in Constantinople, often described—somewhat anachronistically—as a 'university.'",Scholar appointment; tuition/patronage; child education option; manuscript demand.,Education; prestige; court service; urban economy,3,exact,research_addition,https://www.cambridge.org/core/books/cambridge-intellectual-history-of-byzantium/institutional-settings-the-court-schools-church-and-monasteries/5850833DCFBA19DD9DFB81E7802431D7,,Avoid calling it a modern university mechanically; model it as an organized imperial higher-education establishment.,Knowledge & Culture,Imperial / Urban,Politics & Patronage; Legal & Court; Settlement & Demographics; Culture & Education,Medium,High,v3
GENS-HIST-0489,425,425,AD 425,Division & Western Twilight,Valentinian III installed as western emperor under Galla Placidia's regency,Imperial Succession / Regency,Roman,Ravenna,Theodosian dynasty; western court,Valentinian III; Galla Placidia; Theodosius II,"The child Valentinian III was installed as western emperor after Johannes's defeat, with his mother Galla Placidia exercising major authority.",Child ruler; regency patronage; restoration of confiscated allies; court marriage politics.,Politics; patronage; dynasty,4,exact,research_addition,https://www.livius.org/articles/person/valentinian-iii/,,,Politics & Government,Imperial,Politics & Patronage; Legal & Court,High,High,v3
GENS-HIST-0490,426,426,7 November AD 426,Division & Western Twilight,Law of Citations defines authoritative juristic texts,Law / Legal Authority,Roman,"Western Roman Empire, later preserved empire-wide",Judges; advocates; legal schools,Valentinian III; Theodosius II,The Law of Citations formalized how courts should weigh the writings of leading classical jurists and demanded textual verification for cited authorities.,Advocate's source ruled invalid; legal library compared against another copy; inheritance case turns on authorized jurist.,Courts; education; inheritance; legal administration,5,exact,research_addition,https://www.cambridge.org/core/books/christianization-of-knowledge-in-late-antiquity/new-texts/8EC8446C48B045AE5EFE73BE6B6CFE9B,,,Law & Legal Status,Imperial,Politics & Patronage; Legal & Court; Culture & Education,Critical,High,v5
GENS-HIST-0491,429,429,AD 429,Division & Western Twilight,Theodosius II commissions an imperial law code,Law / Codification Project,Roman / Greek East,Constantinople,Imperial quaestors; jurists; archives,Theodosius II; Antiochus Chuzon,"The imperial government began the project that ultimately produced the Theodosian Code, collecting and organizing generations of imperial constitutions.",Archives searched; legal scribe hired; conflicting edicts reconciled; provincial copies requested.,Courts; administration; education; archives,4,exact,research_addition,https://www.cambridge.org/core/journals/journal-of-roman-studies/article/abs/roman-imperial-quaestor-from-constantine-to-theodosius-ii/C0C8CEC7D7B14408B693811680D3F02A,,,Law & Legal Status,Imperial / Urban,Politics & Patronage; Legal & Court; Culture & Education,High,High,v5
GENS-HIST-0492,429,439,AD 429–439,Division & Western Twilight,Vandal migration into North Africa and conquest of Carthage,War / Migration,North African / Vandal,North Africa,Vandals and Alans; Western Rome,Geiseric,"Vandal forces crossed from Iberia, conquered much of Roman North Africa, and took Carthage.",Grain-trade shock; successor-rule transition; land confiscations.,Trade; food; property; politics,5,range,repo_authored,https://github.com/rdnovotni/gens/blob/main/docs/design/gens-events-historical-timeline-late-antiquity-content.md,https://82nd-and-fifth.metmuseum.org/toah/ht/05/afw.html,,Conflict & Security,Regional,Politics & Patronage; Economy & Finance; Legal & Court; Military & Security; Settlement & Demographics; Construction & Estates,Critical,High,repo
GENS-HIST-0493,430,430,AD 430,Division & Western Twilight,Siege of Hippo and death of Augustine,War / Religion,North African / Vandal,Hippo Regius,Vandals; Roman/African defenders,Augustine; Geiseric,Vandals besieged Hippo as Augustine died during the crisis.,Siege; church leadership transition; refugees.,Security; piety; population,4,exact,research_addition,https://82nd-and-fifth.metmuseum.org/toah/ht/05/afw.html,,,Conflict & Security,Regional,Religion; Military & Security; Settlement & Demographics,High,High,v1
GENS-HIST-0494,431,431,AD 431,Division & Western Twilight,Council of Ephesus,Religion / Council,Christian / Anatolian,Ephesus,Imperial church factions,Cyril of Alexandria; Nestorius; Theodosius II,An ecumenical council condemned Nestorius and intensified major Christological disputes.,Doctrine alignment; bishop politics; regional religious tension.,Piety; diplomacy; social cohesion,4,exact,research_addition,https://82nd-and-fifth.metmuseum.org/toah/ht/05/waa.html,,,Religion & Culture,Regional,Politics & Patronage; Religion,High,High,v1
GENS-HIST-0495,434,434,c. AD 434,Division & Western Twilight,Attila and Bleda become joint rulers of the Huns,Great Power Succession,Hunnic,Danubian steppe frontier,Hunnic confederation; Eastern and Western Roman courts,Attila; Bleda,"After the death of their uncle Rua, Attila and Bleda emerged as joint rulers of the Hunnic confederation.",New foreign rulers; tribute negotiation; hostage exchange; frontier intelligence.,Diplomacy; security; trade,4,approximate,research_addition,https://www.livius.org/articles/person/valentinian-iii/,,,Politics & Government,Imperial,Politics & Patronage; Economy & Finance; Military & Security,High,High,v3
GENS-HIST-0496,435,435,AD 435,Division & Western Twilight,Roman treaty recognizes Vandal possession of parts of North Africa,Diplomacy / Successor Kingdom,North African / Vandal,North Africa,Western Roman Empire; Vandals,Geiseric; Valentinian III,A treaty attempted to stabilize Vandal settlement in North Africa before their later seizure of Carthage.,Land title uncertainty; tribute arrangement; hostages; divided provincial authority.,Land; politics; trade; security,4,exact,research_addition,https://82nd-and-fifth.metmuseum.org/toah/ht/05/afw.html,,,Diplomacy & Foreign Relations,Regional,Politics & Patronage; Economy & Finance; Military & Security; Settlement & Demographics; Construction & Estates,High,High,v4
GENS-HIST-0497,435,435,AD 435,Division & Western Twilight,Treaty of Margus increases Hunnic leverage over the Eastern Empire,Diplomacy / Great Power Treaty,Hunnic / Roman,Danube frontier,Hunnic confederation; Eastern Roman Empire,Attila; Bleda; Theodosius II,Roman negotiators accepted substantial tribute and other conditions in a treaty with Attila and Bleda.,Tribute tax; frontier market rules; extradition demand; embassy gifts.,Diplomacy; taxes; trade; security,4,exact,research_addition,https://www.cambridge.org/core/books/abs/cambridge-ancient-history/huns/149C5EAF7DD7D6F635B8EF48BBFA5458,,,Diplomacy & Foreign Relations,Regional,Economy & Finance; Military & Security,High,Medium,v4
GENS-HIST-0498,438,438,AD 438,Division & Western Twilight,Theodosian Code promulgated in East and West,Law / Codification,Empire-wide,Eastern and Western Roman Empires,Imperial courts; judges; advocates,Theodosius II; Valentinian III,The Codex Theodosianus collected imperial legislation and was formally promulgated across both halves of the empire.,Legal ruleset update; court precedent change; archive/copy procurement; property and religious-law consequences.,Law; contracts; property; religion; administration,5,exact,research_addition,https://www.cambridge.org/core/books/christianization-of-knowledge-in-late-antiquity/new-bookforms/39A1722444B83A01F952FD4C8B8DF97F,,,Law & Legal Status,Imperial,Politics & Patronage; Economy & Finance; Legal & Court; Religion; Construction & Estates,Critical,High,v2
GENS-HIST-0499,439,439,AD 439,Division & Western Twilight,Vandals capture Carthage,War / Capital Capture,North African / Vandal,Carthage,Vandal kingdom; Western Rome,Geiseric,"Carthage became the Vandal capital, ending western Roman control of its richest African center.",Grain network realignment; fleet threat; new tax regime.,Trade; food prices; politics,5,exact,repo_authored,https://github.com/rdnovotni/gens/blob/main/docs/design/gens-events-historical-timeline-late-antiquity-content.md,https://82nd-and-fifth.metmuseum.org/toah/ht/05/afw.html,,Conflict & Security,Regional,Politics & Patronage; Economy & Finance; Military & Security,Critical,High,repo
GENS-HIST-0500,441,442,AD 441–442,Division & Western Twilight,Attila and Bleda devastate Balkan cities in war with the East,War / Invasion,Hunnic / Roman,Danube and Balkans,Hunnic confederation; Eastern Roman Empire,Attila; Bleda; Theodosius II,"Hunnic armies exploited Roman distractions and captured or ravaged multiple Balkan centers, forcing harsher peace terms.",City siege; refugees; ransom; tribute taxes; road insecurity.,Security; population; taxes; trade,5,range,research_addition,https://www.cambridge.org/core/books/abs/cambridge-ancient-history/eastern-empire-theodosius-to-anastasius/ACB5672A215D5ACBE5DA9CFD474DB29E,,,Conflict & Security,Regional,Economy & Finance; Military & Security; Settlement & Demographics; Travel & Trade Routes,Critical,High,v4
GENS-HIST-0501,442,442,AD 442,Division & Western Twilight,Western Rome recognizes Vandal control of Africa Proconsularis,Diplomacy / Territorial Settlement,North African / Vandal,North Africa,Western Roman Empire; Vandal kingdom,Geiseric; Valentinian III,A settlement after the fall of Carthage accepted a powerful Vandal kingdom controlling the richest African territories.,Roman tax authority replaced; estate under new ruler; grain contracts renegotiated.,Politics; taxation; land; grain trade,5,exact,research_addition,https://82nd-and-fifth.metmuseum.org/toah/ht/05/afw.html,,,Infrastructure & Settlement,Regional,Politics & Patronage; Economy & Finance; Settlement & Demographics; Construction & Estates,Critical,High,v4
GENS-HIST-0502,443,443,AD 443,Division & Western Twilight,Burgundians resettled in Sapaudia,Migration / Federate Settlement,Burgundian / Gallic,"Sapaudia, near Lake Geneva",Burgundian survivors; Western Roman authorities; local landholders,Aetius,"After earlier defeat, Burgundian groups were settled by Roman authority in Sapaudia as federates.",New military settlers; land-sharing negotiation; marriage/diplomacy; garrison obligation.,Land; migration; security; local politics,4,exact,research_addition,https://www.cambridge.org/core/journals/european-review/article/wine-and-france-a-brief-history/7CB9F6C094C3833A05FE519132BBF551,,,Infrastructure & Settlement,Regional,Politics & Patronage; Military & Security; Settlement & Demographics; Construction & Estates,High,High,v4
GENS-HIST-0503,445,445,c. AD 445,Division & Western Twilight,Attila becomes sole ruler after Bleda's death,Great Power Succession,Hunnic,Danubian steppe frontier,Hunnic confederation; Roman courts,Attila; Bleda,"Bleda died and Attila became sole dominant ruler of the Huns, concentrating a major external threat.",Foreign-policy difficulty spike; tribute demand; frontier panic; envoy event.,Diplomacy; security; taxes,5,approximate,research_addition,https://www.livius.org/articles/person/valentinian-iii/,,,Politics & Government,Imperial,Politics & Patronage; Economy & Finance; Religion; Military & Security,Critical,High,v3
GENS-HIST-0504,447,447,AD 447,Division & Western Twilight,Attila defeats an eastern Roman field army at the Utus and devastates the Balkans,War / Invasion,Hunnic / Roman,Lower Danube and Balkans,Hunnic Empire; Eastern Roman field armies,Attila; Arnegisclus,"After the Constantinople earthquake damaged defenses, Attila's campaign broke a major Roman field army at the River Utus and ravaged a broad swath of Balkan territory.",Refugees; fortified town panic; emergency taxation; road closures; estate raids.,Security; population; taxes; travel,5,exact,research_addition,https://en.wikipedia.org/wiki/Battle_of_the_Utus,,"Detailed force and casualty figures are highly uncertain; retain the defeat and widespread devastation, not exact numbers.",Conflict & Security,Regional,Economy & Finance; Military & Security; Settlement & Demographics; Travel & Trade Routes,Critical,Medium,v5
GENS-HIST-0505,447,447,AD 447,Division & Western Twilight,Earthquake damages Constantinople's walls before Hunnic threat,Natural Disaster / Fortification Crisis,Roman / Greek East,Constantinople,Urban population; imperial builders; Hunnic threat,Theodosius II,A major earthquake damaged sections of Constantinople's land walls; emergency repairs were carried out rapidly while Attila's forces threatened the Balkans.,Emergency labor levy; wall-repair race; refugees; building collapse; invasion countdown.,Construction; security; labor; population,5,exact,research_addition,https://constantinople.ehw.gr/Forms/fLemmaBodyExtended.aspx?lemmaID=11743,,,Disaster & Public Health,Imperial / Urban,Military & Security; Settlement & Demographics; Construction & Estates,Critical,High,v3
GENS-HIST-0506,449,449,August AD 449,Division & Western Twilight,Second Council of Ephesus overturns opponents of Eutyches,Religion / Council,Christian / Greek East,Ephesus,"Alexandrian, Constantinopolitan, Antiochene and Roman church factions",Dioscorus; Flavian of Constantinople; Eutyches; Theodosius II,The council rehabilitated Eutyches and deposed major opponents under highly coercive conditions; Chalcedonian tradition later branded it the 'Robber Council.',Bishop deposed; doctrinal faction wins temporarily; church property/office transfer.,Piety; politics; social cohesion; patronage,5,exact,research_addition,https://www.cambridge.org/core/journals/church-history/article/abs/theodosius-horse-reflections-on-the-predicament-of-the-church-historian/DBA3C2C0C03CB8D94F3DB46E49C8DDA2,,,Religion & Culture,Regional,Politics & Patronage; Legal & Court; Religion; Construction & Estates,Critical,High,v4
GENS-HIST-0507,450,450,AD 450,Division & Western Twilight,Theodosius II dies; Marcian becomes eastern emperor,Imperial Succession,Roman / Greek East,Constantinople,Eastern court; military and senatorial elites,Theodosius II; Marcian; Pulcheria,Theodosius II died after a riding accident; Marcian married Pulcheria and was elevated emperor.,Court patron shift; dynastic marriage; policy toward Huns changes.,Politics; patronage; diplomacy,4,exact,research_addition,https://www.livius.org/articles/person/leo-i/,,,Politics & Government,Imperial / Urban,Politics & Patronage; Legal & Court; Military & Security,High,High,v3
GENS-HIST-0508,451,451,AD 451,Division & Western Twilight,Battle of the Catalaunian Plains,War / Battle,Roman / Gothic / Hunnic,Gaul,Western Roman coalition; Visigoths; Huns,Aetius; Theodoric I; Attila,A Roman-Visigothic coalition checked Attila's invasion of Gaul.,Emergency coalition; battlefield losses; refugee movement.,Security; politics; population,5,exact,repo_authored,https://github.com/rdnovotni/gens/blob/main/docs/design/gens-events-historical-timeline-late-antiquity-content.md,https://en.wikisource.org/wiki/Encyclop%C3%A6dia_Britannica%2C_Ninth_Edition/410,,Conflict & Security,Regional,Politics & Patronage; Military & Security; Settlement & Demographics,Critical,High,repo
GENS-HIST-0509,451,451,AD 451,Division & Western Twilight,Council of Chalcedon,Religion / Council,Christian / Greek East,Chalcedon,Imperial church factions,Marcian; Pulcheria; bishops,"The council defined Chalcedonian Christology, producing long-lasting religious divisions.",Doctrinal split; local church allegiance; unrest in Egypt/Syria.,Piety; social cohesion; diplomacy,5,exact,research_addition,https://en.wikisource.org/wiki/Encyclop%C3%A6dia_Britannica%2C_Ninth_Edition/410,,,Religion & Culture,Local / Regional,Religion,Critical,High,v1
GENS-HIST-0510,452,452,AD 452,Division & Western Twilight,Attila invades Italy,War / Invasion,Hunnic / Italian,Northern Italy,Huns; Western Rome,Attila; Aetius; Pope Leo I,"Attila's army invaded Italy, sacking cities before withdrawing.",Refugees; ransom; famine/disease pressure; diplomacy.,Security; food; population,5,exact,research_addition,https://en.wikisource.org/wiki/Encyclop%C3%A6dia_Britannica%2C_Ninth_Edition/410,,,Conflict & Security,Local / Regional,Military & Security; Disease & Public Health; Settlement & Demographics,Critical,High,v1
GENS-HIST-0511,453,453,AD 453,Division & Western Twilight,Death of Attila and fragmentation of Hunnic power,Great Power Succession,Hunnic,Central Europe,Hunnic confederation; subject peoples,Attila,Attila's death rapidly weakened Hunnic imperial cohesion.,Frontier power vacuum; migrations; new diplomatic actors.,Security; diplomacy; trade,4,exact,research_addition,https://en.wikisource.org/wiki/Encyclop%C3%A6dia_Britannica%2C_Ninth_Edition/410,,,Politics & Government,Local / Regional,Politics & Patronage; Economy & Finance; Military & Security; Settlement & Demographics,High,High,v1
GENS-HIST-0512,454,454,AD 454,Division & Western Twilight,Marcian settles Ostrogothic groups in Pannonia,Migration / Federate Settlement,Gothic / Roman,Pannonia,Ostrogothic groups; Eastern Roman government,Marcian; Ostrogothic leaders,Ostrogothic groups were settled in Pannonia within the shifting post-Hunnic order.,New armed settlers; land allocation; military obligation; frontier trade.,Migration; land; security; diplomacy,4,exact,research_addition,https://www.livius.org/articles/person/marcianus/,,,Infrastructure & Settlement,Regional,Economy & Finance; Military & Security; Settlement & Demographics; Construction & Estates,High,High,v4
GENS-HIST-0513,454,454,AD 454,Division & Western Twilight,Valentinian III personally kills Aetius,Political Assassination / Court Crisis,Roman,Ravenna / Rome,Western court; army command,Valentinian III; Aetius,"Emperor Valentinian III killed his powerful general Aetius during a court confrontation, removing the West's dominant military commander.",Military patron dies; officer purge; frontier defense penalty; elite fear.,Security; politics; patronage,5,exact,research_addition,https://www.livius.org/articles/person/valentinian-iii/,,,Politics & Government,Imperial / Urban,Politics & Patronage; Legal & Court; Military & Security,Critical,High,v3
GENS-HIST-0514,455,455,July AD 455,Division & Western Twilight,Avitus proclaimed western emperor in Gaul,Imperial Succession,Roman / Gallic,Gaul,Gallo-Roman elites; Visigothic allies; western army,Avitus; Theodoric II,"After Petronius Maximus died during the Vandal crisis, the Gallic aristocrat Avitus was proclaimed emperor with Visigothic backing.",Regional elite ascendant; Gothic alliance; Rome-vs-Gaul political tension.,Politics; diplomacy; patronage,4,exact,research_addition,https://www.livius.org/articles/misc/list-of-roman-emperors/list-of-west-roman-emperors/,,,Politics & Government,Imperial,Politics & Patronage,High,High,v3
GENS-HIST-0515,455,455,March AD 455,Division & Western Twilight,Valentinian III assassinated; Petronius Maximus seizes western throne,Imperial Succession / Assassination,Roman,Rome,Western court; Aetius's former followers; senatorial elite,Valentinian III; Petronius Maximus,"Valentinian III was assassinated and the senator Petronius Maximus rapidly took the throne, beginning an exceptionally unstable succession sequence.",Emperor murdered; forced political realignment; marriage pressure; Vandal diplomacy collapses.,Politics; patronage; security,5,exact,research_addition,https://www.livius.org/articles/misc/list-of-roman-emperors/list-of-west-roman-emperors/,,,Politics & Government,Imperial / Urban,Politics & Patronage; Military & Security,Critical,High,v3
GENS-HIST-0516,455,455,AD 455,Division & Western Twilight,Vandal sack of Rome,War / Sack,Roman / Vandal,Rome,Vandal kingdom; Western Rome,Geiseric; Petronius Maximus,Vandal forces captured and plundered Rome.,Loot/ransom; elite flight; maritime insecurity.,Property; prestige; trade; security,5,exact,repo_authored,https://github.com/rdnovotni/gens/blob/main/docs/design/gens-events-historical-timeline-late-antiquity-content.md,https://en.wikisource.org/wiki/Encyclop%C3%A6dia_Britannica%2C_Ninth_Edition/410,,Conflict & Security,Imperial / Urban,Economy & Finance; Legal & Court; Military & Security; Construction & Estates,Critical,High,repo
GENS-HIST-0517,456,456,AD 456,Division & Western Twilight,Avitus deposed after defeat by Ricimer and Majorian,Civil War / Succession,Roman / Gallic / Italian,Northern Italy,Avitus regime; Ricimer and Majorian faction,Avitus; Ricimer; Majorian,"Avitus lost military support and was defeated, ending his short reign.",Patron regime collapses; Gallic elite resentment; army faction rise.,Politics; military loyalty; patronage,4,exact,research_addition,https://www.livius.org/articles/misc/list-of-roman-emperors/list-of-west-roman-emperors/,,,Conflict & Security,Regional,Politics & Patronage; Military & Security,High,High,v3
GENS-HIST-0518,457,457,7 February AD 457,Division & Western Twilight,Leo I becomes eastern emperor,Imperial Succession,Roman / Greek East,Constantinople,Eastern army; court; Aspar's faction,Leo I; Aspar,"After Marcian's death, the powerful general Aspar helped elevate Leo, who was crowned by the patriarch and later worked to escape Aspar's dominance.",New emperor; court patronage reshuffle; religious coronation precedent; military faction politics.,Politics; patronage; military loyalty; piety,4,exact,research_addition,https://www.livius.org/articles/person/leo-i/,,,Politics & Government,Imperial / Urban,Politics & Patronage; Legal & Court; Religion; Military & Security,High,High,v4
GENS-HIST-0519,457,457,AD 457,Division & Western Twilight,Majorian becomes western emperor,Imperial Succession,Roman,Italy,Western army; eastern court; senatorial elite,Majorian; Ricimer; Leo I,The capable general Majorian became western emperor and launched an energetic program of military recovery and legislation.,New reform regime; army recruitment; tax/property enforcement; reconquest opportunity.,Politics; military security; law; taxes,4,exact,research_addition,https://www.livius.org/articles/misc/list-of-roman-emperors/list-of-west-roman-emperors/,,,Politics & Government,Imperial,Politics & Patronage; Economy & Finance; Legal & Court; Military & Security; Travel & Trade Routes; Construction & Estates,High,High,v3
GENS-HIST-0520,461,461,AD 461,Division & Western Twilight,Majorian deposed and killed; Libius Severus installed,Imperial Succession / Coup,Roman,Northern Italy,Ricimer faction; Majorian loyalists,Majorian; Ricimer; Libius Severus,"After Majorian's failed African expedition, Ricimer arrested and killed him and installed Libius Severus as western emperor.",Reform patron eliminated; puppet-ruler politics; military strongman influence.,Politics; patronage; security,5,exact,research_addition,https://www.livius.org/articles/misc/list-of-roman-emperors/list-of-west-roman-emperors/,,,Conflict & Security,Imperial,Politics & Patronage; Military & Security,Critical,High,v3
GENS-HIST-0521,465,465,AD 465,Division & Western Twilight,Libius Severus dies; western throne remains vacant,Imperial Interregnum,Roman,Italy,Ricimer; western administration; eastern court,Libius Severus; Ricimer,"After Libius Severus died, no western emperor was immediately appointed, leaving Ricimer dominant during an extended interregnum.",No recognized emperor; delayed appointments; coin/tax authority ambiguity.,Politics; administration; patronage,4,exact,research_addition,https://www.livius.org/articles/misc/list-of-roman-emperors/list-of-west-roman-emperors/,,,Politics & Government,Regional,Politics & Patronage; Economy & Finance,High,High,v3
GENS-HIST-0522,467,467,AD 467,Division & Western Twilight,Anthemius installed as western emperor with eastern backing,Imperial Succession,Roman,Rome,Eastern and Western courts; Ricimer faction,Anthemius; Leo I; Ricimer,"The eastern emperor Leo I sent Anthemius west, where he was accepted as emperor in a renewed attempt at coordinated imperial recovery.",East-West alliance; new court arrivals; anti-Vandal mobilization; marriage diplomacy.,Politics; diplomacy; patronage; military demand,4,exact,research_addition,https://www.livius.org/articles/misc/list-of-roman-emperors/list-of-west-roman-emperors/,,,Politics & Government,Imperial / Urban,Politics & Patronage; Legal & Court; Military & Security,High,High,v3
GENS-HIST-0523,468,468,AD 468,Division & Western Twilight,Failed Roman expedition against Vandal North Africa,War / Fiscal Shock,Roman / Vandal,Cape Bon / North Africa,Eastern and Western Roman forces; Vandals,Basiliscus; Geiseric; Leo I,A massive joint expedition to recover Africa failed disastrously.,Treasury shock; lost ships; tax pressure; Vandal confidence.,Taxes; trade; military prestige,5,exact,research_addition,https://82nd-and-fifth.metmuseum.org/toah/ht/05/afw.html,,,Conflict & Security,Regional,Economy & Finance; Military & Security,Critical,High,v1
GENS-HIST-0524,471,471,AD 471,Division & Western Twilight,Leo I destroys the power of Aspar's military faction,Political Purge / Court Crisis,Roman / Greek East,Constantinople,Eastern court; Aspar's Germanic military network,Leo I; Aspar; Ardabur,"Emperor Leo I had the powerful general Aspar and his son killed, breaking a dominant military patronage network at the eastern court.",Court purge; clients scramble; military faction loses offices; urban violence risk.,Politics; patronage; military loyalty,5,exact,research_addition,https://www.livius.org/articles/person/leo-i/,,,Conflict & Security,Imperial / Urban,Politics & Patronage; Legal & Court; Military & Security; Settlement & Demographics,Critical,High,v3
GENS-HIST-0525,472,472,AD 472,Division & Western Twilight,Ricimer besieges Rome; Anthemius killed; Olybrius briefly rules,Civil War / Succession,Roman,Rome,Ricimer faction; Anthemius regime,Ricimer; Anthemius; Olybrius,"Civil war culminated in a siege of Rome and Anthemius's death; Olybrius became emperor, while Ricimer and then Olybrius both died later the same year.",Siege shortages; three elite deaths; rapid court reset; property looting.,Security; politics; food; property,5,exact,research_addition,https://www.livius.org/articles/misc/list-of-roman-emperors/list-of-west-roman-emperors/,,,Conflict & Security,Imperial / Urban,Politics & Patronage; Legal & Court; Military & Security; Construction & Estates,Critical,High,v3
GENS-HIST-0526,473,473,AD 473,Division & Western Twilight,Glycerius becomes western emperor,Imperial Succession,Roman,Ravenna,Western military establishment,Glycerius; Gundobad,The military leadership elevated Glycerius as western emperor without eastern approval.,Recognition dispute; office confirmation uncertainty; rival claimant rumors.,Politics; diplomacy; patronage,4,exact,research_addition,https://www.livius.org/articles/misc/list-of-roman-emperors/list-of-west-roman-emperors/,,,Politics & Government,Imperial,Politics & Patronage,High,High,v3
GENS-HIST-0527,474,474,AD 474,Division & Western Twilight,Julius Nepos replaces Glycerius as western emperor,Imperial Succession,Roman,Italy,Eastern court; Dalmatian forces; Glycerius regime,Julius Nepos; Glycerius; Leo II; Zeno,"Eastern-backed Julius Nepos landed in Italy and displaced Glycerius, becoming the last western emperor broadly recognized by Constantinople.",Regime replacement with limited fighting; eastern patronage; displaced officials.,Politics; diplomacy; patronage,4,exact,research_addition,https://www.livius.org/articles/misc/list-of-roman-emperors/list-of-west-roman-emperors/,https://www.livius.org/articles/person/julius-nepos/,,Politics & Government,Imperial,Politics & Patronage,High,High,v3
GENS-HIST-0528,474,474,January AD 474,Division & Western Twilight,Leo I dies; Leo II briefly succeeds before Zeno becomes sole emperor,Imperial Succession / Dynastic Transition,Roman / Greek East,Constantinople,Leonid dynasty; Isaurian court faction,Leo I; Leo II; Zeno,"Leo I died and his young grandson Leo II succeeded, associating his father Zeno as co-emperor before the child's death left Zeno sole ruler.",Child ruler; co-emperor appointment; rapid succession; patronage uncertainty.,Politics; dynasty; patronage,5,exact,research_addition,https://www.livius.org/articles/person/leo-i/,,,Politics & Government,Imperial / Urban,Politics & Patronage,Critical,High,v4
GENS-HIST-0529,474,474,AD 474,Division & Western Twilight,Zeno becomes eastern emperor,Imperial Succession,Roman / Greek East,Constantinople,Eastern imperial court,Zeno; Leo II,Zeno became emperor during the dynastic transition after Leo I and the brief reign of the child Leo II.,Court patronage turnover; Isaurian faction rise; succession loyalty.,Political standing; offices; stability,4,exact,research_addition,https://www.worldhistory.org/Emperor_Zeno/,,,Politics & Government,Imperial / Urban,Politics & Patronage; Legal & Court,High,High,v2
GENS-HIST-0530,475,475,AD 475,Division & Western Twilight,Orestes expels Julius Nepos and elevates Romulus Augustulus,Military Coup / Succession,Roman,Ravenna,Orestes's army; Julius Nepos loyalists,Orestes; Julius Nepos; Romulus Augustulus,The general Orestes drove Julius Nepos into Dalmatia and placed his young son Romulus on the western throne.,Army coup; child-emperor legitimacy; rival de jure emperor remains alive.,Politics; military loyalty; legal legitimacy,5,exact,research_addition,https://www.livius.org/articles/misc/list-of-roman-emperors/list-of-west-roman-emperors/,https://www.livius.org/articles/person/julius-nepos/,,Conflict & Security,Regional,Politics & Patronage; Legal & Court; Military & Security,Critical,High,v3
GENS-HIST-0531,475,476,AD 475–476,Division & Western Twilight,Basiliscus usurps the eastern throne; Zeno returns,Civil War / Usurpation,Roman / Greek East,Constantinople and Eastern Empire,Basiliscus faction; Zeno loyalists,Basiliscus; Zeno,Zeno was driven from Constantinople by Basiliscus but restored to the throne the following year.,Rapid regime flip; confiscation risk; court-allegiance choice; religious-policy reversal.,Politics; property; court favor; piety,5,range,research_addition,https://www.worldhistory.org/Emperor_Zeno/,,,Conflict & Security,Imperial / Urban,Politics & Patronage; Legal & Court; Religion; Military & Security; Construction & Estates,Critical,High,v2
GENS-HIST-0532,476,476,AD 476,Eastern Renewal,Romulus Augustulus deposed by Odoacer,Imperial Succession / Regime Change,Roman / Italian,Ravenna,Odoacer's forces; Western court,Romulus Augustulus; Odoacer,The last western emperor in Italy was deposed; 476 became the conventional date for the Western Roman Empire's end.,Successor-kingdom transition; office renaming; land settlement.,Politics; legal status; taxation,5,exact,repo_authored,https://github.com/rdnovotni/gens/blob/main/docs/design/gens-events-historical-timeline-late-antiquity-content.md,https://82nd-and-fifth.metmuseum.org/toah/ht/05/eust.html,,Politics & Government,Regional,Politics & Patronage; Economy & Finance; Legal & Court; Settlement & Demographics; Construction & Estates,Critical,High,repo
GENS-HIST-0533,480,480,AD 480,Eastern Renewal,Julius Nepos murdered in Dalmatia,Dynastic / Political Assassination,Roman / Dalmatian,Dalmatia,Nepos's court; Dalmatian elites,Julius Nepos,"Julius Nepos, still recognized by Constantinople after Romulus's deposition, was murdered in Dalmatia.",Last western claimant disappears; estates and offices reallocated; diplomatic recognition closes.,Politics; property; diplomacy,4,exact,research_addition,https://www.livius.org/articles/person/julius-nepos/,,,Politics & Government,Regional,Politics & Patronage; Legal & Court; Construction & Estates,High,High,v3
GENS-HIST-0534,481,482,c. AD 481–482,Eastern Renewal,Clovis becomes king of the Salian Franks,Great Power Succession / Successor Kingdom,Frankish / Gallic,Tournai and northern Gaul,Salian Franks; Gallo-Roman communities,Clovis I,Clovis succeeded his father Childeric and began the expansion that would unite much of Frankish Gaul.,New neighboring ruler; tribute/diplomacy; mercenary opportunity; court marriage politics.,Diplomacy; security; patronage; trade,4,approximate_range,research_addition,https://en.wikisource.org/wiki/1911_Encyclop%C3%A6dia_Britannica/Clovis,,,Politics & Government,Imperial,Politics & Patronage; Economy & Finance; Legal & Court; Military & Security; Travel & Trade Routes,High,High,v4
GENS-HIST-0535,482,482,AD 482,Eastern Renewal,Henotikon issued by Zeno,Religion / Imperial Policy,Christian / Greek East,Eastern Roman Empire,Chalcedonians; anti-Chalcedonians; imperial church,Zeno; Acacius,Zeno issued the Henotikon as a deliberately ambiguous attempt to reconcile competing Christological factions.,Doctrine compromise; bishop loyalty; regional reception; Rome-Constantinople tension.,Piety; politics; social cohesion; diplomacy,4,exact,research_addition,https://www.worldhistory.org/Emperor_Zeno/,,,Religion & Culture,Local / Regional,Politics & Patronage; Religion,High,High,v2
GENS-HIST-0536,483,484,AD 483–484,Eastern Renewal,Huneric convenes Carthage conference and launches systematic anti-Nicene persecution,Religion / Persecution,Vandal / North African / Christian,Carthage and Vandal Africa,Homoian Vandal monarchy; Nicene bishops and households,Huneric; Eugenius of Carthage,"Huneric summoned rival church leaders to Carthage and, after the conference, issued a sweeping law using Roman anti-heretical precedents against Nicene Christians.",Court office requires religious conformity; bishop exiled; church property closed; household fined or banished.,Piety; offices; property; migration; legal status,5,range,research_addition,https://www.cambridge.org/core/books/serving-the-christian-state-in-late-antiquity/confession-and-conformity-in-east-and-west/9178287330EE536C019C4799F8733825,,,Religion & Culture,Regional,Politics & Patronage; Legal & Court; Religion; Settlement & Demographics; Construction & Estates,Critical,High,v5
GENS-HIST-0537,483,484,AD 483–484,Eastern Renewal,Synod of Beth Lapat advances a distinct Persian Christian church,Religion / Church Council,Sasanian / Christian,Beth Lapat (Gundeshapur),Persian Christian bishops; Sasanian authorities,Bar Sauma; Baboai,A synod at Beth Lapat promoted a dyophysite/Nestorian orientation and strengthened the separation of the Persian church from western ecclesiastical authority.,Doctrine changes; clergy marriage policy debate; church loyalty to Persian state.,Piety; diplomacy; local authority; social networks,4,approximate_range,research_addition,https://www.iranicaonline.org/articles/bet-lapat/,,Sources vary between 483 and 484 for the synod; retain range.,Religion & Culture,Regional,Politics & Patronage; Religion,High,High,v4
GENS-HIST-0538,484,484,AD 484,Eastern Renewal,Sasanian king Peroz I killed by the Hephthalites,War / Great Power Succession,Sasanian / Central Asian,Eastern Iran,Sasanian Persia; Hephthalites,Peroz I,"Peroz I died in a catastrophic campaign against the Hephthalites, leaving Persia under severe military and financial pressure.",Foreign power weakens; frontier trade changes; tribute burden; diplomatic opportunity.,Diplomacy; trade; security,5,exact,research_addition,https://www.iranicaonline.org/articles/peroz-firuz/,,,Conflict & Security,Imperial,Politics & Patronage; Economy & Finance; Military & Security; Travel & Trade Routes,Critical,High,v3
GENS-HIST-0539,484,519,AD 484–519,Eastern Renewal,Acacian Schism between Constantinople and Rome,Religion / Schism,Christian / Roman,Rome and Eastern Empire,Papacy; Constantinopolitan church; imperial government,Acacius; Felix III; Zeno; Anastasius I; Justin I,Disputes over the Henotikon produced a decades-long break in communion between Rome and Constantinople.,Clerical allegiance; correspondence; marriage/religious-status friction; rival church legitimacy.,Piety; diplomacy; social networks; legitimacy,4,range,research_addition,https://www.cambridge.org/core/journals/studies-in-church-history/article/abs/eastern-attitudes-to-rome-during-the-acacian-schism/81F919C124B4EA9DB7366B9C79E6E063,,,Religion & Culture,Imperial / Urban,Religion,High,High,v2
GENS-HIST-0540,486,486,c. AD 486,Eastern Renewal,Clovis defeats Syagrius at Soissons,War / Successor Kingdom,Gallic / Frankish,Northern Gaul,Franks; Syagrius's Roman remnant polity,Clovis I; Syagrius,Frankish victory over Syagrius eliminated a major surviving Roman-style authority in northern Gaul.,Regional ruler changes; land grants; Roman elite accommodation; new taxes.,Politics; land; security; diplomacy,4,approximate,research_addition,https://en.wikisource.org/wiki/1911_Encyclop%C3%A6dia_Britannica/Clovis,,,Conflict & Security,Regional,Politics & Patronage; Economy & Finance; Military & Security; Settlement & Demographics; Construction & Estates,High,High,v3
GENS-HIST-0541,488,493,AD 488–493,Eastern Renewal,Theodoric invades Italy at Zeno's encouragement,War / Migration / Regime Change,Gothic / Italian / Roman,Italy,Ostrogoths; Odoacer's kingdom; Eastern Roman court,Theodoric the Great; Odoacer; Zeno,"Theodoric led the Ostrogoths into Italy and fought Odoacer for control of the peninsula, culminating in the settlement at Ravenna.",Migrating army arrives; repeated sieges; estate billeting; choose Odoacer or Theodoric.,Security; land; population; politics,5,range,research_addition,https://www.livius.org/articles/person/zeno-i/,,,Conflict & Security,Regional,Politics & Patronage; Military & Security; Settlement & Demographics; Construction & Estates,Critical,High,v3
GENS-HIST-0542,491,491,AD 491,Eastern Renewal,Anastasius I becomes eastern emperor,Imperial Succession,Roman / Greek East,Constantinople,Eastern imperial court,Anastasius I; Ariadne,Anastasius succeeded Zeno and began a long reign noted for fiscal and monetary reform.,Court realignment; new fiscal agenda; succession legitimacy.,Politics; taxation; patronage,4,exact,research_addition,https://www.worldhistory.org/Anastasios_I/,,,Politics & Government,Imperial / Urban,Politics & Patronage; Economy & Finance; Legal & Court,High,High,v2
GENS-HIST-0543,492,497,AD 492–497,Eastern Renewal,Isaurian War challenges Anastasius I,Civil War / Regional Revolt,Roman / Isaurian,Anatolia,Isaurian military elites; Anastasius's government,Anastasius I; Longinus of Cardala,"After Zeno's death, Isaurian elites resisted Anastasius in a prolonged war before imperial forces suppressed them.",Regional civil war; elite deportation; tax disruption; soldiers quartered.,Security; politics; taxes; migration,4,range,research_addition,https://www.worldhistory.org/Anastasios_I/,,,Conflict & Security,Regional,Politics & Patronage; Economy & Finance; Military & Security; Settlement & Demographics; Travel & Trade Routes; Culture & Education,High,High,v4
GENS-HIST-0544,493,493,AD 493,Eastern Renewal,Theodoric kills Odoacer and becomes undisputed ruler of Italy,Regime Change / Political Killing,Italian / Gothic,Ravenna,Ostrogothic court; Odoacer's followers; Roman Italian elites,Theodoric the Great; Odoacer,"After agreeing to share power in Ravenna, Theodoric personally killed Odoacer and established uncontested Ostrogothic rule.",Successor-kingdom loyalty oath; Odoacer client purge; new court patronage.,Politics; property; patronage; security,5,exact,research_addition,https://www.livius.org/articles/person/zeno-i/,,,Politics & Government,Regional,Politics & Patronage; Legal & Court; Military & Security; Construction & Estates,Critical,High,v3
GENS-HIST-0545,493,526,AD 493–526,Eastern Renewal,Theodoric the Great rules Ostrogothic Italy,Successor Kingdom / Administration,Italian / Gothic,Italy,Ostrogothic kingdom; Roman elites,Theodoric the Great,Theodoric established a stable Ostrogothic kingdom that preserved much Roman administration.,Dual Roman/Gothic elites; court service; land and legal pluralism.,Politics; property; culture,4,range,repo_authored,https://github.com/rdnovotni/gens/blob/main/docs/design/gens-events-historical-timeline-late-antiquity-content.md,https://82nd-and-fifth.metmuseum.org/toah/ht/05/eust.html,,Politics & Government,Regional,Politics & Patronage; Legal & Court; Religion; Settlement & Demographics; Construction & Estates; Culture & Education,High,High,repo
GENS-HIST-0546,496,496,c. AD 496,Eastern Renewal,Conversion of Clovis to Nicene Christianity,Religion / Dynastic,Gallic / Frankish,Gaul,Franks; Gallo-Roman church,Clovis I,"Clovis adopted Nicene Christianity, aligning the Frankish monarchy with the dominant Gallo-Roman church.",Court conversion; church alliance; anti-Arian politics.,Piety; diplomacy; prestige,4,approximate,repo_authored,https://github.com/rdnovotni/gens/blob/main/docs/design/gens-events-historical-timeline-late-antiquity-content.md,https://82nd-and-fifth.metmuseum.org/toah/ht/05/euw.html,,Politics & Government,Regional,Politics & Patronage; Legal & Court; Religion,High,Medium,repo
GENS-HIST-0547,496,496,AD 496,Eastern Renewal,Kavad I deposed and imprisoned in Sasanian Persia,Great Power Succession / Court Coup,Sasanian,Sasanian Persia,Sasanian nobility; royal court,Kavad I; Zamasp,Opposition among Sasanian elites removed Kavad I from the throne and replaced him with his brother Zamasp.,Foreign succession shock; treaty uncertainty; merchant credit hesitation.,Diplomacy; trade; politics,4,exact,research_addition,https://www.iranicaonline.org/articles/kavad-i-reign/,,,Conflict & Security,Imperial,Politics & Patronage; Economy & Finance; Legal & Court,High,High,v3
GENS-HIST-0548,498,498,AD 498,Eastern Renewal,Anastasius reforms copper coinage,Economy / Monetary Reform,Roman / Greek East,Eastern Roman Empire,Imperial mints; merchants; taxpayers,Anastasius I,"Anastasius introduced a clearer system of large copper denominations, including the follis, improving low-value monetary exchange.",Coin exchange; market repricing; mint demand; easier small transactions.,Currency; markets; wages; taxes,4,exact,research_addition,https://www.worldhistory.org/Anastasios_I/,,,Economy & Trade,Regional,Economy & Finance,High,High,v2
GENS-HIST-0549,498,498,AD 498,Eastern Renewal,Chrysargyron business tax abolished,Economy / Tax Reform,Roman / Greek East,Eastern Roman Empire,Merchants; artisans; service workers; imperial treasury,Anastasius I,"Anastasius abolished the unpopular chrysargyron, a periodic tax on commercial and occupational activity.",Merchant celebration; treasury shortfall; tax-policy change; workshop expansion.,Taxes; commerce; urban economy; household businesses,4,exact,research_addition,https://www.worldhistory.org/Anastasios_I/,,,Economy & Trade,Regional,Economy & Finance; Settlement & Demographics,High,High,v2
GENS-HIST-0550,499,499,c. AD 499,Eastern Renewal,Kavad I restored with Hephthalite support,Great Power Succession / Restoration,Sasanian / Central Asian,Sasanian Persia,Kavad faction; Hephthalites; Sasanian nobility,Kavad I; Zamasp,Kavad escaped exile and regained the Sasanian throne with outside military backing.,Foreign regime restoration; debt to allies; treaty renegotiation; frontier mobilization.,Diplomacy; trade; security,4,approximate,research_addition,https://www.iranicaonline.org/articles/kavad-i-reign/,,,Politics & Government,Imperial,Politics & Patronage; Economy & Finance; Military & Security,High,High,v3
GENS-HIST-0551,502,506,AD 502–506,Eastern Renewal,Anastasian War with Sasanian Persia,War / Great Power,Roman / Sasanian,Mesopotamia and Syrian frontier,Eastern Roman Empire; Sasanian Persia,Anastasius I; Kavadh I,"Renewed Roman-Sasanian war devastated frontier districts, including the capture of Amida, before peace in AD 506.",Siege damage; tax remission; troop billeting; refugee movement; frontier reconstruction.,Security; taxes; population; trade; construction,5,range,research_addition,https://www.cambridge.org/core/journals/byzantine-and-modern-greek-studies/article/abs/war-and-society-in-rural-syria-c-502613-ad-observations-on-the-epigraphy1/9F243CC1600B3DB4B2B09C2902BE10B8,,,Conflict & Security,Regional,Economy & Finance; Military & Security; Settlement & Demographics; Construction & Estates,Critical,High,v2
GENS-HIST-0552,505,507,AD 505–507,Eastern Renewal,Fortress-city of Dara constructed,Infrastructure / Frontier,Roman / Mesopotamian,Dara / Anastasiopolis,Eastern Roman military administration; frontier communities,Anastasius I,"After the Anastasian War, the empire constructed the major fortified frontier base at Dara opposite Persian territory.",Fortification contracts; forced labor/recruitment; merchant settlement; garrison economy.,Construction; trade; security; migration,4,range,research_addition,https://www.worldhistory.org/Anastasios_I/,https://www.cambridge.org/core/journals/byzantine-and-modern-greek-studies/article/abs/war-and-society-in-rural-syria-c-502613-ad-observations-on-the-epigraphy1/9F243CC1600B3DB4B2B09C2902BE10B8,,Infrastructure & Settlement,Regional,Economy & Finance; Military & Security; Settlement & Demographics; Construction & Estates,High,High,v2
GENS-HIST-0553,507,507,AD 507,Eastern Renewal,Battle of Vouillé,War / Successor Kingdom,Gallic / Frankish / Visigothic,Near Poitiers,Franks; Visigoths,Clovis I; Alaric II,Frankish victory broke Visigothic power in most of Gaul.,Regional regime change; refugees; land redistribution.,Politics; land; security,4,exact,research_addition,https://82nd-and-fifth.metmuseum.org/toah/ht/05/euw.html,,,Conflict & Security,Regional,Politics & Patronage; Military & Security; Settlement & Demographics; Construction & Estates,High,High,v1
GENS-HIST-0554,511,511,AD 511,Eastern Renewal,Clovis dies; Frankish kingdom partitioned among his sons,Dynastic Succession / Partition,Frankish / Gallic,Frankish Gaul,Merovingian dynasty; Gallo-Roman elites,Clovis I; Theuderic I; Chlodomer; Childebert I; Chlothar I,"After Clovis's death, Frankish territories were divided among his sons according to dynastic practice.",Multiple neighboring courts; inheritance-style partition; local allegiance changes.,Politics; diplomacy; land; patronage,4,exact,research_addition,https://en.wikisource.org/wiki/1911_Encyclop%C3%A6dia_Britannica/Clovis,,,Politics & Government,Regional,Politics & Patronage; Legal & Court; Settlement & Demographics; Construction & Estates; Culture & Education,High,High,v3
GENS-HIST-0555,512,512,AD 512,Eastern Renewal,Trisagion riots shake Constantinople,Religion / Urban Revolt,Roman / Christian,Constantinople,Chalcedonian populace; imperial religious policy,Anastasius I,A proposed liturgical formula associated with the emperor's anti-Chalcedonian sympathies helped trigger major urban rioting and a threat to Anastasius's throne.,Church faction mobilizes crowd; house barricades; emperor appears publicly; rival claimant rumor.,Piety; public order; politics; household safety,5,exact,research_addition,https://www.worldhistory.org/Anastasios_I/,,,Conflict & Security,Imperial / Urban,Politics & Patronage; Religion; Settlement & Demographics,Critical,High,v4
GENS-HIST-0556,513,515,AD 513–515,Eastern Renewal,Revolt of Vitalian,Civil War / Revolt,Roman / Balkan,Thrace and approaches to Constantinople,Vitalian's forces; Anastasius's government,Vitalian; Anastasius I,General Vitalian led repeated rebellions combining military grievances and religious opposition to Anastasius.,Army mutiny; religious faction support; capital panic; tax and recruitment pressure.,Security; politics; religion; military pay,4,range,research_addition,https://www.worldhistory.org/Anastasios_I/,,,Conflict & Security,Imperial / Urban,Politics & Patronage; Economy & Finance; Religion; Military & Security; Travel & Trade Routes,High,High,v2
GENS-HIST-0557,518,518,AD 518,Eastern Renewal,Justin I succeeds Anastasius,Imperial Succession,Roman / Greek East,Constantinople,Eastern imperial court; army,Justin I; Anastasius I,The elderly soldier Justin became emperor after Anastasius died without a direct heir.,Court patron turnover; military-faction prestige; religious-policy change.,Politics; offices; piety,4,exact,research_addition,https://www.cambridge.org/core/journals/studies-in-church-history/article/abs/eastern-attitudes-to-rome-during-the-acacian-schism/81F919C124B4EA9DB7366B9C79E6E063,,,Politics & Government,Imperial / Urban,Politics & Patronage; Legal & Court; Religion; Military & Security,High,High,v2
GENS-HIST-0558,519,519,AD 519,Eastern Renewal,Acacian Schism formally ends,Religion / Reconciliation,Christian / Roman,Constantinople and Rome,Eastern church; papacy; imperial government,Justin I; Pope Hormisdas,"Communion between Rome and Constantinople was restored under Justin I, ending the Acacian Schism.",Church reconciliation; restored clerical ties; doctrinal-policy shift.,Piety; diplomacy; legitimacy,4,exact,research_addition,https://www.cambridge.org/core/journals/studies-in-church-history/article/abs/eastern-attitudes-to-rome-during-the-acacian-schism/81F919C124B4EA9DB7366B9C79E6E063,,,Religion & Culture,Imperial / Urban,Religion,High,High,v2
GENS-HIST-0559,524,524,AD 524,Eastern Renewal,Boethius imprisoned and executed under Theodoric,Political Trial / Literature,Italian / Gothic,Pavia and Italy,Ostrogothic court; Roman senatorial elite,Boethius; Theodoric the Great,"The senator and philosopher Boethius fell from favor, was imprisoned on treason-related accusations, and was executed during Theodoric's later reign.",Senatorial patron arrested; household correspondence seized; property succession; court faction fear.,Politics; patronage; property; education,5,exact,research_addition,https://www.cambridge.org/core/journals/traditio/article/grief-grieving-and-loss-in-high-medieval-historical-thought/13B75AEE133C948401E31662578500EE,,Traditional chronology often places execution in 524 or 525; 524 is used as a practical event anchor.,Politics & Government,Regional,Politics & Patronage; Legal & Court; Construction & Estates; Culture & Education,Critical,Medium,v5
GENS-HIST-0560,524,525,c. AD 524–525,Eastern Renewal,Boethius writes the Consolation of Philosophy in prison,Philosophy / Literature,Italian / Roman,Pavia,Educated Roman elite,Boethius,"While imprisoned and awaiting death, Boethius composed the Consolation of Philosophy, blending classical philosophical dialogue with reflections on fortune, providence, and political disaster.",Prison manuscript circulates; educated household debates fortune and virtue; prestige text acquired.,Education; culture; morale; prestige,3,approximate_range,research_addition,https://www.cambridge.org/core/journals/traditio/article/grief-grieving-and-loss-in-high-medieval-historical-thought/13B75AEE133C948401E31662578500EE,,,Knowledge & Culture,Regional,Religion; Culture & Education,Medium,High,v5
GENS-HIST-0561,525,525,AD 525,Eastern Renewal,Dionysius Exiguus introduces Anno Domini reckoning in Easter tables,Knowledge / Chronology,Roman / Christian,Rome,Church scholars; clerical administrators,Dionysius Exiguus,"While extending Easter tables, Dionysius numbered years from the Incarnation rather than the Diocletian era, creating the Anno Domini system that later spread widely.",New dating convention appears in learned records; clerical manuscript commission; calendar debate.,Education; recordkeeping; religion; chronology,3,exact,research_addition,https://assets.cambridge.org/97805217/70958/sample/9780521770958wsc00.pdf,,,Knowledge & Culture,Imperial / Urban,Religion; Culture & Education,Medium,High,v3
GENS-HIST-0562,526,526,AD 526,Eastern Renewal,Great Antioch earthquake,Natural Disaster / Earthquake,Syrian / Levantine,Antioch,Urban population; imperial administration,Justin I,"A catastrophic earthquake and fires devastated Antioch, one of the great cities of the eastern empire.",Mass-casualty disaster; fire; relief mission; tax remission; reconstruction; inheritance shock.,Population; buildings; labor; taxes; trade,5,exact,research_addition,https://assets.cambridge.org/97811088/33998/excerpt/9781108833998_excerpt.pdf,,Ancient death totals are highly inflated/uncertain; treat severity as certain but casualty numbers cautiously.,Disaster & Public Health,Regional,Economy & Finance; Legal & Court; Settlement & Demographics; Construction & Estates; Culture & Education,Critical,High,v2
GENS-HIST-0563,526,526,AD 526,Eastern Renewal,Theodoric dies; Athalaric succeeds under Amalasuntha's regency,Dynastic Succession / Regency,Italian / Gothic,Ravenna and Italy,Ostrogothic kingdom; Roman Italian elites,Theodoric the Great; Athalaric; Amalasuntha,"Theodoric's young grandson inherited the Ostrogothic kingdom while Amalasuntha exercised regency, opening factional conflict over Roman versus Gothic elite culture.",Child ruler; regency; education policy dispute; court faction shifts.,Politics; dynasty; culture; patronage,4,exact,research_addition,https://www.cambridge.org/core/books/abs/cambridge-ancient-history/italy-after-theodoric/8AF2A556E7BA1093E04F750B7F3C41DC,,,Politics & Government,Regional,Politics & Patronage; Legal & Court; Religion; Culture & Education,High,Medium,v4
GENS-HIST-0564,527,527,AD 527,Eastern Renewal,Justinian becomes Eastern emperor,Imperial Succession,Roman / Greek East,Constantinople,Eastern Roman Empire,Justinian I; Justin I,"Justinian succeeded Justin I and began a reign of legal, military, religious, and building ambitions.",New imperial program; court patronage; tax expectations.,Politics; offices; taxes,5,exact,repo_authored,https://github.com/rdnovotni/gens/blob/main/docs/design/gens-events-historical-timeline-late-antiquity-content.md,,,Politics & Government,Imperial / Urban,Politics & Patronage; Economy & Finance; Legal & Court,Critical,High,repo
GENS-HIST-0565,529,529,AD 529,Eastern Renewal,First edition of the Codex Justinianus promulgated,Law / Codification,Roman / Greek East,Empire-wide,Imperial jurists; judges; advocates,Justinian I; Tribonian,"Justinian's first Code consolidated imperial constitutions into a single authoritative collection, replacing many scattered earlier legal sources.",Old legal book superseded; court requires new code; advocate pays for updated copy.,Courts; contracts; administration; education,5,exact,research_addition,https://www.cambridge.org/core/journals/journal-of-roman-studies/article/abs/roman-imperial-quaestor-from-constantine-to-theodosius-ii/C0C8CEC7D7B14408B693811680D3F02A,,,Law & Legal Status,Imperial,Politics & Patronage; Legal & Court; Culture & Education,Critical,High,v5
GENS-HIST-0566,529,529,AD 529,Eastern Renewal,Justinian restricts pagan philosophical teaching at Athens,Religion / Education,Hellenic / Christian,Athens,Imperial government; pagan philosophers,Justinian I,Imperial measures curtailed state-supported pagan philosophical institutions in Athens.,School closure; scholar migration; manuscript movement.,Education; piety; culture,3,exact,research_addition,https://82nd-and-fifth.metmuseum.org/toah/ht/05/eusb.html,,Often summarized as 'closure of the Academy'; exact institutional continuity is debated.,Religion & Culture,Local / Regional,Religion; Settlement & Demographics; Culture & Education,Medium,High,v1
GENS-HIST-0567,529,529,AD 529,Eastern Renewal,Samaritan revolt in Palestine,War / Religious Revolt,Palestinian / Samaritan,Palestine,Eastern Roman authorities; Samaritan communities,Julianus ben Sabar; Justinian I,A major Samaritan revolt broke out against Justinianic rule and was violently suppressed.,Religious rebellion; rural estate attacks; militia; confiscation; population displacement.,Security; piety; property; labor; population,4,exact,research_addition,https://www.worldhistory.org/Justinian_I/,,,Conflict & Security,Local / Regional,Legal & Court; Religion; Military & Security; Settlement & Demographics; Construction & Estates,High,High,v2
GENS-HIST-0568,529,534,AD 529–534,Eastern Renewal,Corpus Juris Civilis compiled,Law / Administration,Empire-wide,Eastern Roman Empire,Imperial jurists; courts,Justinian I; Tribonian,"Justinian's commissions reorganized and codified Roman law in the Code, Digest, Institutes, and later Novels.",Legal rule changes; court cases; property/inheritance updates.,Law; contracts; inheritance,5,range,repo_authored,https://github.com/rdnovotni/gens/blob/main/docs/design/gens-events-historical-timeline-late-antiquity-content.md,,,Politics & Government,Imperial,Politics & Patronage; Economy & Finance; Legal & Court; Construction & Estates,Critical,High,repo
GENS-HIST-0569,530,530,AD 530,Eastern Renewal,Battle of Dara,War / Battle,Roman / Sasanian,"Dara, Mesopotamia",Eastern Roman Empire; Sasanian Persia,Belisarius; Kavad I,A Roman army under Belisarius won an important defensive victory over a larger Sasanian force near the frontier fortress of Dara.,Frontier morale rises; prisoners; military contracts; temporary trade confidence.,Security; military prestige; trade,4,exact,research_addition,https://www.iranicaonline.org/articles/kavad-i-reign/,,,Conflict & Security,Regional,Economy & Finance; Military & Security,High,High,v3
GENS-HIST-0570,530,530,c. AD 530,Eastern Renewal,Benedict founds Monte Cassino and develops monastic rule,Religion / Institution,Italian / Christian,Monte Cassino,Monastic communities,Benedict of Nursia,Benedict's monastic model became highly influential in the Latin West.,Monastery foundation; land donation; literacy/charity events.,Piety; land; education; labor,3,approximate,research_addition,https://82nd-and-fifth.metmuseum.org/toah/ht/06/eust.html,,,Religion & Culture,Local / Regional,Religion; Settlement & Demographics; Construction & Estates; Culture & Education,Medium,Medium,v1
GENS-HIST-0571,531,531,AD 531,Eastern Renewal,Battle of Callinicum checks Belisarius on the Euphrates,War / Battle,Roman / Sasanian,Callinicum,Eastern Roman Empire; Sasanian Persia,Belisarius; Azarethes; Kavad I,"After the Roman victory at Dara, a Sasanian army fought Belisarius at Callinicum; the battle forced Roman withdrawal and shaped subsequent diplomacy.",Frontier defeat; army casualties; caravan disruption; commander investigation.,Security; trade; military prestige,4,exact,research_addition,https://www.iranicaonline.org/articles/kavad-i-reign/,,,Conflict & Security,Regional,Economy & Finance; Military & Security; Travel & Trade Routes,High,High,v4
GENS-HIST-0572,531,531,AD 531,Eastern Renewal,Justinian abolishes Junian Latin and deditician freed statuses,Law / Manumission Reform,Roman / Greek East,Empire-wide,Freed people; slaveowners; heirs,Justinian I,"Justinian abolished major intermediate freed statuses, including Junian Latinity, simplifying the legal consequences of manumission and removing older age/status disabilities.",Freed household member gains fuller citizenship status; inheritance rights change; old manumission restriction disappears.,Manumission; citizenship; inheritance; household status,5,exact,research_addition,https://www.cambridge.org/core/books/abs/roman-law-of-slavery/manumission-under-justinian/75CA452541EE5778C854C40C6950DA6A,,,Law & Legal Status,Imperial,Legal & Court,Critical,High,v5
GENS-HIST-0573,531,531,AD 531,Eastern Renewal,Justinian repeals the Lex Fufia Caninia's testamentary manumission limits,Law / Manumission Reform,Roman / Greek East,Empire-wide,Slaveowners; enslaved people; heirs,Justinian I,Justinian removed the Augustan quota that had limited the number of enslaved people an owner could free by will.,Testator can free larger group; heirs lose expected labor/property; mass testamentary manumission.,Manumission; inheritance; household labor,4,exact,research_addition,https://www.cambridge.org/core/books/abs/roman-law-of-slavery/manumission-under-justinian/75CA452541EE5778C854C40C6950DA6A,,,Law & Legal Status,Imperial,Legal & Court; Construction & Estates,High,High,v5
GENS-HIST-0574,531,531,AD 531,Eastern Renewal,Khosrow I succeeds Kavad I,Great Power Succession,Sasanian,Sasanian Persia,Sasanian court; Roman diplomacy,Khosrow I; Kavad I,Khosrow I became shah after Kavad's death and soon emerged as one of the most formidable Sasanian rulers.,Foreign ruler dossier changes; treaty recalculation; embassy and gift expectations.,Diplomacy; trade; security,5,exact,research_addition,https://www.iranicaonline.org/articles/kosrow-i/,,,Politics & Government,Imperial,Politics & Patronage; Economy & Finance; Military & Security,Critical,High,v3
GENS-HIST-0575,531,550,c. AD 531–550,Eastern Renewal,Khosrow I undertakes major Sasanian fiscal and military reforms,Administration / Fiscal Reform,Sasanian,Sasanian Persia,Sasanian state; landowners; taxpayers; army,Khosrow I,"Khosrow's reign reorganized taxation and military administration, strengthening the Sasanian state's ability to mobilize resources against Rome and other rivals.",Foreign-state capacity increase; revised customs/tax pressure; stronger frontier army; merchant diplomacy.,Diplomacy; taxes; trade; security,5,approximate_range,research_addition,https://www.iranicaonline.org/articles/kosrow/kosrow-i-ii-reforms/,,Treat as a multi-year institutional transformation rather than a single edict.,Politics & Government,Regional,Economy & Finance; Military & Security,Critical,High,v3
GENS-HIST-0576,532,532,AD 532,Eastern Renewal,Eternal Peace with Sasanian Persia,Diplomacy / Fiscal,Sasanian / Roman,Eastern frontier,Eastern Rome; Sasanian Persia,Justinian I; Khosrow I,A negotiated peace temporarily stabilized the eastern frontier in exchange for payments and settlements.,Tribute payment; demobilization; trade reopening.,Treasury; trade; security,3,exact,research_addition,https://82nd-and-fifth.metmuseum.org/toah/ht/05/wai.html,,,Economy & Trade,Regional,Economy & Finance; Military & Security,Medium,High,v1
GENS-HIST-0577,532,532,AD 532,Eastern Renewal,Nika riots,Urban Revolt / Politics,Greek East,Constantinople,Blues; Greens; imperial government,Justinian I; Theodora; Belisarius; Narses,Factional riots became a massive uprising that burned large areas of Constantinople before violent suppression.,Urban unrest; faction choice; fire damage; rebuilding contracts.,Housing; public order; prestige; labor,5,exact,repo_authored,https://github.com/rdnovotni/gens/blob/main/docs/design/gens-events-historical-timeline-late-antiquity-content.md,https://en.wikisource.org/wiki/Page%3AEncyclop%C3%A6dia_Britannica%2C_Ninth_Edition%2C_v._5.djvu/738,,Conflict & Security,Imperial / Urban,Politics & Patronage; Economy & Finance; Settlement & Demographics; Construction & Estates,Critical,High,repo
GENS-HIST-0578,532,537,AD 532–537,Eastern Renewal,Hagia Sophia constructed,Infrastructure / Religion,Greek East,Constantinople,Imperial government; Christian church; builders,Justinian I; Anthemius of Tralles; Isidore of Miletus,The current Hagia Sophia rose rapidly after the Nika destruction.,Massive construction demand; religious prestige; artisan events.,Labor; materials; piety; prestige,4,range,repo_authored,https://github.com/rdnovotni/gens/blob/main/docs/design/gens-events-historical-timeline-late-antiquity-content.md,,,Religion & Culture,Imperial / Urban,Religion; Construction & Estates; Culture & Education,High,High,repo
GENS-HIST-0579,533,533,16 December AD 533,Eastern Renewal,Digest of Justinian comes into force,Law / Codification,Roman / Greek East,Empire-wide,Judges; advocates; legal schools,Justinian I; Tribonian,The fifty-book Digest selected and harmonized excerpts from centuries of Roman juristic writing and gave the compilation force of law.,Old jurist quotation replaced by authorized Digest text; complex property case gains new reference; legal school curriculum changes.,Courts; education; property; contracts,5,exact,research_addition,https://www.cambridge.org/core/elements/byzantine-law/A59990CF659483C1AE246EA1A83ED00A,,,Law & Legal Status,Imperial,Politics & Patronage; Legal & Court; Construction & Estates; Culture & Education,Critical,High,v5
GENS-HIST-0580,533,533,AD 533,Eastern Renewal,Institutes of Justinian issued as both textbook and law,Law / Legal Education,Roman / Greek East,"Constantinople, Beirut and empire-wide schools",Law students; teachers; judges,Justinian I; Tribonian,"The Institutes provided a beginner's systematic guide to law while itself carrying legal force, reshaping formal legal education.",Heir enrolls in law school; new textbook required; novice advocate gains standardized training.,Education; courts; prestige; administration,4,exact,research_addition,https://www.cambridge.org/core/elements/byzantine-law/A59990CF659483C1AE246EA1A83ED00A,,,Law & Legal Status,Imperial,Politics & Patronage; Legal & Court; Culture & Education,High,High,v5
GENS-HIST-0581,533,534,AD 533–534,Eastern Renewal,Vandalic War reconquers North Africa,War / Reconquest,North African / Roman / Vandal,North Africa,Eastern Roman Empire; Vandal kingdom,Belisarius; Gelimer; Justinian I,Belisarius defeated the Vandal kingdom and restored imperial rule in North Africa.,Regime restoration; confiscation/restitution; veteran garrisons.,Politics; land; trade; taxes,5,range,repo_authored,https://github.com/rdnovotni/gens/blob/main/docs/design/gens-events-historical-timeline-late-antiquity-content.md,https://en.wikisource.org/wiki/Page%3AEncyclop%C3%A6dia_Britannica%2C_Ninth_Edition%2C_v._5.djvu/738,,Conflict & Security,Regional,Politics & Patronage; Economy & Finance; Legal & Court; Military & Security; Settlement & Demographics; Construction & Estates,Critical,High,repo
GENS-HIST-0582,534,534,AD 534,Eastern Renewal,Revised Codex Justinianus replaces the first edition,Law / Codification,Roman / Greek East,Empire-wide,Judges; advocates; imperial administration,Justinian I; Tribonian,A revised second edition of Justinian's Code incorporated new legislation and replaced the 529 version as the operative collection of imperial constitutions.,Recent lawbook becomes obsolete; scribe copies revised code; court deadline to update references.,Courts; administration; education; commerce,4,exact,research_addition,https://www.cambridge.org/core/journals/journal-of-roman-studies/article/abs/roman-imperial-quaestor-from-constantine-to-theodosius-ii/C0C8CEC7D7B14408B693811680D3F02A,,,Law & Legal Status,Imperial,Politics & Patronage; Economy & Finance; Legal & Court; Culture & Education,High,High,v5
GENS-HIST-0583,534,534,AD 534,Eastern Renewal,Vandal kingdom abolished and Roman African administration restored,Administration / Reconquest,North African / Roman,Carthage and North Africa,Eastern Roman administration; former Vandal elites; African landowners,Justinian I; Belisarius,"After Gelimer's surrender, Justinian reorganized recovered North Africa under Roman civil and military government.",Old title restored or disputed; Vandal land redistribution; tax survey; new garrison.,Property; taxes; politics; security,5,exact,research_addition,https://www.worldhistory.org/timeline/Justinian_I/,,,Politics & Government,Regional,Politics & Patronage; Economy & Finance; Legal & Court; Military & Security; Settlement & Demographics; Construction & Estates,Critical,High,v4
GENS-HIST-0584,535,535,AD 535,Eastern Renewal,Byzantine reconquest of Sicily begins,War / Reconquest,Sicilian / Roman / Gothic,Sicily,Eastern Roman Empire; Ostrogoths,Belisarius,Sicily became the opening theater of Justinian's Italian reconquest.,Garrison change; grain/logistics hub; confiscation.,Trade; security; politics,4,exact,research_addition,https://82nd-and-fifth.metmuseum.org/toah/ht/06/eust.html,,,Conflict & Security,Regional,Politics & Patronage; Economy & Finance; Legal & Court; Military & Security,High,High,v1
GENS-HIST-0585,535,554,AD 535–554,Eastern Renewal,Gothic War in Italy,War / Reconquest,Italian / Gothic,Italy,Eastern Roman Empire; Ostrogothic kingdom,Belisarius; Narses; Totila; Vitiges; Justinian I,A long war destroyed Ostrogothic rule but devastated much of Italy.,Sieges; famine; depopulation; repeated regime change.,Population; property; trade; security,5,range,repo_authored,https://github.com/rdnovotni/gens/blob/main/docs/design/gens-events-historical-timeline-late-antiquity-content.md,https://en.wikisource.org/wiki/Page%3AEncyclop%C3%A6dia_Britannica%2C_Ninth_Edition%2C_v._5.djvu/738,,Conflict & Security,Regional,Economy & Finance; Legal & Court; Military & Security; Settlement & Demographics; Construction & Estates,Critical,High,repo
GENS-HIST-0586,536,536,December AD 536,Eastern Renewal,Belisarius enters Rome,War / Regime Change,Italian / Gothic / Roman,Rome,Eastern Roman army; Ostrogothic kingdom; Roman civilians,Belisarius; Witiges,"Imperial forces took Rome from the Ostrogoths, turning the city into the central prize of the Gothic War.",Regime flag changes; garrison arrives; food stockpile; elite loyalty decision.,Security; politics; food; property,5,exact,research_addition,https://en.wikisource.org/wiki/Page%3AEncyclop%C3%A6dia_Britannica%2C_Ninth_Edition%2C_v._5.djvu/738,,,Conflict & Security,Imperial / Urban,Politics & Patronage; Economy & Finance; Legal & Court; Military & Security; Construction & Estates,Critical,High,v4
GENS-HIST-0587,536,537,AD 536–537,Eastern Renewal,Atmospheric dust veil and abrupt climatic cooling,Climate / Food Security,Empire-wide,Mediterranean and wider Northern Hemisphere,Agricultural communities; urban consumers,,Contemporary observers described dramatically dimmed sunlight beginning in AD 536; modern proxy evidence links the event to major volcanic forcing and severe short-term cooling.,Poor harvest; food-price spike; famine relief; reduced estate yields; religious omen reactions.,Agriculture; food prices; health; taxation; unrest,5,range,research_addition,https://www.nature.com/articles/s41598-018-19760-w,https://www.nature.com/articles/ngeo2652,Avoid attributing every sixth-century crisis directly to climate; model it as a strong external stressor.,Disaster & Public Health,Imperial,Economy & Finance; Religion; Military & Security; Disease & Public Health; Culture & Education,Critical,High,v2
GENS-HIST-0588,537,538,AD 537–538,Eastern Renewal,First Gothic siege of Rome,War / Siege,Italian / Gothic,Rome,Eastern Roman defenders; Ostrogoths,Belisarius; Vitiges,Ostrogoths besieged Byzantine-held Rome for about a year.,Food shortage; aqueduct disruption; wall defense; disease.,Food; water; security; population,5,range,research_addition,https://en.wikisource.org/wiki/Page%3AEncyclop%C3%A6dia_Britannica%2C_Ninth_Edition%2C_v._5.djvu/738,,,Conflict & Security,Imperial / Urban,Military & Security; Disease & Public Health; Settlement & Demographics,Critical,High,v1
GENS-HIST-0589,540,540,AD 540,Eastern Renewal,Belisarius captures Ravenna,War / Capital Capture,Italian / Gothic,Ravenna,Eastern Roman Empire; Ostrogoths,Belisarius; Vitiges,"Ravenna fell to imperial forces, temporarily appearing to end the Gothic War.",Regime change; court assets seized; administrative restoration.,Politics; property; security,4,exact,research_addition,https://en.wikisource.org/wiki/Page%3AEncyclop%C3%A6dia_Britannica%2C_Ninth_Edition%2C_v._5.djvu/738,,,Conflict & Security,Regional,Politics & Patronage; Legal & Court; Military & Security; Construction & Estates,High,High,v1
GENS-HIST-0590,540,540,AD 540,Eastern Renewal,Khosrow I sacks Antioch,War / Sack,Sasanian / Syrian,Antioch,Sasanian Persia; Eastern Roman Empire,Khosrow I; Justinian I,Sasanian forces captured and plundered Antioch during renewed war.,Mass captivity; rebuilding; frontier panic.,Population; trade; security,5,exact,research_addition,https://en.wikisource.org/wiki/Page%3AEncyclop%C3%A6dia_Britannica%2C_Ninth_Edition%2C_v._5.djvu/738,,,Conflict & Security,Regional,Economy & Finance; Military & Security; Settlement & Demographics; Construction & Estates,Critical,High,v1
GENS-HIST-0591,541,541,AD 541,Eastern Renewal,Plague of Justinian begins,Epidemic,Empire-wide,Mediterranean / Empire-wide,Eastern Roman population,Justinian I,The first pandemic wave traditionally called the Plague of Justinian began and spread through the empire.,Mortality; labor shortage; inheritance; tax shortfall; burial crisis.,Health; population; wages; taxes,5,exact,repo_authored,https://github.com/rdnovotni/gens/blob/main/docs/design/gens-events-historical-timeline-late-antiquity-content.md,,,Disaster & Public Health,Imperial,Economy & Finance; Legal & Court; Disease & Public Health; Settlement & Demographics; Construction & Estates,Critical,High,repo
GENS-HIST-0592,541,541,AD 541,Eastern Renewal,Totila becomes king of the Ostrogoths,Great Power Succession / War Leadership,Italian / Gothic,Northern Italy,Ostrogothic kingdom; Eastern Roman forces,Totila,"After rapid Gothic leadership changes, Totila became king and revived Ostrogothic resistance against Justinian's armies.",Enemy leader competence rises; local taxes/recruitment shift; Italian allegiance pressure.,Security; politics; taxation,4,exact,research_addition,https://en.wikisource.org/wiki/Page%3AEncyclop%C3%A6dia_Britannica%2C_Ninth_Edition%2C_v._5.djvu/738,,,Conflict & Security,Imperial,Politics & Patronage; Economy & Finance; Military & Security,High,High,v4
GENS-HIST-0593,541,562,AD 541–562,Eastern Renewal,Lazic War with Sasanian Persia,War / Great Power,Caucasian / Sasanian / Roman,Lazica and Caucasus,Eastern Roman Empire; Sasanian Persia; Lazica,Justinian I; Khosrow I,A long war contested control of Lazica and Black Sea routes.,Frontier taxes; troop movements; diplomacy with local rulers.,Security; trade; taxation,4,range,research_addition,https://82nd-and-fifth.metmuseum.org/toah/ht/06/waa.html,https://82nd-and-fifth.metmuseum.org/toah/ht/05/wai.html,,Conflict & Security,Regional,Economy & Finance; Military & Security,High,High,v1
GENS-HIST-0594,542,542,AD 542,Eastern Renewal,Plague peaks in Constantinople,Epidemic / Urban Crisis,Greek East,Constantinople,Urban population; imperial administration,Justinian I,The pandemic caused extreme mortality in the imperial capital.,Household deaths; labor scarcity; abandoned property; relief.,Population; labor; property; public order,5,exact,research_addition,https://en.wikisource.org/wiki/Page%3AEncyclop%C3%A6dia_Britannica%2C_Ninth_Edition%2C_v._5.djvu/738,,,Disaster & Public Health,Imperial / Urban,Legal & Court; Disease & Public Health; Settlement & Demographics; Construction & Estates,Critical,High,v1
GENS-HIST-0595,544,545,AD 544–545,Eastern Renewal,Justinian's Three Chapters edict opens a major church controversy,Religion / Imperial Edict,Christian / Empire-wide,Eastern Empire and Italy,Chalcedonian bishops; anti-Chalcedonian communities; papacy,Justinian I; Vigilius,"Justinian condemned writings associated with three theologians in an attempt to reconcile anti-Chalcedonian Christians, provoking intense resistance especially in the West.",Bishop pressured to subscribe; local congregation split; imperial church policy dispute.,Piety; politics; patronage; social cohesion,4,approximate_range,research_addition,https://www.cambridge.org/core/books/abs/cambridge-companion-to-the-age-of-justinian/ecclesiastical-policy/3E1D6C0C4BE05A251CE9306731460152,,,Law & Legal Status,Imperial,Politics & Patronage; Religion,High,Medium,v4
GENS-HIST-0596,546,546,AD 546,Eastern Renewal,Totila captures Rome,War / Sack / Siege,Italian / Gothic,Rome,Ostrogoths; Eastern Roman garrison,Totila,Ostrogothic king Totila captured Rome during the renewed Gothic War.,Evacuation; property loss; regime flip.,Population; property; security,5,exact,research_addition,https://en.wikisource.org/wiki/Page%3AEncyclop%C3%A6dia_Britannica%2C_Ninth_Edition%2C_v._5.djvu/738,,,Conflict & Security,Imperial / Urban,Legal & Court; Military & Security; Settlement & Demographics; Construction & Estates,Critical,High,v1
GENS-HIST-0597,547,547,AD 547,Eastern Renewal,Belisarius reoccupies Rome after Gothic withdrawal,War / Regime Change,Italian / Gothic / Roman,Rome,Eastern Roman army; Ostrogoths; Roman civilians,Belisarius; Totila,"After Totila's earlier capture and partial evacuation of Rome, Belisarius returned and restored defenses.",Abandoned property reclaimed; wall repair; returning refugees; renewed siege expectation.,Property; population; construction; security,4,exact,research_addition,https://en.wikisource.org/wiki/Page%3AEncyclop%C3%A6dia_Britannica%2C_Ninth_Edition%2C_v._5.djvu/738,,,Conflict & Security,Imperial / Urban,Politics & Patronage; Legal & Court; Military & Security; Settlement & Demographics; Construction & Estates,High,High,v4
GENS-HIST-0598,547,547,AD 547,Eastern Renewal,San Vitale consecrated at Ravenna,Infrastructure / Religion / Art,Italian / Byzantine,Ravenna,Imperial/church patrons; artisans,Justinian I; Theodora (represented),"The church of San Vitale, famous for imperial mosaics, was completed and consecrated.",Art commission; church prestige; elite patronage.,Culture; piety; prestige,3,exact,research_addition,https://82nd-and-fifth.metmuseum.org/toah/ht/06/eust.html,,,Religion & Culture,Local / Regional,Politics & Patronage; Religion; Culture & Education,Medium,High,v1
GENS-HIST-0599,548,548,28 June AD 548,Eastern Renewal,Empress Theodora dies,Dynastic Death / Court Politics,Roman / Greek East,Constantinople,Imperial court; religious patronage networks,Theodora; Justinian I,"Theodora's death removed a powerful political and religious patron, especially important to anti-Chalcedonian networks.",Court patron disappears; petitions lose sponsor; religious refugees lose protection.,Patronage; politics; piety; dynasty,4,exact,research_addition,https://www.worldhistory.org/timeline/Justinian_I/,,,Politics & Government,Imperial / Urban,Politics & Patronage; Legal & Court; Religion; Settlement & Demographics,High,High,v4
GENS-HIST-0600,548,565,AD 548–565,Eastern Renewal,Basilica of St. John at Ephesus rebuilt,Infrastructure / Religion,Anatolian / Christian,Ephesus,Imperial administration; church,Justinian I,Justinian rebuilt the major basilica of St. John at Ephesus with a domed design.,Pilgrimage and construction boom; artisan demand.,Labor; commerce; piety,3,range,research_addition,https://82nd-and-fifth.metmuseum.org/toah/ht/06/waa.html,,,Religion & Culture,Regional,Economy & Finance; Religion; Construction & Estates; Culture & Education,Medium,High,v1
GENS-HIST-0601,549,550,AD 549–550,Eastern Renewal,Totila captures Rome again,War / Siege / Regime Change,Italian / Gothic,Rome,Ostrogothic army; Eastern Roman defenders; Roman population,Totila,Totila retook Rome during the continuing Gothic War and sought to restore and repopulate parts of the city under Gothic control.,Second regime change; refugees return or flee; grain policy; property reassignment.,Security; population; property; food,5,range,research_addition,https://en.wikisource.org/wiki/Page%3AEncyclop%C3%A6dia_Britannica%2C_Ninth_Edition%2C_v._5.djvu/738,,,Conflict & Security,Imperial / Urban,Politics & Patronage; Economy & Finance; Legal & Court; Military & Security; Settlement & Demographics; Construction & Estates,Critical,High,v4
GENS-HIST-0602,550,557,c. AD 550–557,Eastern Renewal,Procopius completes major histories of Justinian's wars,Literature / Historical Record,Roman / Greek East,Constantinople,Imperial military elite; educated readers,Procopius of Caesarea,"Procopius produced the Wars, later the Buildings, and the hostile Secret History, creating the richest narrative dossier for Justinian's reign.",Military chronicle reaches household library; reputation shaped by history; court gossip text circulates.,Education; culture; dynasty reputation; politics,3,approximate_range,research_addition,https://www.cambridge.org/core/journals/church-history/article/abs/paganism-and-christianity-in-procopius/B144EECA22CB372CAB3F158ADF542FE8,,,Knowledge & Culture,Imperial / Urban,Politics & Patronage; Legal & Court; Religion; Military & Security; Culture & Education,Medium,High,v4
GENS-HIST-0603,551,551,AD 551,Eastern Renewal,Beirut earthquake and tsunami,Natural Disaster / Tsunami,Syrian / Levantine,Berytus (Beirut) and Levantine coast,Urban residents; merchants; students of the famous law school,,A major earthquake and tsunami devastated Beirut and surrounding coastal settlements in the mid-sixth century.,Port destruction; law-school disruption; inheritance losses; displaced merchants; coastal rebuilding.,Population; trade; education; buildings; shipping,5,exact,research_addition,https://link.springer.com/article/10.1007/s11069-024-06559-4,,,Disaster & Public Health,Regional,Economy & Finance; Legal & Court; Settlement & Demographics; Travel & Trade Routes; Construction & Estates; Culture & Education,Critical,High,v3
GENS-HIST-0604,552,552,AD 552,Eastern Renewal,Battle of Taginae; Totila defeated,War / Battle,Italian / Gothic,Taginae,Eastern Roman Empire; Ostrogoths,Narses; Totila,"Narses defeated Totila, decisively weakening Ostrogothic resistance.",War turning point; regime transition; veteran movement.,Security; politics,4,exact,research_addition,https://en.wikisource.org/wiki/Page%3AEncyclop%C3%A6dia_Britannica%2C_Ninth_Edition%2C_v._5.djvu/738,,,Conflict & Security,Regional,Politics & Patronage; Military & Security,High,High,v1
GENS-HIST-0605,552,554,c. AD 552–554,Eastern Renewal,Sericulture introduced into the Eastern Roman Empire,Economy / Technology Transfer,Roman / Silk Road,Constantinople and Eastern Empire,Imperial court; silk workers; eastern traders,Justinian I,Late antique sources describe the transfer of silkworm eggs and silk-production knowledge into Roman territory during Justinian's reign.,New luxury industry; imperial monopoly pressure; mulberry cultivation; reduced dependence on Persian intermediaries.,Luxury trade; crafting; agriculture; diplomacy; household workshops,4,approximate_range,research_addition,https://www.cambridge.org/core/journals/journal-of-global-history/article/mapping-byzantine-sericulture-in-the-global-transfer-of-technology/02D1206F9D324A6102B3D05A7674C807,,The famous account survives in Procopius and Theophanes; exact date and route remain debated.,Economy & Trade,Imperial / Urban,Economy & Finance; Religion; Culture & Education,High,Medium,v2
GENS-HIST-0606,552,555,c. AD 552–555,Eastern Renewal,Byzantine province established in southern Hispania,War / Expansion,Iberian / Byzantine / Visigothic,Southeastern Hispania,Eastern Roman Empire; Visigoths,Justinian I,"Imperial forces acquired a coastal territory in southern and southeastern Hispania, later called Spania.",New Roman administration returns; port and tax changes.,Trade; politics; taxes,4,approximate_range,research_addition,https://82nd-and-fifth.metmuseum.org/toah/ht/06/eusi.html,,,Conflict & Security,Regional,Politics & Patronage; Economy & Finance; Military & Security; Travel & Trade Routes,High,Medium,v1
GENS-HIST-0607,553,553,AD 553,Eastern Renewal,Battle of Mons Lactarius ends organized Ostrogothic royal resistance,War / Battle,Italian / Gothic,Campania,Eastern Roman army; Ostrogothic remnants,Narses; Teias,"Narses defeated the last Ostrogothic king Teias near Mount Vesuvius, effectively ending the Gothic monarchy.",Successor kingdom collapses; surrender terms; garrison reassignment; land claims reopened.,Security; politics; property,5,exact,research_addition,https://en.wikisource.org/wiki/Page%3AEncyclop%C3%A6dia_Britannica%2C_Ninth_Edition%2C_v._5.djvu/738,,,Conflict & Security,Regional,Politics & Patronage; Legal & Court; Military & Security; Settlement & Demographics; Construction & Estates,Critical,High,v4
GENS-HIST-0608,553,553,AD 553,Eastern Renewal,Second Council of Constantinople,Religion / Council,Christian / Greek East,Constantinople,Imperial church factions,Justinian I; bishops,The fifth ecumenical council attempted to reconcile Christological divisions through condemnation of the Three Chapters.,Doctrinal conflict; bishop loyalty; regional resistance.,Piety; politics; social cohesion,4,exact,research_addition,https://en.wikisource.org/wiki/Page%3AEncyclop%C3%A6dia_Britannica%2C_Ninth_Edition%2C_v._5.djvu/738,,,Religion & Culture,Imperial / Urban,Politics & Patronage; Religion,High,High,v1
GENS-HIST-0609,554,554,AD 554,Eastern Renewal,Narses defeats Frankish-Alamannic invaders at Casilinum,War / Battle,Frankish / Alamannic / Roman,Campania,Eastern Roman army; Frankish and Alamannic forces,Narses,A large transalpine incursion into war-ravaged Italy was defeated by Narses near the Volturnus/Casilinum area.,Final invasion shock; Campanian estates looted; army victory restores routes.,Security; agriculture; travel; population,4,exact,research_addition,https://en.wikisource.org/wiki/Page%3AEncyclop%C3%A6dia_Britannica%2C_Ninth_Edition%2C_v._5.djvu/738,,,Conflict & Security,Regional,Religion; Military & Security; Settlement & Demographics; Travel & Trade Routes; Culture & Education,High,High,v4
GENS-HIST-0610,554,554,AD 554,Eastern Renewal,Pragmatic Sanction reorganizes Italy after reconquest,Law / Administration,Italian / Byzantine,Italy,Eastern Roman administration; Italian elites,Justinian I,Imperial legislation restored and reorganized civil administration after the Gothic War.,Property restitution; tax/legal reset; municipal governance.,Law; taxes; property,4,exact,research_addition,https://en.wikisource.org/wiki/Page%3AEncyclop%C3%A6dia_Britannica%2C_Ninth_Edition%2C_v._5.djvu/738,,,Politics & Government,Local / Regional,Economy & Finance; Legal & Court; Construction & Estates,High,High,v1
GENS-HIST-0611,556,556,AD 556,Eastern Renewal,Samaritan revolt erupts around Caesarea Maritima,Religious Revolt / Urban Violence,Palestinian / Samaritan,Caesarea Maritima and Palestine,Samaritan communities; Eastern Roman authorities; Christian institutions,,"A renewed Samaritan uprising began in Palestine during Justinian's later reign, involving destruction and severe imperial retaliation.",Religious uprising; church destruction; rural unrest; military crackdown.,Security; piety; property; population,4,exact,research_addition,https://www.worldhistory.org/timeline/Justinian_I/,,Some chronologies date the beginning in 555 or 556 and extend related unrest beyond Justinian's reign.,Conflict & Security,Regional,Legal & Court; Religion; Military & Security; Settlement & Demographics; Construction & Estates,High,Medium,v4
GENS-HIST-0612,557,557,AD 557,Eastern Renewal,Major Constantinople earthquake,Natural Disaster / Earthquake,Roman / Greek East,Constantinople and Thrace,Urban population; imperial administration,Justinian I,"A strong earthquake damaged Constantinople and its regional defenses, contributing to urgent repair work before the Kutrigur incursion.",Wall and building damage; emergency repairs; displaced residents; military vulnerability.,Buildings; security; labor; treasury,5,exact,research_addition,https://resolve.cambridge.org/core/services/aop-cambridge-core/content/view/B44D9C7CC1C31BC499D18B5CF0966339/9781139000857c03_p60-86_CBO.pdf/justinians-constantinople.pdf,,,Disaster & Public Health,Imperial / Urban,Economy & Finance; Military & Security; Construction & Estates; Culture & Education,Critical,High,v2
GENS-HIST-0613,558,558,AD 558,Eastern Renewal,First dome of Hagia Sophia collapses after earthquake damage,Natural Disaster / Infrastructure Failure,Roman / Greek East,Constantinople,Imperial builders; clergy; urban populace,Justinian I; Isidore the Younger,"Following earthquake damage, part of Hagia Sophia's original dome collapsed and required major redesign and reconstruction.",Prestige monument failure; emergency engineering; artisan contracts; religious omen.,Construction; piety; labor; prestige; treasury,4,exact,research_addition,https://www.sciencedirect.com/science/article/pii/S0267726108001280,,,Disaster & Public Health,Imperial / Urban,Economy & Finance; Religion; Construction & Estates; Culture & Education,High,High,v3
GENS-HIST-0614,559,559,AD 559,Eastern Renewal,Kutrigur raid threatens Constantinople,War / Raid,Steppe / Byzantine,Balkans / Constantinople approaches,Kutrigurs; Eastern Roman Empire,Zabergan; Belisarius,Steppe raiders penetrated deep into the Balkans and threatened the capital region.,Panic; militia; old general recalled; rural devastation.,Security; population; food,4,exact,research_addition,https://en.wikisource.org/wiki/Page%3AEncyclop%C3%A6dia_Britannica%2C_Ninth_Edition%2C_v._5.djvu/738,,,Conflict & Security,Imperial / Urban,Military & Security; Settlement & Demographics,High,High,v1
GENS-HIST-0615,562,562,AD 562,Eastern Renewal,Fifty-Year Peace with Sasanian Persia,Diplomacy / Great Power,Sasanian / Roman,Eastern frontier,Eastern Roman Empire; Sasanian Persia,Justinian I; Khosrow I,"A major treaty ended the Lazic War and established a long-term settlement, though with annual Roman payments.",Trade reopening; tribute burden; frontier calm.,Treasury; trade; security,4,exact,research_addition,https://82nd-and-fifth.metmuseum.org/toah/ht/05/wai.html,,,Diplomacy & Foreign Relations,Regional,Economy & Finance; Military & Security,High,High,v1
GENS-HIST-0616,562,563,AD 562–563,Eastern Renewal,Hagia Sophia re-dedicated after dome reconstruction,Infrastructure / Religion,Roman / Greek East,Constantinople,Imperial builders; clergy; urban populace,Justinian I; Isidore the Younger,"After the original dome's collapse, a redesigned higher dome was completed and the great church was ceremonially restored to use.",Major construction completion; artisan rewards; religious festival; prestige recovery.,Construction; piety; prestige; treasury,4,approximate_range,research_addition,https://www.sciencedirect.com/science/article/pii/S0267726108001280,,,Religion & Culture,Imperial / Urban,Economy & Finance; Religion; Military & Security; Construction & Estates; Culture & Education,High,Medium,v4
GENS-HIST-0617,565,565,AD 565,Eastern Renewal,Death of Justinian I,Imperial Succession / Timeline End,Roman / Greek East,Constantinople,Eastern Roman Empire,Justinian I; Justin II,"Justinian died, marking the deliberate end of Gens's supported historical range.",Final campaign-end milestone; succession and legacy summary.,Politics; legacy,5,exact,repo_authored,https://github.com/rdnovotni/gens/blob/main/docs/design/gens-events-historical-timeline-late-antiquity-content.md,,,Politics & Government,Imperial / Urban,Politics & Patronage,Critical,High,repo
