slug,name,canonical_family,entity_type,parent_slug,parent_resolution,parent_or_related,relationship_to_parent,presentation_level,adoption_scope,religious_relation_class,theology_model,integration_model,organization_scale,core_tenets,flavor_tags,mechanic_flags,implementation_mode,implementation_readiness,gens_priority,start_year,start_label,end_year,end_label,emergence_band,active_133_bc,active_ad_1,active_ad_235,active_ad_395,active_ad_476,active_ad_565,origin_region,core_regions_during_game,cultures_peoples,key_deities_or_figures,holy_sites_or_centers,authority_model,exclusivity,historical_confidence,attestation_class,historical_label_caution,classification,ck3_role,repo_status,catalog_scope,gameplay_hooks,historical_notes,source_repo,source_history_1,source_history_2,final_pass_status,final_pass_note
cappadocian-anatolian-religion,Cappadocian / Anatolian Religion,Anatolian,Regional branch,,No single parent resolved,Anatolian local cults + Hellenic/Iranian influence,Base / independent / unresolved relationship,Regional Faith,Household/community primary religion in supported regions,Broadly compatible,Polytheist / plural cult system,Additive / syncretic,Local / regional cult institution,Syncretic,Syncretic; Lunar,Syncretism,Primary religion/community state,Ready for content design,Tier 2 — Major regional,,Ancient; pre-133 BC,450,Romanized/Christianized gradually,Pre-game / ancient,Y,Y,Y,Y,N,N,Cappadocia / Anatolia,Central Anatolia,Cappadocians and Anatolian peoples,Mên; local gods,Sanctuary of Mên and local temples,Local priesthoods,Additive,High,Well attested,,Ethnic / regional polytheism,Base faith,Core named faith in existing catalog,Religion / branch,"Moon cult, Anatolian identity, mixed Greek-Iranian contacts",Repo uses Mên as a specific anchor.,https://github.com/rdnovotni/gens/blob/main/docs/design/gens-religions-of-the-known-world-design.md,https://github.com/rdnovotni/gens/blob/main/docs/design/gens-religions-of-the-known-world-design.md,https://en.wikipedia.org/wiki/Men_(deity),Polished / normalized,"Family, hierarchy, presentation scope, relationship model, readiness and start-date gating normalized."
cult-of-m-n,Cult of Mên,Anatolian,Cult / devotion,cappadocian-anatolian-religion,Normalized alias match: Cappadocian / Anatolian Religion,Cappadocian / Anatolian Religion,Cult or devotion within/alongside parent,Cult Overlay,Personal or household additive devotion,Additive-compatible,Polytheist / plural cult system,Additive / syncretic,Local / regional cult institution,Syncretic,Lunar; Syncretic; Local-Cult,Syncretism; Pilgrimage,Overlay system,Ready for event/light content,Tier 3 — Enrichment,,Pre-Roman Anatolian cult; pre-133 BC,400,Declines with Christianization of Anatolia,Pre-game / ancient,Y,Y,Y,Y,N,N,Anatolia,"Phrygia, Pisidia, Cappadocia and neighboring regions",Anatolian and Hellenized communities,"Mên, Anatolian moon god",Major sanctuaries of Mên in Anatolia,Local temple priesthoods,Additive,High,Well attested,,Major local deity cult,Local cult,New CK3-style expansion,Cult / devotion layer,"Moon cult, local pilgrimage, Anatolian identity, syncretism",The repo already uses Mên as the anchor deity for Cappadocian/Anatolian religion; a separate cult row makes the hierarchy more CK3-like.,https://github.com/rdnovotni/gens/blob/main/docs/design/gens-religions-of-the-known-world-design.md,https://github.com/rdnovotni/gens/blob/main/docs/design/gens-religions-of-the-known-world-design.md,https://en.wikipedia.org/wiki/Men_(deity),Polished / normalized,"Family, hierarchy, presentation scope, relationship model, readiness and start-date gating normalized."
cult-of-sabazios,Cult of Sabazios,Anatolian,Mystery cult,phrygian-religion,Normalized alias match: Phrygian Religion,Thracian/Phrygian religion,Cult or devotion within/alongside parent,Mystery Membership,Individual initiatory membership,Additive-compatible,Polytheist / plural cult system,Additive / syncretic,Diffuse / decentralized,Syncretic; Initiatory,Initiatory; Syncretic; Ecstatic,Initiation; Syncretism,Overlay system,Ready for event/light content,Tier 3 — Enrichment,,Ancient Anatolian/Thracian roots; pre-133 BC,400,Declines with Christianization,Pre-game / ancient,Y,Y,Y,Y,N,N,Thrace / Phrygia,Mediterranean cities under Rome,Mixed urban devotees,Sabazios,Distributed urban cult sites,Private cult associations,Additive,Medium–High,Moderately attested,Surviving evidence is limited or reconstruction is debated.,Mystery/personal cult,Imported cult,New CK3-style expansion,Cult / devotion layer,"Foreign-cult adoption, Thracian/Anatolian links",Well-suited to syncretism mechanics.,https://github.com/rdnovotni/gens/blob/main/docs/design/gens-religions-of-the-known-world-design.md,https://www.worldhistory.org/Mystery_Cults/,https://en.wikipedia.org/wiki/Sabazios,Polished / normalized,"Family, hierarchy, presentation scope, relationship model, readiness and start-date gating normalized."
phrygian-religion,Phrygian Religion,Anatolian,Regional branch,,No single parent resolved,Anatolian local cults,Base / independent / unresolved relationship,Regional Faith,Household/community primary religion in supported regions,Broadly compatible,Polytheist / plural cult system,Additive / syncretic,Local / regional cult institution,Syncretic,Syncretic; Mountain-Cult,Syncretism,Primary religion/community state,Ready for content design,Tier 2 — Major regional,,Ancient; pre-133 BC,400,Absorbed into Greco-Roman and Christian milieus,Pre-game / ancient,Y,Y,Y,Y,N,N,Phrygia,Central/western Anatolia,Phrygians,"Cybele/Matar, Sabazios and local gods",Pessinus and Phrygian sanctuaries,Local priesthoods,Additive,High,Well attested,,Ethnic / regional polytheism,Base faith,New CK3-style expansion,Religion / branch,Source tradition for Cybele and Sabazios; Anatolian cult politics,Separate base tradition helps explain cult exports to Rome.,https://github.com/rdnovotni/gens/blob/main/docs/design/gens-religions-of-the-known-world-design.md,https://www.worldhistory.org/Mystery_Cults/,https://github.com/rdnovotni/gens/blob/main/docs/design/gens-religions-of-the-known-world-design.md,Polished / normalized,"Family, hierarchy, presentation scope, relationship model, readiness and start-date gating normalized."
cult-of-cybele-magna-mater-and-attis,Cult of Cybele / Magna Mater and Attis,Anatolian,Mystery cult,phrygian-religion,Normalized alias match: Phrygian Religion,Phrygian Religion,Cult or devotion within/alongside parent,Mystery Membership,Individual initiatory membership,Additive-compatible,Polytheist / plural cult system,Additive / syncretic,State / civic institution,Syncretic; State-Sponsored; Initiatory,Initiatory; State-Sponsored; Ecstatic; Syncretic,Priesthood; Sacred calendar; Initiation; Syncretism,Overlay system,Ready for content design,Tier 2 — Major regional,-204,Officially imported to Rome in 204 BC,400,Declines under Christianization,Pre-game / ancient,Y,Y,Y,Y,N,N,Phrygia / Pessinus,Rome and empire-wide cities,Romans and Anatolian devotees,"Cybele (Magna Mater), Attis",Pessinus; Palatine temple,Specialized priesthoods; Roman civic oversight,Additive,High,Well attested,,Mystery/state cult,Mystery cult / imported state cult,Named cult in existing catalog,Cult / devotion layer,"State import, initiation, festival controversy, Anatolian ties",Combines official Roman status with foreign/mystery features.,https://github.com/rdnovotni/gens/blob/main/docs/design/gens-religions-of-the-known-world-design.md,https://www.worldhistory.org/Mystery_Cults/,https://www.worldhistory.org/Roman_Religion/,Polished / normalized,"Family, hierarchy, presentation scope, relationship model, readiness and start-date gating normalized."
cult-of-allat,Cult of Allat,Arabian,Cult / devotion,north-arabian-polytheism,Normalized alias match: North Arabian Polytheism,North Arabian Polytheism + Palmyrene Religion,Cult or devotion within/alongside parent,Cult Overlay,Personal or household additive devotion,Additive-compatible,Polytheist / plural cult system,Additive / syncretic,State / civic institution,Syncretic; Martial-Coded,Syncretic; Martial-Coded; Caravan; Local-Cult,Syncretism; Military affinity; Commerce/travel,Overlay system,Ready for content design,Tier 2 — Major regional,,Pre-133 BC Arabian cult; strongly attested in Roman-period Syria and Arabia,500,Persists in Arabia beyond much of the Roman provincial cult landscape,Pre-game / ancient,Y,Y,Y,Y,Y,N,Arabia / Syrian desert,"North Arabia, Palmyra, Nabataea and desert caravan networks",Arabian and Palmyrene communities,Allat; sometimes represented with Athena-like imagery at Palmyra,Temple of Allat at Palmyra and Arabian sanctuaries,Local sanctuary and tribal/civic cults,Additive / syncretic,High,Well attested,,Arabian goddess cult with Palmyrene/Nabataean expressions,Major transregional cult,Final-pass expansion,Cult / devotion layer,Caravan travel; desert identity; warrior goddess; Palmyrene-Arab syncretism,Allat is important enough across Arabian and Syrian desert contexts to deserve a separate overlay rather than remaining inside generic Arabian religion.,https://github.com/rdnovotni/gens/blob/main/docs/design/gens-religions-of-the-known-world-design.md,https://archeologie.culture.gouv.fr/palmyre/en/gods-palmyra,https://resources.metmuseum.org/resources/metpublications/pdf/The_World_between_Empires_Art_and_Identity_in_the_Ancient_Middle_East.pdf,Added in finalized pass,Final bounded gap-fill added after repo and historical cross-check.
cult-of-dushara,Cult of Dushara,Arabian,Cult / devotion,nabataean-religion,Normalized alias match: Nabataean Religion,Nabataean Religion,Cult or devotion within/alongside parent,Cult Overlay,Personal or household additive devotion,Additive-compatible,Polytheist / plural cult system,Additive / syncretic,State / civic institution,Syncretic; State-Sponsored,Syncretic; Aniconic-elements; Caravan; State-Sponsored (locally),Priesthood; Syncretism; Commerce/travel,Overlay system,Ready for content design,Tier 2 — Major regional,,Pre-Roman Nabataean principal deity,400,Persists under Roman Arabia before late antique Christianization,Pre-game / ancient,Y,Y,Y,Y,N,N,Nabataea,"Petra, Hauran, northern Arabia",Nabataeans and caravan communities,Dushara / Dusares,Petra and Nabataean sanctuaries,Temple priesthood and civic/royal patronage,Additive,High,Well attested,,Principal deity cult,Major local cult,Caravan prosperity; city patronage; local temple; Roman syncretism,Cult / devotion layer,The main Nabataean divine cult deserves its own devotion row rather than living only inside the base-faith text.,https://www.metmuseum.org/fr/essays/nabataean-kingdom-and-petra,https://github.com/rdnovotni/gens/blob/main/docs/design/gens-cultures-of-the-known-world-design.md,https://resources.metmuseum.org/resources/metpublications/pdf/The_World_between_Empires_Art_and_Identity_in_the_Ancient_Middle_East.pdf,,Polished / normalized,"Family, hierarchy, presentation scope, relationship model, readiness and start-date gating normalized."
cult-of-al-uzza,Cult of al-'Uzza,Arabian,Cult / devotion,nabataean-religion,Normalized alias match: Nabataean Religion,Nabataean Religion + wider Arabian polytheism,Cult or devotion within/alongside parent,Cult Overlay,Personal or household additive devotion,Additive-compatible,Polytheist / plural cult system,Additive / syncretic,Local / regional cult institution,Syncretic,Syncretic; Local-Cult; Fertility/Power-coded,Syncretism,Overlay system,Ready for event/light content,Tier 3 — Enrichment,,Pre-Roman Arabian cult,,Survives beyond AD 565 in Arabia,Pre-game / ancient,Y,Y,Y,Y,Y,Y,Arabia / Nabataea,"Nabataea, northern and western Arabia",Nabataeans and Arabian communities,al-'Uzza,Petra region and Arabian sanctuaries,Local sanctuary cults,Additive,Medium–High,Moderately attested,,Major Arabian goddess cult,Local cult,Arabian local devotion; syncretism with Aphrodite/Venus; caravan-world events,Cult / devotion layer,At Petra she is often discussed as a likely consort/paired goddess in the Nabataean pantheon; local identifications vary.,https://resources.metmuseum.org/resources/metpublications/pdf/The_World_between_Empires_A_Picture_Album.pdf,https://github.com/rdnovotni/gens/blob/main/docs/design/gens-cultures-of-the-known-world-design.md,https://resources.metmuseum.org/resources/metpublications/pdf/The_World_between_Empires_Art_and_Identity_in_the_Ancient_Middle_East.pdf,,Polished / normalized,"Family, hierarchy, presentation scope, relationship model, readiness and start-date gating normalized."
nabataean-religion,Nabataean Religion,Arabian,Religion / base tradition,,Base/contact layer: no parent required,North Arabian / Semitic polytheism,Base / independent / unresolved relationship,Full Faith,Household/community primary religion,Broadly compatible,Polytheist / plural cult system,Additive / syncretic,State / civic institution,Syncretic,Syncretic; Civic,Syncretism; Commerce/travel; Pilgrimage; Local civic standing,Primary religion/community state,Ready for content design,Tier 2 — Major regional,,Ancient; pre-133 BC,400,Romanized/Christianized after annexation and late antiquity,Pre-game / ancient,Y,Y,Y,Y,N,N,Petra / Nabataea,"Nabataea, Arabia Petraea",Nabataeans,"Dushara, al-‘Uzza, local deities",Petra; regional high places,Local/civic priesthoods,Additive,High,Well attested,,Ethnic / civic polytheism,Base faith,Core named faith in existing catalog,Religion / branch,"Caravan trade, Petra pilgrimage, Roman annexation",Dushara is the core attested deity anchor.,https://github.com/rdnovotni/gens/blob/main/docs/design/gens-religions-of-the-known-world-design.md,https://github.com/rdnovotni/gens/blob/main/docs/design/gens-religions-of-the-known-world-design.md,https://en.wikipedia.org/wiki/Nabataean_religion,Polished / normalized,"Family, hierarchy, presentation scope, relationship model, readiness and start-date gating normalized."
north-arabian-polytheism,North Arabian Polytheism,Arabian,Regional branch,,No single parent resolved,Arabian regional religions,Base / independent / unresolved relationship,Regional Faith,Household/community primary religion in supported regions,Broadly compatible,Polytheist / plural cult system,Additive / syncretic,Diffuse / decentralized,Syncretic,Syncretic; Tribal; Pilgrimage,Syncretism; Commerce/travel; Pilgrimage,Primary religion/community state,Ready for content design,Tier 2 — Major regional,,Ancient; pre-133 BC,,Persists beyond AD 565; Islam begins later than game window,Pre-game / ancient,Y,Y,Y,Y,Y,Y,Arabian Peninsula / Syrian desert,"Arabia, desert caravan routes",Arab tribes,"Regional gods including al-Lat, al-‘Uzza, Manat in later attestations",Regional sanctuaries and caravan holy places,Tribal/local custodians,Communal,Medium,Moderately attested,Surviving evidence is limited or reconstruction is debated.,Ethnic / regional polytheism,Base faith,New CK3-style expansion,Religion / branch,"Arab client kingdoms, caravan routes, border diplomacy",Useful umbrella for groups outside the more specific Nabataean/Palmyrene rows.,https://github.com/rdnovotni/gens/blob/main/docs/design/gens-religions-of-the-known-world-design.md,https://github.com/rdnovotni/gens/blob/main/docs/design/gens-religions-of-the-known-world-design.md,https://en.wikipedia.org/wiki/Religion_in_pre-Islamic_Arabia,Polished / normalized,"Family, hierarchy, presentation scope, relationship model, readiness and start-date gating normalized."
south-arabian-religion,South Arabian Religion,Arabian,Religion / base tradition,,Base/contact layer: no parent required,Ancient South Arabian polytheisms,Base / independent / unresolved relationship,Full Faith,Household/community primary religion,Broadly compatible,Polytheist / plural cult system,Additive / syncretic,State / civic institution,Syncretic,Civic; Astral; Syncretic,Syncretism; Commerce/travel; Local civic standing,Primary religion/community state,Ready for content design,Tier 2 — Major regional,,Ancient; pre-133 BC,500,Declines as Judaism/Christianity rise in Himyar/Aksum sphere,Pre-game / ancient,Y,Y,Y,Y,Y,N,Yemen / Arabia Felix,"Saba, Himyar, Hadramawt",South Arabian peoples,"Almaqah, Athtar and regional deities",Ma’rib and regional temples,Temple/civic priesthoods,Communal,High,Well attested,,Ethnic / civic polytheism,Base faith,New CK3-style expansion,Religion / branch,"Arabia Felix trade, incense economy, Judaism/Christianity transition",Important for promoted/future Arabia Felix starts.,https://github.com/rdnovotni/gens/blob/main/docs/design/gens-religions-of-the-known-world-design.md,https://github.com/rdnovotni/gens/blob/main/docs/design/gens-religions-of-the-known-world-design.md,https://en.wikipedia.org/wiki/Ancient_South_Arabian_religion,Polished / normalized,"Family, hierarchy, presentation scope, relationship model, readiness and start-date gating normalized."
himyarite-rahmanan-monotheism,Himyarite Rahmanan Monotheism,Arabian / South Arabian Monotheism,Religion / base tradition,south-arabian-religion,Explicit alias match,South Arabian Religion + Jewish influence,Related tradition,Full Faith,Household/community primary religion,Context-dependent,Henotheist / monotheizing,Partially exclusive / transitional,State / civic institution,Syncretic; Exclusive; State-Sponsored; Deliberately-Syncretic,Exclusive-leaning; State-Sponsored; Monotheizing; Deliberately-Syncretic-adjacent,Priesthood; Syncretism; Doctrine suppression,Primary religion/community state,Ready for content design,Tier 2 — Major regional,380,Royal inscriptions shift toward Rahmanan and monotheizing language in the late fourth century,525,Superseded amid Jewish/Christian political-religious conflict and Aksumite intervention,AD 236–395,N,N,N,Y,Y,N,Himyar / Yemen,South Arabia,Himyarite elites and subjects,Rahmanan ('the Merciful'); Lord of Heaven; Jewish-influenced monotheistic language,Royal inscriptions and South Arabian cult centers,Royal state patronage,Partially exclusive / monotheizing,High,Well attested,,Late antique monotheizing royal religion,State monotheism / transition,State conversion; diplomacy between Rome/Aksum/Iran; Jewish influence; temple decline,Religion / branch,Modern scholarship cautions against flattening fourth–fifth-century Himyar immediately into simple rabbinic Judaism; a transitional monotheizing row is useful.,https://www.cambridge.org/core/books/preislamic-arabia/late-antique-kingdoms-conversion/BEAD070C637374A79F9A47C7399A01CF,https://github.com/rdnovotni/gens/blob/main/docs/design/gens-cultures-of-the-known-world-design.md,https://www.cambridge.org/core/journals/modern-asian-studies/article/rahman-before-muhammad-a-prehistory-of-the-first-peace-sulh-in-islam/280B60BFF68749648057202B29C7C8F0,,Polished / normalized,"Family, hierarchy, presentation scope, relationship model, readiness and start-date gating normalized."
armenian-religion,Armenian Religion,Armenian / Caucasian,Religion / base tradition,,Base/contact layer: no parent required,Iranian + local Armenian + Hellenic syncretism,Base / independent / unresolved relationship,Full Faith,Household/community primary religion,Broadly compatible,Polytheist / plural cult system,Additive / syncretic,State / civic institution,Syncretic; State-Sponsored; Fire-Venerating,Syncretic; Fire-Venerating; State-Sponsored,Priesthood; Syncretism,Primary religion/community state,Ready for content design,Tier 2 — Major regional,,Ancient; pre-133 BC,350,Christianity becomes royal religion in early 4th c.; pagan survivals,Pre-game / ancient,Y,Y,Y,N,N,N,Armenian Highlands,Armenia,Armenians,"Aramazd, Anahit, Vahagn and local deities",Artashat-region temples; local sanctuaries,Royal/local priesthoods,Additive,High,Well attested,,Ethnic / state polytheism,Base faith,Core named faith in existing catalog,Religion / branch,"Armenian-Iranian diplomacy, conversion, noble resistance",Strong Iranian influence without simply being Zoroastrianism.,https://github.com/rdnovotni/gens/blob/main/docs/design/gens-religions-of-the-known-world-design.md,https://github.com/rdnovotni/gens/blob/main/docs/design/gens-religions-of-the-known-world-design.md,https://en.wikipedia.org/wiki/Armenian_mythology,Polished / normalized,"Family, hierarchy, presentation scope, relationship model, readiness and start-date gating normalized."
cult-of-anahit,Cult of Anahit,Armenian / Caucasian,Cult / devotion,armenian-religion,Normalized alias match: Armenian Religion,Armenian Religion,Cult or devotion within/alongside parent,Cult Overlay,Personal or household additive devotion,Additive-compatible,Polytheist / plural cult system,Additive / syncretic,State / civic institution,Syncretic; State-Sponsored; Fire-Venerating,Fire-Venerating-adjacent; Syncretic; State-Sponsored (locally); Fertility,Priesthood; Syncretism,Overlay system,Ready for content design,Tier 2 — Major regional,,Pre-Christian Armenian cult with strong Iranian ancestry,315,Major pagan sanctuaries are attacked/dismantled during Armenia's Christianization,Pre-game / ancient,Y,Y,Y,N,N,N,Armenia,Armenian highlands,Armenian kingdoms and temple communities,Anahit,Erez/Eriza and other Armenian temples,Royal-supported temple priesthood,Additive,High,Well attested,,Major Armenian goddess cult,Major local cult,Royal pilgrimage; fertility; treasury-rich temple; Christianization conflict,Cult / devotion layer,One of the best-attested major deities of pre-Christian Armenia and especially important for conversion-era events.,https://www.iranicaonline.org/articles/anahid/anahid-ii-the-cult-and-its-diffusion/,https://github.com/rdnovotni/gens/blob/main/docs/design/gens-cultures-of-the-known-world-design.md,https://www.iranicaonline.org/articles/armenia-iii/,,Polished / normalized,"Family, hierarchy, presentation scope, relationship model, readiness and start-date gating normalized."
cult-of-bendis,Cult of Bendis,Balkan,Cult / devotion,thracian-religion,Normalized alias match: Thracian Religion,Thracian Religion,Cult or devotion within/alongside parent,Cult Overlay,Personal or household additive devotion,Additive-compatible,Polytheist / plural cult system,Additive / syncretic,Local / regional cult institution,Syncretic,Syncretic; Local-Cult; Festival,Sacred calendar; Syncretism,Overlay system,Ready for event/light content,Tier 3 — Enrichment,,Pre-133 BC; cult is already established in Classical Athens and continues in Thracian contexts,350,Later imperial continuity is regionally variable and increasingly syncretic,Pre-game / ancient,Y,Y,Y,N,N,N,Thrace / Aegean,Thrace and selected Greek urban contexts,Thracians; Greek worshippers in diaspora cult associations,"Bendis, often represented with Artemis-like attributes",Thracian cult sites; Piraeus had a famous earlier public cult,Local cult associations and priesthoods,Additive / syncretic,Medium–High,Moderately attested,,Thracian goddess cult with Greek diaspora expression,Local / diaspora cult,Final-pass expansion,Cult / devotion layer,Thracian identity; festival; diaspora cult; Greek-Thracian syncretism,The Roman-period evidence is strongly syncretic; avoid presenting Bendis as a uniform empire-wide cult.,https://github.com/rdnovotni/gens/blob/main/docs/design/gens-religions-of-the-known-world-design.md,https://academic.oup.com/edited-volume/61673/chapter-abstract/548510317,https://journals.phil.muni.cz/graeco-latina-brunensia/article/view/26744,Added in finalized pass,Final bounded gap-fill added after repo and historical cross-check.
dacian-zalmoxian-religion,Dacian / Zalmoxian Religion,Balkan,Regional branch,,No single parent resolved,Dacian regional religion,Base / independent / unresolved relationship,Regional Faith,Household/community primary religion in supported regions,Broadly compatible,Polytheist / plural cult system,Additive / syncretic,Diffuse / decentralized,Syncretic; Martial-Coded,Martial-Coded; Immortality; Syncretic,Priesthood; Syncretism; Military affinity,Primary religion/community state,Ready for content design,Tier 2 — Major regional,,Ancient; pre-133 BC,400,Romanization/Christianization after conquest,Pre-game / ancient,Y,Y,Y,Y,N,N,Dacia,Carpathian-Danubian region,Dacians/Getae,Zalmoxis; Gebeleizis (attestation debated),Mountain/sacred sites in Dacia,Local priestly elites,Communal,Medium,Moderately attested,Surviving evidence is limited or reconstruction is debated.,Ethnic / regional religion,Base faith,Core named faith in existing catalog,Religion / branch,"Elite priesthood, immortality beliefs, Dacian identity",Zalmoxis is the strongest literary anchor; details remain contested.,https://github.com/rdnovotni/gens/blob/main/docs/design/gens-religions-of-the-known-world-design.md,https://github.com/rdnovotni/gens/blob/main/docs/design/gens-religions-of-the-known-world-design.md,https://en.wikipedia.org/wiki/Zalmoxis,Polished / normalized,"Family, hierarchy, presentation scope, relationship model, readiness and start-date gating normalized."
illyrian-pannonian-tradition,Illyrian / Pannonian Tradition,Balkan,Regional branch,,No single parent resolved,Indigenous Balkan religions,Base / independent / unresolved relationship,Regional Faith,Household/community primary religion in supported regions,Broadly compatible,Polytheist / plural cult system,Additive / syncretic,Diffuse / decentralized,Syncretic; Martial-Coded; Thin-Record,Martial-Coded; Syncretic; Thin-Record,Syncretism; Military affinity,Primary religion/community state,Research-limited — light mechanics,Tier 3 — Enrichment,,Ancient; pre-133 BC,450,Romanized/Christianized gradually,Pre-game / ancient,Y,Y,Y,Y,N,N,Western Balkans / Pannonia,"Illyria, Dalmatia, Pannonia","Illyrians, Pannonians",Regional/local deities,Local sanctuaries,Local ritual specialists,Additive,Low–Medium,Thin / reconstructed,Surviving evidence is limited or reconstruction is debated.,Ethnic / regional polytheism,Base faith,Core named faith in existing catalog,Religion / branch,"Frontier identity, military recruitment, local cult integration",Explicitly flagged Thin-Record in the repo.,https://github.com/rdnovotni/gens/blob/main/docs/design/gens-religions-of-the-known-world-design.md,https://github.com/rdnovotni/gens/blob/main/docs/design/gens-religions-of-the-known-world-design.md,https://en.wikipedia.org/wiki/Illyrian_religion,Polished / normalized,"Family, hierarchy, presentation scope, relationship model, readiness and start-date gating normalized."
thracian-religion,Thracian Religion,Balkan,Regional branch,,No single parent resolved,Thracian regional cults,Base / independent / unresolved relationship,Regional Faith,Household/community primary religion in supported regions,Broadly compatible,Polytheist / plural cult system,Additive / syncretic,Local / regional cult institution,Syncretic; Martial-Coded,Martial-Coded; Syncretic,Syncretism; Military affinity,Primary religion/community state,Ready for content design,Tier 2 — Major regional,,Ancient; pre-133 BC,450,Romanized/Christianized gradually,Pre-game / ancient,Y,Y,Y,Y,N,N,Thrace,Balkans / Thrace,Thracians,Thracian Horseman; local deities,Votive relief sites and local sanctuaries,Local priesthoods,Additive,Medium–High,Moderately attested,Surviving evidence is limited or reconstruction is debated.,Ethnic / regional polytheism,Base faith,Core named faith in existing catalog,Religion / branch,"Horseman cult, hunting, frontier elites",Large body of Thracian Horseman reliefs supports a distinct gameplay identity.,https://github.com/rdnovotni/gens/blob/main/docs/design/gens-religions-of-the-known-world-design.md,https://github.com/rdnovotni/gens/blob/main/docs/design/gens-religions-of-the-known-world-design.md,https://en.wikipedia.org/wiki/Thracian_religion,Polished / normalized,"Family, hierarchy, presentation scope, relationship model, readiness and start-date gating normalized."
cult-of-the-thracian-horseman,Cult of the Thracian Horseman,Balkan,Cult / devotion,thracian-religion,Normalized alias match: Thracian Religion,Thracian Religion,Cult or devotion within/alongside parent,Cult Overlay,Personal or household additive devotion,Additive-compatible,Polytheist / plural cult system,Additive / syncretic,Household,Syncretic; Martial-Coded,Syncretic; Martial-Coded; Hero-Cult; Funerary,Syncretism; Military affinity; Provincial identity; Funerary/ancestor systems,Overlay system,Ready for content design,Tier 2 — Major regional,-100,Hellenistic antecedents; enormous expansion in the Roman imperial period,400,Declines/transforms under Christianization of the Balkans,133 BC–AD 235,N,Y,Y,Y,N,N,Thrace,"Thrace, Moesia and western Black Sea hinterlands",Thracians and Roman provincial communities,The 'Thracian Horseman' / Heros; multiple local epithets,Hundreds of votive/funerary monuments and multiple Thracian sanctuaries,Local sanctuaries and household/funerary cult networks,Additive / syncretic,High,Well attested,,Thracian-Roman hero/deity cult complex,Major regional cult,Final-pass expansion,Cult / devotion layer,Hunting; cavalry; ancestor/funerary events; provincial identity; local sanctuaries,The repo already uses the Horseman to anchor Thracian religion; splitting the cult out makes that anchor mechanically usable.,https://github.com/rdnovotni/gens/blob/main/docs/design/gens-religions-of-the-known-world-design.md,https://scholar.lib.vt.edu/ejournals/ElAnt/V11N1/chiekova.html,https://github.com/rdnovotni/gens/blob/main/docs/design/gens-religions-of-the-known-world-design.md,Added in finalized pass,Final bounded gap-fill added after repo and historical cross-check.
cult-of-the-danubian-riders,Cult of the Danubian Riders,Balkan,Mystery cult,illyrian-pannonian-tradition,Normalized alias match: Illyrian / Pannonian Tradition,Illyrian / Pannonian Tradition + Thracian/Danubian provincial cults,Cult or devotion within/alongside parent,Mystery Membership,Individual initiatory membership,Additive-compatible,Polytheist / plural cult system,Additive / syncretic,Diffuse / decentralized,Syncretic; Initiatory; Martial-Coded; Thin-Record,Syncretic; Initiatory-adjacent; Martial-Coded; Thin-Record,Initiation; Syncretism; Military affinity,Overlay system,Research-limited — light mechanics,Tier 2 — Major regional,150,Appears primarily in Roman Danubian provinces from the second century AD,400,Main evidence belongs to the second–fourth centuries,133 BC–AD 235,N,N,Y,Y,N,N,Roman Danube,"Pannonia, Moesia, Dacia and neighboring Danubian provinces",Danubian provincials; soldiers and local communities,Paired riders and central goddess imagery; exact theology uncertain,Distributed Danubian relief/icon cult sites,Decentralized cult groups,Additive / syncretic,Medium,Thin / reconstructed,"Surviving evidence is limited; avoid over-specific doctrines, pantheons or institutions.",Danubian syncretic mystery-like cult phenomenon,Mystery / provincial cult,Final-pass expansion,Cult / devotion layer,Danube military culture; mystery iconography; local shrines; soldier networks,"A real second–fourth-century Danubian phenomenon, but its name, theology and degree of initiation remain debated; keep mechanics light.",https://github.com/rdnovotni/gens/blob/main/docs/design/gens-religions-of-the-known-world-design.md,https://ai.ac.rs/en/kult-podunavskih-konjanika-u-rimskim-p/,https://www.cambridge.org/core/journals/slavic-review/article/abs/dioscuri-in-the-balkans/6A60D50D1E65D19FF8A61CC548F8279F,Added in finalized pass,Final bounded gap-fill added after repo and historical cross-check.
buddhism,Buddhism,Buddhist,Contact / distant tradition,,Base/contact layer: no parent required,Early Buddhist traditions,Base / independent / unresolved relationship,Contact Only,NPC / traveler / correspondence flavor only,Contact-only,Buddhist,Context-dependent,Monastic network,Charitable/Communal,Monastic; Missionary; Scriptural; Charitable/Communal,Charity/communal policy; Monastic institutions; Mission/conversion,Contact/flavor only,Deferred — contact only,Tier 4 — Contact/flavor,,Founded centuries before game start,,Persists beyond AD 565,Pre-game / ancient,Y,Y,Y,Y,Y,Y,South Asia,"India, Central Asia, trade routes",Buddhist communities,Buddha; sangha,Major South/Central Asian pilgrimage sites,Monastic sangha; regional schools,Generally non-theistic/varied; missionary,High,Well attested,,Religion / monastic tradition family,Distant contact faith,Distant contact flavor in existing catalog,Contact / flavor,"Silk Road contact, monks, texts, diplomacy",Ashokan missions and later trade make rare westward contacts historically plausible.,https://github.com/rdnovotni/gens/blob/main/docs/design/gens-religions-of-the-known-world-design.md,https://github.com/rdnovotni/gens/blob/main/docs/design/gens-religions-of-the-known-world-design.md,https://en.wikipedia.org/wiki/Buddhism,Polished / normalized,"Family, hierarchy, presentation scope, relationship model, readiness and start-date gating normalized."
mahayana-buddhism,Mahayana Buddhism,Buddhist,Contact / distant tradition,buddhism,Direct name match,Buddhism,Related tradition,Contact Only,NPC / traveler / correspondence flavor only,Contact-only,Buddhist,Additive / syncretic,Monastic network,,Monastic; Missionary; Scriptural; Universal-Salvation,Monastic institutions; Mission/conversion,Contact/flavor only,Deferred — contact only,Tier 4 — Contact/flavor,-50,Mahayana textual/movement evidence develops around late centuries BC/early CE,,Persists beyond AD 565,133 BC–AD 235,N,Y,Y,Y,Y,Y,India / Central Asia,"India, Central Asia, China",Mahayana Buddhists,Bodhisattvas; diverse buddhas,Major Buddhist pilgrimage and monastic centers,Monastic/scholastic networks,"Missionary, plural traditions",High,Well attested,,Buddhist movement/family,Distant contact branch,New distant-contact expansion,Contact / flavor,"Silk Road religious transmission, manuscripts, foreign monks",More relevant than generic Buddhism for late-antique Central Asian contacts.,https://github.com/rdnovotni/gens/blob/main/docs/design/gens-religions-of-the-known-world-design.md,https://github.com/rdnovotni/gens/blob/main/docs/design/gens-religions-of-the-known-world-design.md,https://en.wikipedia.org/wiki/Mahayana,Polished / normalized,"Family, hierarchy, presentation scope, relationship model, readiness and start-date gating normalized."
caledonian-pictish-pre-christian-tradition,Caledonian / Pictish Pre-Christian Tradition,Celtic / Insular,Religion / base tradition,,Base/contact layer: no parent required,British / northern insular traditions,Base / independent / unresolved relationship,Full Faith,Household/community primary religion,Broadly compatible,Polytheist / plural cult system,Additive / syncretic,Diffuse / decentralized,Syncretic; Thin-Record,Thin-Record; Syncretic; Local-Cult; Ancestor-coded,Syncretism,Primary religion/community state,Research-limited — light mechanics,Tier 3 — Enrichment,,Iron Age northern British tradition; pre-133 BC,,Still present alongside early Christianization at AD 565,Pre-game / ancient,Y,Y,Y,Y,Y,Y,Northern Britain / Caledonia,Caledonia and Pictland north of the Roman frontier,Caledonians; later Picts,"Poorly recoverable local gods, sacred places and elite ritual traditions","Northern forts, ritual landscapes and later Pictish royal centers",Local ritual specialists and elite patronage,Additive / local,Medium,Thin / reconstructed,"Surviving evidence is thin; avoid over-specific doctrine, deity lists or institutional claims.",Frontier ethnic polytheism,Regional base faith,Frontier diplomacy; omens; local sacred landscapes; gradual Christianization,Religion / branch,"The culture doc distinguishes Caledonian religion from southern British druidic practice. Archaeology supports a pre-Christian ritual landscape, but named theology is thin.",https://www.cambridge.org/core/journals/antiquity/article/development-of-the-pictish-symbol-system-inscribing-identity-beyond-the-edges-of-empire/4F09B9C943A1C29F226591A20BEC5248,https://github.com/rdnovotni/gens/blob/main/docs/design/gens-cultures-of-the-known-world-design.md,https://github.com/rdnovotni/gens/blob/main/docs/design/gens-cultures-of-the-known-world-design.md,,Polished / normalized,"Family, hierarchy, presentation scope, relationship model, readiness and start-date gating normalized."
celtiberian-religion,Celtiberian Religion,Celtic / Insular,Regional branch,,No single parent resolved,Celtic + Iberian local traditions,Base / independent / unresolved relationship,Regional Faith,Household/community primary religion in supported regions,Broadly compatible,Polytheist / plural cult system,Additive / syncretic,Diffuse / decentralized,Syncretic; Martial-Coded; Thin-Record,Syncretic; Martial-Coded; Thin-Record,Syncretism; Military affinity,Primary religion/community state,Research-limited — light mechanics,Tier 3 — Enrichment,,Ancient; pre-133 BC,300,Increasing Romanization after conquest,Pre-game / ancient,Y,Y,Y,N,N,N,Central/northeastern Iberia,Celtiberian communities,Celtiberians,Local Celtic/Iberian deities,Regional sanctuaries,Local ritual specialists,Additive,Low–Medium,Thin / reconstructed,Surviving evidence is limited or reconstruction is debated.,Ethnic / regional polytheism,Regional branch,New CK3-style expansion,Religion / branch,"Roman conquest, local resistance, cultural blending",Keep regional and inscription-driven rather than over-systematized.,https://github.com/rdnovotni/gens/blob/main/docs/design/gens-religions-of-the-known-world-design.md,https://github.com/rdnovotni/gens/blob/main/docs/design/gens-religions-of-the-known-world-design.md,https://en.wikipedia.org/wiki/Celtiberian_religion,Polished / normalized,"Family, hierarchy, presentation scope, relationship model, readiness and start-date gating normalized."
cult-of-epona,Cult of Epona,Celtic / Insular,Cult / devotion,gallic-british-druidic-tradition,Normalized alias match: Gallic religious traditions,Gallic religious traditions + Roman military religion,Cult or devotion within/alongside parent,Cult Overlay,Personal or household additive devotion,Additive-compatible,Polytheist / plural cult system,Additive / syncretic,Diffuse / decentralized,Syncretic; Martial-Coded,Syncretic; Martial-Coded; Fertility; Protective,Syncretism; Military affinity,Overlay system,Ready for content design,Tier 2 — Major regional,,Pre-Roman Celtic origin; imperial spread,400,Declines with Christianization,Pre-game / ancient,Y,Y,Y,Y,N,N,Northeastern Gaul,"Gaul, Germania, Danube, Britain and Rome",Celtic provincial communities; cavalry; stable workers,Epona,Distributed military and civic shrines,Local devotees and military units,Additive,High,Well attested,,Transregional deity cult,Local/personal cult,Cavalry morale; horse breeding; stable protection; army-cultural diffusion,Cult / devotion layer,One of the clearest examples of a Celtic deity becoming genuinely empire-wide through military networks.,https://academic.oup.com/edited-volume/61673/chapter-abstract/548938624?login=false,https://github.com/rdnovotni/gens/blob/main/docs/design/gens-cultures-of-the-known-world-design.md,https://www.britishmuseum.org/learn/schools/ages-7-11/ancient-rome/gods-and-goddesses-roman-britain,,Polished / normalized,"Family, hierarchy, presentation scope, relationship model, readiness and start-date gating normalized."
gallic-british-druidic-tradition,Gallic / British Druidic Tradition,Celtic / Insular,Religion / base tradition,,Base/contact layer: no parent required,Celtic regional polytheisms,Base / independent / unresolved relationship,Full Faith,Household/community primary religion,Competing-exclusive,Polytheist / plural cult system,Exclusive / competitive,Diffuse / decentralized,Syncretic; Thin-Record,Syncretic; Sacred-Groves; Thin-Record,Syncretism,Primary religion/community state,Research-limited — light mechanics,Tier 1 — Core,,Ancient; pre-133 BC,400,Gradually Romanized/Christianized; local survivals,Pre-game / ancient,Y,Y,Y,Y,N,N,Gaul / Britain,"Gaul, Britannia","Gauls, Britons","Taranis, Teutates, Esus, Cernunnos, Epona; local deities",Regional groves; Aquae Sulis for syncretized form,Druids/local ritual specialists,Non-exclusive / additive,Medium,Thin / reconstructed,Surviving evidence is limited or reconstruction is debated.,Ethnic / tribal polytheism,Base faith,Core named faith in existing catalog,Religion / branch,"Frontier identity, resistance, Roman syncretism, sacred sites",Exact doctrine varied regionally; avoid presenting a single pan-Celtic church.,https://github.com/rdnovotni/gens/blob/main/docs/design/gens-religions-of-the-known-world-design.md,https://github.com/rdnovotni/gens/blob/main/docs/design/gens-religions-of-the-known-world-design.md,https://www.worldhistory.org/Druids/,Polished / normalized,"Family, hierarchy, presentation scope, relationship model, readiness and start-date gating normalized."
hibernian-irish-pre-christian-tradition,Hibernian / Irish Pre-Christian Tradition,Celtic / Insular,Religion / base tradition,,Base/contact layer: no parent required,Insular Celtic traditions,Base / independent / unresolved relationship,Full Faith,Household/community primary religion,Broadly compatible,Polytheist / plural cult system,Additive / syncretic,Household,Syncretic; Thin-Record,Thin-Record; Syncretic; Local-Cult; Ancestor-coded,Syncretism,Primary religion/community state,Research-limited — light mechanics,Tier 3 — Enrichment,,Iron Age Irish tradition; pre-133 BC,650,Christianization advances across the fifth–sixth centuries but non-Christian practice does not vanish instantly,Pre-game / ancient,Y,Y,Y,Y,Y,Y,Ireland / Hibernia,Ireland,Hibernian / early Irish peoples,Druids/magi in later sources; local deities and otherworld traditions are mostly reconstructed from later evidence,Tara and regional ritual landscapes (cautiously modeled),"Local kings, ritual specialists and household practice",Additive / local,Medium,Thin / reconstructed,"Surviving evidence is thin; avoid over-specific doctrine, deity lists or institutional claims.",Frontier ethnic polytheism,Regional base faith,Rare travel/diplomacy destination; conversion events; druidic advisers; sacred kingship flavor,Religion / branch,"The evidence for Roman-period Irish paganism is much thinner than later medieval literature suggests, so doctrine should stay intentionally broad.",https://www.cambridge.org/core/books/abs/early-christian-ireland/conversion-to-christianity/16EDC92C84F0F621578297FD2C2BAFC6,https://github.com/rdnovotni/gens/blob/main/docs/design/gens-cultures-of-the-known-world-design.md,https://www.cambridge.org/core/books/abs/myth-and-history-in-celtic-and-scandinavian-traditions/idols-of-the-pagan-irish-in-the-medieval-literary-imagination/30B95875D8B3F9B1ED0A73F1D62B7357,,Polished / normalized,"Family, hierarchy, presentation scope, relationship model, readiness and start-date gating normalized."
sulis-minerva-cult-at-aquae-sulis,Sulis-Minerva Cult at Aquae Sulis,Celtic / Insular,Cult / devotion,,No single parent resolved,British indigenous religion + Roman Minerva,Base / independent / unresolved relationship,Cult Overlay,Personal or household additive devotion,Additive-compatible,Polytheist / plural cult system,Additive / syncretic,Local / regional cult institution,Syncretic; Oracular,Syncretic; Healing; Oracular-adjacent; Votive,Oracle/Auspices; Syncretism; Healing/pilgrimage; Pilgrimage,Overlay system,Ready for content design,Tier 2 — Major regional,-100,Pre-Roman worship at the spring is archaeologically inferred; monumental Roman temple follows in late first century AD,500,Temple complex collapses/dismantled in the fifth-century transition,133 BC–AD 235,N,Y,Y,Y,Y,N,Aquae Sulis / Bath,Britannia,"Britons, Roman provincials, soldiers and pilgrims",Sulis-Minerva,Aquae Sulis sacred spring and temple,Temple priesthood; local and visiting worshippers,Additive,High,Well attested,,Syncretic healing-spring cult,Holy-site cult,Healing pilgrimage; curse tablets; vows; haruspicy; provincial identity,Cult / devotion layer,A nearly perfect Gens holy-site cult: indigenous sacred spring + Roman interpretatio + pilgrimage + votive curse mechanics.,https://www.romanbaths.co.uk/roman-temple-0,https://github.com/rdnovotni/gens/blob/main/docs/design/gens-cultures-of-the-known-world-design.md,https://www.cambridge.org/core/books/abs/sanctuary-at-bath-in-the-roman-empire/aquae-sulis-and-empire/80E0B421D47AB42AF93D2E81982892D7,,Polished / normalized,"Family, hierarchy, presentation scope, relationship model, readiness and start-date gating normalized."
cult-of-apollo-grannus,Cult of Apollo Grannus,Celtic / Insular,Cult / devotion,gallo-roman-syncretic-cults,Normalized alias match: Gallo-Roman Syncretic Cults,Gallo-Roman Syncretic Cults,Cult or devotion within/alongside parent,Cult Overlay,Personal or household additive devotion,Additive-compatible,Polytheist / plural cult system,Additive / syncretic,Local / regional cult institution,Syncretic,Syncretic; Healing; Pilgrimage,Syncretism; Healing/pilgrimage; Pilgrimage,Overlay system,Ready for content design,Tier 2 — Major regional,-50,Gallo-Roman healing cult develops from Celtic sacred-spring traditions,400,Declines with late antique Christianization,133 BC–AD 235,N,Y,Y,Y,N,N,Gaul / Germania Superior,"Gaul, Germania, Alpine and Danubian regions; dedications extend widely","Gallo-Roman provincials, pilgrims and elites",Apollo Grannus; often associated with Sirona or other local healing figures,Healing sanctuaries including Neuenstadt; Aquae Granni tradition at Aachen,Local temple and pilgrimage networks,Additive / syncretic,High,Well attested,,Gallo-Roman healing cult,Transregional healing cult,Final-pass expansion,Cult / devotion layer,Healing pilgrimage; springs; elite patronage; travel; Caracalla-era flavor,"A strong provincial-cult row because healing, travel and sanctuary investment map cleanly into Gens systems.",https://github.com/rdnovotni/gens/blob/main/docs/design/gens-religions-of-the-known-world-design.md,https://www.cambridge.org/core/journals/antiquity/article/abs/cult-of-sulminerva-at-bath/9F23D7B21B4302BAFDB6113340F0B252,https://www.uni-bamberg.de/arp/forschung/das-heiligtum-des-apollo-grannus-von-neuenstadt-am-kocher/,Added in finalized pass,Final bounded gap-fill added after repo and historical cross-check.
gallo-roman-syncretic-cults,Gallo-Roman Syncretic Cults,Celtic / Insular,Cult / devotion,gallic-british-druidic-tradition,Normalized alias match: Gallic / British Druidic Tradition,Gallic / British Druidic Tradition + Roman State Religion,Cult or devotion within/alongside parent,Cult Overlay,Personal or household additive devotion,Additive-compatible,Polytheist / plural cult system,Additive / syncretic,State / civic institution,Syncretic,Syncretic; Local-Cult; Healing,Syncretism; Healing/pilgrimage,Overlay system,Ready for event/light content,Tier 3 — Enrichment,-50,Accelerates after Roman conquest of Gaul,450,Declines with Christianization,133 BC–AD 235,N,Y,Y,Y,N,N,Gaul / Britain,Roman Gaul and Britannia,"Gallo-Romans, Britons","Sulis-Minerva, Mercury-Lugus analogues, Epona, local gods",Aquae Sulis; local sanctuaries,Local priests / civic cults,Additive,High,Well attested,,Syncretic cult network,Syncretic faith/cult,New CK3-style expansion,Cult / devotion layer,"Romanization without total conversion, dual reputation, local temples",Good CK3-like bridge faith rather than a binary Roman-vs-Celtic switch.,https://github.com/rdnovotni/gens/blob/main/docs/design/gens-religions-of-the-known-world-design.md,https://github.com/rdnovotni/gens/blob/main/docs/design/gens-religions-of-the-known-world-design.md,https://www.worldhistory.org/Roman_Religion/,Polished / normalized,"Family, hierarchy, presentation scope, relationship model, readiness and start-date gating normalized."
cult-of-lenus-mars,Cult of Lenus Mars,Celtic / Insular,Cult / devotion,gallo-roman-syncretic-cults,Normalized alias match: Gallo-Roman Syncretic Cults,Gallo-Roman Syncretic Cults,Cult or devotion within/alongside parent,Cult Overlay,Personal or household additive devotion,Additive-compatible,Polytheist / plural cult system,Additive / syncretic,State / civic institution,Syncretic; Martial-Coded,Syncretic; Martial-Coded; Healing; Civic-Identity,Syncretism; Military affinity; Healing/pilgrimage; Local civic standing; Provincial identity,Overlay system,Ready for content design,Tier 2 — Major regional,-17,Major sanctuary established around the foundation period of Augusta Treverorum,400,Declines with Christianization of late Roman Trier,133 BC–AD 235,N,Y,Y,Y,N,N,Treveri / Augusta Treverorum,"Treveran territory, Trier and Moselle region",Treveri and Gallo-Roman provincials,Lenus Mars,Temple outside Augusta Treverorum; Martberg,Civic sanctuary and priestly/votive networks,Additive / syncretic,High,Well attested,,Treveran civic syncretic cult,Major civic cult,Final-pass expansion,Cult / devotion layer,Civitas identity; healing vows; youth rites; military tradition; provincial politics,Lenus Mars was a principal Treveran god expressed through Roman civic theology rather than simply a generic local Mars.,https://github.com/rdnovotni/gens/blob/main/docs/design/gens-religions-of-the-known-world-design.md,https://www.cambridge.org/core/books/rome-an-empire-of-many-nations/roman-theologies-in-the-roman-cities-of-italy-and-the-provinces/1752235277C52C70371C18C1C245B290,https://research.vu.nl/files/259222054/The_impact_of_empire_on_cult_places_and_ritual_practices_in_Roman_Gaul_and_Germany.pdf,Added in finalized pass,Final bounded gap-fill added after repo and historical cross-check.
matres-matronae-cults,Matres / Matronae Cults,Celtic / Insular,Cult / devotion,gallo-roman-syncretic-cults,Normalized alias match: Gallo-Roman and Rhine provincial religion,Gallo-Roman and Rhine provincial religion,Cult or devotion within/alongside parent,Cult Overlay,Personal or household additive devotion,Additive-compatible,Polytheist / plural cult system,Additive / syncretic,Diffuse / decentralized,Syncretic,Syncretic; Household; Fertility; Protective,Syncretism,Overlay system,Ready for event/light content,Tier 3 — Enrichment,1,Imperial-era inscriptional cult becomes widespread,400,Declines with late antique Christianization,133 BC–AD 235,N,Y,Y,Y,N,N,Rhine / Gaul / Britannia,"Germania Inferior, Gaul, Britain and military zones","Provincial communities, soldiers and households","Matres / Matronae, often with local epithets",Numerous local shrines across Rhineland and western provinces,Local votive cults,Additive,High,Well attested,,Regional mother-goddess cult complex,Local cult,Household fertility; local identity; provincial syncretism; military family life,Cult / devotion layer,Better represented as a cult complex than a single centralized religion; dedications are abundant but highly local.,https://edh.ub.uni-heidelberg.de/edh/inschrift/HD079669,https://github.com/rdnovotni/gens/blob/main/docs/design/gens-cultures-of-the-known-world-design.md,https://bmcr.brynmawr.edu/2009/2009.10.37/,,Polished / normalized,"Family, hierarchy, presentation scope, relationship model, readiness and start-date gating normalized."
cult-of-brigantia,Cult of Brigantia,Celtic / Insular,Cult / devotion,gallic-british-druidic-tradition,Normalized alias match: Gallic / British Druidic Tradition,Gallic / British Druidic Tradition + Romano-British provincial religion,Cult or devotion within/alongside parent,Cult Overlay,Personal or household additive devotion,Additive-compatible,Polytheist / plural cult system,Additive / syncretic,Local / regional cult institution,Syncretic; Martial-Coded,Syncretic; Protective; Martial-Coded; Provincial-Identity,Syncretism; Military affinity; Provincial identity,Overlay system,Ready for event/light content,Tier 3 — Enrichment,43,Roman-period dedications begin after the conquest of Britain,410,Roman-period cult record fades with the end of Roman rule; later cultural memory is separate,133 BC–AD 235,N,N,Y,Y,N,N,Northern Britain / Brigantian territory,Northern Britannia and frontier military zones,Brigantes and Roman provincials/soldiers,Brigantia; Victoria Brigantia; Minerva/Victoria-like syncretic imagery,Northern British dedication sites including Birrens and Yorkshire,Local cult and military/votive networks,Additive / syncretic,High,Well attested,,Romano-British regional goddess cult,Regional local cult,Final-pass expansion,Cult / devotion layer,Northern frontier identity; military vows; local goddess; Roman interpretatio,"Multiple Roman inscriptions directly attest Brigantia, including explicitly syncretic Victoria Brigantia and Minerva-like iconography.",https://github.com/rdnovotni/gens/blob/main/docs/design/gens-religions-of-the-known-world-design.md,https://www.romaninscriptionsofbritain.org/inscriptions/627,https://www.romaninscriptionsofbritain.org/inscriptions/2091,Added in finalized pass,Final bounded gap-fill added after repo and historical cross-check.
cult-of-nehalennia,Cult of Nehalennia,Celtic / Insular,Cult / devotion,batavian-germanic-cult-tradition,Normalized alias match: Batavian Germanic Cult Tradition,Batavian Germanic Cult Tradition + Gallo-Roman provincial religion,Cult or devotion within/alongside parent,Cult Overlay,Personal or household additive devotion,Additive-compatible,Polytheist / plural cult system,Additive / syncretic,Local / regional cult institution,Syncretic,Syncretic; Maritime; Commercial; Protective,Syncretism; Commerce/travel; Travel/navigation,Overlay system,Ready for content design,Tier 2 — Major regional,100,Roman-period cult is strongly attested by the second century,300,Main sanctuary evidence clusters in the second–third centuries AD,133 BC–AD 235,N,N,Y,N,N,N,Zeeland / Rhine-Meuse-Scheldt delta,"Domburg, Colijnsplaat/Ganuenta and North Sea trade routes",Local communities; merchants; sailors from Gaul and Germania,Nehalennia,Domburg; Colijnsplaat/Ganuenta,Local sanctuary priesthood and merchant devotees,Additive,High,Well attested,,Maritime local cult,Local cult,Trade-route safety; maritime vows; merchant networks; Britannia crossings,Cult / devotion layer,"Exceptional cult for Gens because hundreds of altars name merchants and seafarers, linking religion directly to trade mechanics.",https://www.rmo.nl/en/collection/highlights-collection/nehalennia-altar/,https://github.com/rdnovotni/gens/blob/main/docs/design/gens-cultures-of-the-known-world-design.md,https://www.rmo.nl/museumkennis/archeologie-van-nederland/nederland-in-de-romeinse-tijd/de-voorwerpen/relief-met-een-schip/,,Polished / normalized,"Family, hierarchy, presentation scope, relationship model, readiness and start-date gating normalized."
chinese-folk-and-ancestral-religion,Chinese Folk and Ancestral Religion,Chinese,Household religion layer,,Base/contact layer: no parent required,Local Chinese ritual traditions,Base / independent / unresolved relationship,Household Layer,Household practice; does not replace primary religion,Additive-compatible,Chinese ritual-philosophical,Exclusive / competitive,Household,Syncretic,Ancestor-Veneration; Household; Syncretic; Ritualist,Syncretism,Overlay system,Ready for event/light content,Tier 3 — Enrichment,,Ancient; pre-133 BC,,Persists beyond AD 565,Pre-game / ancient,Y,Y,Y,Y,Y,Y,China,China,Chinese households and local communities,"Ancestors, local gods, Heaven, spirits",Family shrines and local temples,Household/local ritual specialists,Non-exclusive / additive,High,Well attested,,Popular/household religion,Distant contact base tradition,New distant-contact expansion,Cult / devotion layer,"Comparative household religion, rare travelers, ancestral rites","Analogous in some structural ways to Roman household cult, without implying direct equivalence.",https://github.com/rdnovotni/gens/blob/main/docs/design/gens-religions-of-the-known-world-design.md,https://github.com/rdnovotni/gens/blob/main/docs/design/gens-religions-of-the-known-world-design.md,https://en.wikipedia.org/wiki/Chinese_folk_religion,Polished / normalized,"Family, hierarchy, presentation scope, relationship model, readiness and start-date gating normalized."
confucian-tradition,Confucian Tradition,Chinese,Contact / distant tradition,,Base/contact layer: no parent required,Classical Chinese ritual/philosophical tradition,Base / independent / unresolved relationship,Contact Only,NPC / traveler / correspondence flavor only,Contact-only,Chinese ritual-philosophical,Exclusive / competitive,State / civic institution,State-Sponsored,Ancestor-Veneration; State-Sponsored; Philosophical; Ritualist,Priesthood,Contact/flavor only,Deferred — contact only,Tier 4 — Contact/flavor,,Pre-133 BC; imperial Confucian institutions already developed by Han era,,Persists beyond AD 565,Pre-game / ancient,Y,Y,Y,Y,Y,Y,China,Han and post-Han Chinese states,Chinese elites and communities,Confucius; ancestors; Heaven in ritual-political order,Imperial/ancestral temples (outside core map),"State scholars, family ritual, local temples",Not exclusive,High,Well attested,,State ethical-ritual tradition,Distant contact faith/school,Distant contact flavor in existing catalog,Contact / flavor,"Rare diplomats, scholars, texts, bureaucratic comparison","Best treated as ritual-philosophical tradition, not a church-like religion.",https://github.com/rdnovotni/gens/blob/main/docs/design/gens-religions-of-the-known-world-design.md,https://github.com/rdnovotni/gens/blob/main/docs/design/gens-religions-of-the-known-world-design.md,https://en.wikipedia.org/wiki/Confucianism,Polished / normalized,"Family, hierarchy, presentation scope, relationship model, readiness and start-date gating normalized."
daoist-traditions,Daoist Traditions,Chinese,Contact / distant tradition,,Base/contact layer: no parent required,Chinese religious/philosophical traditions,Base / independent / unresolved relationship,Contact Only,NPC / traveler / correspondence flavor only,Contact-only,Chinese ritual-philosophical,Exclusive / competitive,Local / regional cult institution,,Philosophical; Ritualist; Esoteric; Alchemical,,Contact/flavor only,Deferred — contact only,Tier 4 — Contact/flavor,,Pre-133 BC philosophical roots; organized religious Daoism expands during game,,Persists beyond AD 565,Pre-game / ancient,Y,Y,Y,Y,Y,Y,China,China,Chinese communities,"Laozi, immortals, Daoist deities in later organized traditions",Daoist mountains/temples (outside core map),"Masters, lineages, temples",Generally non-exclusive,High,Well attested,,Religion/philosophical tradition family,Distant contact faith,Distant contact flavor in existing catalog,Contact / flavor,"Alchemy, longevity texts, rare travelers",Use child Celestial Masters row for the major organized 2nd-c. movement.,https://github.com/rdnovotni/gens/blob/main/docs/design/gens-religions-of-the-known-world-design.md,https://github.com/rdnovotni/gens/blob/main/docs/design/gens-religions-of-the-known-world-design.md,https://en.wikipedia.org/wiki/Taoism,Polished / normalized,"Family, hierarchy, presentation scope, relationship model, readiness and start-date gating normalized."
celestial-masters-daoism,Celestial Masters Daoism,Chinese,Contact / distant tradition,daoist-traditions,Direct name match,Daoist Traditions,Related tradition,Contact Only,NPC / traveler / correspondence flavor only,Contact-only,Chinese ritual-philosophical,Exclusive / competitive,Diffuse / decentralized,,Ritualist; Communal; Theocratic; Daoist,,Contact/flavor only,Deferred — contact only,Tier 4 — Contact/flavor,142,Traditionally founded by Zhang Daoling in AD 142,,Persists beyond AD 565,133 BC–AD 235,N,N,Y,Y,Y,Y,Sichuan / China,China,Daoist communities,Zhang Daoling; Celestial Masters lineage,Chinese sacred mountains/communities,Hereditary/lineage religious masters,Community-based; not Roman-style exclusive,High,Well attested,,Organized religious Daoist movement,Distant contact sect,New distant-contact expansion,Contact / flavor,Shows new religion formation during game window; rare contact only,"A clear dated organized religious movement within the game’s chronology, though geographically distant.",https://github.com/rdnovotni/gens/blob/main/docs/design/gens-religions-of-the-known-world-design.md,https://github.com/rdnovotni/gens/blob/main/docs/design/gens-religions-of-the-known-world-design.md,https://en.wikipedia.org/wiki/Way_of_the_Celestial_Masters,Polished / normalized,"Family, hierarchy, presentation scope, relationship model, readiness and start-date gating normalized."
early-christianity-jesus-movement,Early Christianity / Jesus Movement,Christian,Religion / base tradition,second-temple-judaism,Explicit alias match,Second Temple Judaism,Related tradition,Full Faith,Household/community primary religion,Competing-exclusive,Christian monotheism,Exclusive / competitive,Transregional ecclesiastical hierarchy,Exclusive; Persecution-Prone; Charitable/Communal,Exclusive; Persecution-Prone; Charitable/Communal; Missionary,Doctrine suppression; Persecution/proscription; Charity/communal policy; Mission/conversion,Primary religion/community state,Ready for content design,Tier 1 — Core,30,Ministry/death of Jesus traditionally c. AD 30–33; communities emerge soon after,325,By Nicaea the movement has diversified into institutional churches and rival schools,133 BC–AD 235,N,N,Y,N,N,N,Judaea,"Eastern Mediterranean, then empire-wide",Jewish and gentile Christians,Jesus of Nazareth; apostles,Jerusalem; Antioch; Rome; Alexandria and other early centers,Local bishops/elders; no single head of faith,Exclusive monotheism,High,Well attested,,Religion / emerging monotheistic movement,Base faith,Core named faith in existing catalog,Religion / branch,"Missionary spread, persecution, house churches, doctrinal branching",Use as umbrella for 1st–early 4th c.; branch rows below handle competing schools.,https://github.com/rdnovotni/gens/blob/main/docs/design/gens-religions-of-the-known-world-design.md,https://github.com/rdnovotni/gens/blob/main/docs/design/gens-religions-of-the-known-world-design.md,https://www.worldhistory.org/christianity/,Polished / normalized,"Family, hierarchy, presentation scope, relationship model, readiness and start-date gating normalized."
jewish-christianity,Jewish Christianity,Christian,Sect / heterodox movement,second-temple-judaism,Normalized alias match: Second Temple Judaism,Second Temple Judaism + Jesus movement,Sect / contested branch of parent,Organized Sect / Church,Character/community primary affiliation,Internal dispute / may be condemned,Christian monotheism,Exclusive / competitive,Transregional ecclesiastical hierarchy,Exclusive,Exclusive; Scriptural; Torah-Observant; Christ-Following,Doctrine suppression; Religious controversy,Primary religion/community state,Research-limited — light mechanics,Tier 3 — Event/sect,30,Earliest Jesus followers are Jewish; distinct Torah-observant groups persist,400,Specific communities fade/transform in late antiquity,133 BC–AD 235,N,N,Y,Y,N,N,Judaea / Syria,"Judaea, Syria, Transjordan",Jewish followers of Jesus,Jesus; apostolic figures,Jerusalem and regional communities,Community elders/bishops depending group,Exclusive monotheism,Medium–High,Thin / reconstructed,Surviving evidence is limited or reconstruction is debated.,Umbrella for Torah-observant Christ-following groups,Sect family,New CK3-style expansion,Sect / schism / school,"Jewish-Christian boundary, circumcision/law debates, diaspora",Umbrella row; Ebionites/Nazarenes/Elkhasaites get separate entries.,https://github.com/rdnovotni/gens/blob/main/docs/design/gens-religions-of-the-known-world-design.md,https://github.com/rdnovotni/gens/blob/main/docs/design/gens-religions-of-the-known-world-design.md,https://en.wikipedia.org/wiki/Jewish_Christian,Polished / normalized,"Family, hierarchy, presentation scope, relationship model, readiness and start-date gating normalized."
pauline-christianity,Pauline Christianity,Christian,Sect / heterodox movement,early-christianity-jesus-movement,Normalized alias match: Early Christianity,Early Christianity,Sect / contested branch of parent,Minor Sect / Event,Character/event affiliation; not default map faith,Internal dispute / may be condemned,Christian monotheism,Exclusive / competitive,Diffuse / decentralized,Exclusive; Charitable/Communal,Exclusive; Missionary; Charitable/Communal; Scripture-Forming,Doctrine suppression; Charity/communal policy; Mission/conversion; Religious controversy,Character/event doctrine layer,Ready for event/light content,Tier 3 — Event/sect,40,Paul’s missions c. AD 40s–60s,200,Becomes absorbed into broader Great Church/proto-orthodox tradition,133 BC–AD 235,N,N,N,N,N,N,Eastern Mediterranean,"Asia Minor, Greece, Rome and wider gentile networks",Gentile-heavy Christian communities,Paul the Apostle,Antioch; Corinth; Ephesus; Rome,Local churches linked by letters/missionaries,Exclusive monotheism,High,Well attested,‘Heresy’/orthodoxy is viewpoint-dependent; event text should identify who condemns whom.,Missionary/theological stream,Sect/stream,New CK3-style expansion,Sect / schism / school,"Mission networks, gentile conversion, law/circumcision debates","A stream, not a separate church-state faith, but useful for early branching events.",https://github.com/rdnovotni/gens/blob/main/docs/design/gens-religions-of-the-known-world-design.md,https://github.com/rdnovotni/gens/blob/main/docs/design/gens-religions-of-the-known-world-design.md,https://en.wikipedia.org/wiki/Pauline_Christianity,Polished / normalized,"Family, hierarchy, presentation scope, relationship model, readiness and start-date gating normalized."
ebionites,Ebionites,Christian,Sect / heterodox movement,early-christianity-jesus-movement,Christian chronology heuristic: early movement,Jewish Christianity,Sect / contested branch of parent,Minor Sect / Event,Character/event affiliation; not default map faith,Internal dispute / may be condemned,Christian monotheism,Exclusive / competitive,Diffuse / decentralized,Exclusive,Exclusive; Torah-Observant; Ascetic; Jewish-Christian,Doctrine suppression; Religious controversy,Character/event doctrine layer,Ready for event/light content,Tier 3 — Event/sect,70,Late 1st–2nd c. evidence,400,Fade from sources in late antiquity,133 BC–AD 235,N,N,Y,Y,N,N,Judaea / Syria,Levant and eastern communities,Torah-observant Jewish Christians,Jesus understood in distinctively human/adoptionist ways in patristic reports,Regional communities,Local sect leadership,Exclusive monotheism,Medium,Moderately attested,‘Heresy’ is a viewpoint-dependent gameplay label; preserve who condemned whom in event text.,Jewish-Christian sect,Sect / later heresy label,New CK3-style expansion,Sect / schism / school,"Circumcision/Torah debates, Jewish-Christian identity",Knowledge largely comes through hostile Christian heresiologists.,https://github.com/rdnovotni/gens/blob/main/docs/design/gens-religions-of-the-known-world-design.md,https://github.com/rdnovotni/gens/blob/main/docs/design/gens-religions-of-the-known-world-design.md,https://en.wikipedia.org/wiki/Ebionites,Polished / normalized,"Family, hierarchy, presentation scope, relationship model, readiness and start-date gating normalized."
nazarenes-jewish-christian,Nazarenes (Jewish-Christian),Christian,Sect / heterodox movement,early-christianity-jesus-movement,Christian chronology heuristic: early movement,Jewish Christianity,Sect / contested branch of parent,Minor Sect / Event,Character/event affiliation; not default map faith,Internal dispute / may be condemned,Christian monotheism,Exclusive / competitive,Diffuse / decentralized,Exclusive,Exclusive; Torah-Observant; Jewish-Christian,Doctrine suppression; Religious controversy,Character/event doctrine layer,Research-limited — light mechanics,Tier 3 — Event/sect,70,Late 1st/2nd c. category in later sources,400,Fade from late-antique sources,133 BC–AD 235,N,N,Y,Y,N,N,Levant,Syria/Palestine,Jewish Christians,Jesus; Torah observance,Regional communities,Local communities,Exclusive monotheism,Low–Medium,Thin / reconstructed,"Surviving evidence is thin; avoid over-specific doctrine, deity lists or institutional claims.",Jewish-Christian sect,Sect,New CK3-style expansion,Sect / schism / school,"Boundary identity, law observance, Christian/Jewish relations",Ancient labels are inconsistent; keep confidence modest.,https://github.com/rdnovotni/gens/blob/main/docs/design/gens-religions-of-the-known-world-design.md,https://github.com/rdnovotni/gens/blob/main/docs/design/gens-religions-of-the-known-world-design.md,https://en.wikipedia.org/wiki/Nazarene_(sect),Polished / normalized,"Family, hierarchy, presentation scope, relationship model, readiness and start-date gating normalized."
docetism-umbrella,Docetism (umbrella),Christian,Sect / heterodox movement,early-christianity-jesus-movement,Normalized alias match: Early Christianity,Early Christianity / Gnostic currents,Sect / contested branch of parent,Minor Sect / Event,Character/event affiliation; not default map faith,Internal dispute / may be condemned,Christian monotheism,Context-dependent,Teacher / sect network,,Docetic-Christology; Ascetic-coded; Gnostic-adjacent,Religious controversy,Character/event doctrine layer,Ready for event/light content,Tier 3 — Event/sect,80,Docetic tendencies attested in very early Christian controversies,400,Persists as a recurrent label/tendency rather than one continuous church,133 BC–AD 235,N,N,Y,Y,N,N,Eastern Mediterranean,Eastern Roman Empire and diverse Gnostic/Christian milieus,Various Christian and Gnostic groups,No single founder,No single center,Multiple independent teachers/sects,Varies,High,Well attested,"Umbrella analytic category, not one centralized historical church.",Christological tendency / sect family,Heresy family / doctrine,New CK3-style expansion,Sect / schism / school,Umbrella doctrine tag for several sects; theological disputes,"Best used as a doctrine/tendency tag, not as a monolithic organized faith.",https://github.com/rdnovotni/gens/blob/main/docs/design/gens-religions-of-the-known-world-design.md,https://www.biblegateway.com/resources/encyclopedia-of-the-bible/Docetism,https://en.wikipedia.org/wiki/Docetism,Polished / normalized,"Family, hierarchy, presentation scope, relationship model, readiness and start-date gating normalized."
cerinthianism,Cerinthianism,Christian,Sect / heterodox movement,proto-orthodox-great-church-christianity,Christian chronology heuristic: Great Church milieu,Jewish Christianity + early Gnostic currents,Sect / contested branch of parent,Minor Sect / Event,Character/event affiliation; not default map faith,Internal dispute / may be condemned,Christian monotheism,Exclusive / competitive,Teacher / sect network,,Jewish-Christian; Adoptionist-like; Demiurge; Millenarian,Religious controversy,Character/event doctrine layer,Ready for event/light content,Tier 3 — Event/sect,90,Cerinthus active around the turn of the 1st–2nd centuries,150,Movement disappears as a distinct school,133 BC–AD 235,N,N,N,N,N,N,Asia Minor / eastern Mediterranean,Western Asia Minor,Early Christian and Jewish-Christian communities,Cerinthus,Ephesus / western Asia Minor (associated activity),Teacher-centered sect,Exclusive Christian sect,Medium,Moderately attested,‘Heresy’ is a viewpoint-dependent gameplay label; preserve who condemned whom in event text.,Early Christian sect,Heresy / sect,New CK3-style expansion,Sect / schism / school,"Early doctrinal controversy, Jewish-Christian tension, proto-Gnostic events",Known chiefly through hostile heresiological sources; doctrine reconstruction is uncertain.,https://github.com/rdnovotni/gens/blob/main/docs/design/gens-religions-of-the-known-world-design.md,https://en.wikisource.org/wiki/1911_Encyclop%C3%A6dia_Britannica/Cerinthus,https://www.biblegateway.com/resources/encyclopedia-of-the-bible/Cerinthus,Polished / normalized,"Family, hierarchy, presentation scope, relationship model, readiness and start-date gating normalized."
elkhasaites-elcesaites,Elkhasaites / Elcesaites,Christian,Sect / heterodox movement,proto-orthodox-great-church-christianity,Christian chronology heuristic: Great Church milieu,Jewish Christianity,Sect / contested branch of parent,Minor Sect / Event,Character/event affiliation; not default map faith,Internal dispute / may be condemned,Christian monotheism,Exclusive / competitive,Diffuse / decentralized,,Baptismal; Ascetic; Scriptural; Apocalyptic,Religious controversy,Character/event doctrine layer,Ready for event/light content,Tier 3 — Event/sect,100,Appears in early 2nd c. AD sources,350,Later fate uncertain; influences Mani’s childhood milieu,133 BC–AD 235,N,N,Y,N,N,N,Mesopotamia / Syria,Mesopotamia and Transjordan traditions,Jewish-Christian baptist communities,Elchasai/Elkhasai,No single secure center,Sect leaders / baptismal communities,Exclusive or strongly bounded,Medium,Moderately attested,Surviving evidence is limited or reconstruction is debated.,Baptist Jewish-Christian sect,Sect,New CK3-style expansion,Sect / schism / school,"Baptist rites, prophetic book, bridge to Manichaeism",Important because Mani grew up in an Elkhasaite-type baptist community.,https://github.com/rdnovotni/gens/blob/main/docs/design/gens-religions-of-the-known-world-design.md,https://www.iranicaonline.org/articles/iran-ix1-religions-in-iran/iran-ix12-manicheism/,https://en.wikipedia.org/wiki/Elcesaites,Polished / normalized,"Family, hierarchy, presentation scope, relationship model, readiness and start-date gating normalized."
gnosticism-umbrella,Gnosticism (umbrella),Christian,Sect / heterodox movement,proto-orthodox-great-church-christianity,Christian chronology heuristic: Great Church milieu,Hellenistic religious-philosophical milieu + Christian/Jewish elements,Sect / contested branch of parent,Minor Sect / Event,Character/event affiliation; not default map faith,Internal dispute / may be condemned,Christian monotheism,Exclusive / competitive,Teacher / sect network,,Gnostic; Esoteric; Dualist-coded; Salvation-by-Knowledge,Religious controversy,Character/event doctrine layer,Ready for event/light content,Tier 3 — Event/sect,100,Diverse Gnostic schools visible mainly in 2nd c. AD,400,Many schools decline by late antiquity; ideas persist,133 BC–AD 235,N,N,Y,Y,N,N,Eastern Mediterranean / Egypt,"Egypt, Syria, Rome and wider Mediterranean",Esoteric religious circles,Varied revealer figures and aeons,Distributed schools,Teacher-school networks,Often exclusive initiatory communities,High for umbrella; varies by school,Well attested,"Umbrella analytic category, not one centralized historical church.",Umbrella of Gnostic schools,Heresy family / esoteric family,Existing concept noted in repo; needs rows,Sect / schism / school,"Secret texts, esoteric initiation, competing cosmologies",Avoid treating “Gnosticism” as one church; use child rows.,https://github.com/rdnovotni/gens/blob/main/docs/design/gens-religions-of-the-known-world-design.md,https://github.com/rdnovotni/gens/blob/main/docs/design/gens-religions-of-the-known-world-design.md,https://en.wikipedia.org/wiki/Gnosticism,Polished / normalized,"Family, hierarchy, presentation scope, relationship model, readiness and start-date gating normalized."
proto-orthodox-great-church-christianity,Proto-Orthodox / Great Church Christianity,Christian,Regional branch,early-christianity-jesus-movement,Normalized alias match: Early Christianity,Early Christianity,Regional expression / daughter tradition,Regional Faith,Household/community primary religion in supported regions,Competing-exclusive,Christian monotheism,Exclusive / competitive,Transregional ecclesiastical hierarchy,Exclusive,Exclusive; Missionary; Episcopal; Canon-Forming,Doctrine suppression; Mission/conversion,Primary religion/community state,Ready for content design,Tier 2 — Major regional,100,2nd c. consolidation of episcopal/canonical “Great Church” patterns,325,Transforms into Nicene/non-Nicene imperial-era alignments after Nicaea,133 BC–AD 235,N,N,Y,N,N,N,Mediterranean urban churches,Empire-wide,Mainstream episcopal Christian communities,"Irenaeus, Ignatius and other early bishops",Rome; Antioch; Alexandria; Jerusalem,Network of bishops; no single universally sovereign head,Exclusive monotheism,High,Well attested,,Emerging mainstream church tradition,Orthodox claimant,New CK3-style expansion,Religion / branch,"Canon formation, bishop politics, suppression of rival schools",Useful parent for later Nicene/Chalcedonian lineages.,https://github.com/rdnovotni/gens/blob/main/docs/design/gens-religions-of-the-known-world-design.md,https://github.com/rdnovotni/gens/blob/main/docs/design/gens-religions-of-the-known-world-design.md,https://en.wikipedia.org/wiki/Proto-orthodox_Christianity,Polished / normalized,"Family, hierarchy, presentation scope, relationship model, readiness and start-date gating normalized."
quartodeciman-christianity,Quartodeciman Christianity,Christian,Sect / heterodox movement,early-christianity-jesus-movement,Normalized alias match: Early Christianity,Early Christianity / Asia Minor churches,Sect / contested branch of parent,Organized Sect / Church,Character/community primary affiliation,Internal dispute / may be condemned,Christian monotheism,Exclusive / competitive,Transregional ecclesiastical hierarchy,Exclusive,Exclusive; Paschal-Calendar; Apostolic-Tradition,Sacred calendar; Doctrine suppression; Religious controversy,Primary religion/community state,Ready for event/light content,Tier 3 — Event/sect,100,Second-century Paschal controversy makes the practice highly visible,325,Gradually marginalized as Sunday Easter practice becomes dominant,133 BC–AD 235,N,N,Y,N,N,N,Asia Minor,"Roman Asia, Ephesus/Smyrna and eastern Christian networks",Christians keeping Pascha on 14 Nisan,Polycarp and Polycrates are prominent in the controversy,Asia Minor churches,Local bishops and churches,Exclusive,High,Well attested,‘Heresy’/orthodoxy is viewpoint-dependent; event text should identify who condemns whom.,Liturgical calendar tradition / controversy,Sect / practice tradition,Sacred-calendar conflict; bishop relations; excommunication threats; regional custom,Sect / schism / school,Excellent fit with Gens' sacred calendar because the disagreement is fundamentally over feast timing and authority.,https://www.cambridge.org/core/journals/harvard-theological-review/volume/91A99A4A761ADC6300E1FC4FD45723E6,https://github.com/rdnovotni/gens/blob/main/docs/design/gens-cultures-of-the-known-world-design.md,https://github.com/rdnovotni/gens/blob/main/docs/design/gens-religions-of-the-known-world-design.md,,Polished / normalized,"Family, hierarchy, presentation scope, relationship model, readiness and start-date gating normalized."
basilideans,Basilideans,Christian,Sect / heterodox movement,gnosticism-umbrella,Normalized alias match: Gnosticism,Gnosticism,Sect / contested branch of parent,Minor Sect / Event,Character/event affiliation; not default map faith,Internal dispute / may be condemned,Christian monotheism,Context-dependent,Teacher / sect network,,Gnostic; Esoteric; Christian,Religious controversy,Character/event doctrine layer,Ready for event/light content,Tier 3 — Event/sect,120,Basilides teaches in Alexandria early 2nd c.,300,Later fate unclear,133 BC–AD 235,N,N,Y,N,N,N,Alexandria,Egypt,Basilidean followers,Basilides,Alexandria,Teacher-school network,Bounded school,Medium–High,Moderately attested,‘Heresy’ is a viewpoint-dependent gameplay label; preserve who condemned whom in event text.,Gnostic Christian school,Heresy / sect,New CK3-style expansion,Sect / schism / school,"Alexandrian theology, secret exegesis",Known partly through hostile heresiological sources.,https://github.com/rdnovotni/gens/blob/main/docs/design/gens-religions-of-the-known-world-design.md,https://github.com/rdnovotni/gens/blob/main/docs/design/gens-religions-of-the-known-world-design.md,https://en.wikipedia.org/wiki/Basilideans,Polished / normalized,"Family, hierarchy, presentation scope, relationship model, readiness and start-date gating normalized."
carpocratians,Carpocratians,Christian,Sect / heterodox movement,gnosticism-umbrella,Normalized alias match: Gnosticism,Gnosticism,Sect / contested branch of parent,Minor Sect / Event,Character/event affiliation; not default map faith,Internal dispute / may be condemned,Christian monotheism,Context-dependent,Teacher / sect network,,Gnostic; Esoteric; Antinomian-coded (source-biased),Religious controversy,Character/event doctrine layer,Research-limited — light mechanics,Tier 3 — Event/sect,120,2nd c. AD,250,Fades from sources,133 BC–AD 235,N,N,Y,N,N,N,Alexandria / Mediterranean,Urban eastern Mediterranean,Carpocratian groups,Carpocrates,No single holy site,Teacher-school network,Bounded school,Low–Medium,Thin / reconstructed,‘Heresy’ is a viewpoint-dependent gameplay label; preserve who condemned whom in event text.,Gnostic Christian school,Heresy / sect,New CK3-style expansion,Sect / schism / school,"Scandal accusations, secret teaching, heresiology",Hostile sources may exaggerate alleged libertine practices; flag carefully.,https://github.com/rdnovotni/gens/blob/main/docs/design/gens-religions-of-the-known-world-design.md,https://github.com/rdnovotni/gens/blob/main/docs/design/gens-religions-of-the-known-world-design.md,https://en.wikipedia.org/wiki/Carpocrates,Polished / normalized,"Family, hierarchy, presentation scope, relationship model, readiness and start-date gating normalized."
valentinianism,Valentinianism,Christian,Sect / heterodox movement,gnosticism-umbrella,Normalized alias match: Gnosticism,Gnosticism + Christianity,Sect / contested branch of parent,Minor Sect / Event,Character/event affiliation; not default map faith,Internal dispute / may be condemned,Christian monotheism,Exclusive / competitive,Teacher / sect network,,Gnostic; Esoteric; Christian; Sacramental,Religious controversy,Character/event doctrine layer,Ready for event/light content,Tier 3 — Event/sect,135,Valentinus active mid-2nd c. AD,400,Schools survive into late antiquity,133 BC–AD 235,N,N,Y,Y,N,N,Alexandria / Rome,Mediterranean Christian centers,Valentinian Christians,Valentinus and successors,Urban schools/churches,Teacher-school networks within/alongside churches,Exclusive Christian identity with esoteric tiers,High,Well attested,‘Heresy’ is a viewpoint-dependent gameplay label; preserve who condemned whom in event text.,Gnostic Christian school,Heresy / rival school,New CK3-style expansion,Sect / schism / school,"Elite theology, secret teaching, church infiltration/conflict",One of the most influential early Christian Gnostic movements.,https://github.com/rdnovotni/gens/blob/main/docs/design/gens-religions-of-the-known-world-design.md,https://github.com/rdnovotni/gens/blob/main/docs/design/gens-religions-of-the-known-world-design.md,https://en.wikipedia.org/wiki/Valentinianism,Polished / normalized,"Family, hierarchy, presentation scope, relationship model, readiness and start-date gating normalized."
marcionism,Marcionism,Christian,Sect / heterodox movement,early-christianity-jesus-movement,Normalized alias match: Early Christianity,Early Christianity,Sect / contested branch of parent,Organized Sect / Church,Character/community primary affiliation,Internal dispute / may be condemned,Christian monotheism,Exclusive / competitive,Transregional ecclesiastical hierarchy,Exclusive,Exclusive; Missionary; Dualist; Scriptural-Canon; Ascetic,Doctrine suppression; Mission/conversion; Religious controversy,Primary religion/community state,Ready for event/light content,Tier 3 — Event/sect,144,Marcion active at Rome around AD 140s,500,Communities survive for centuries in some regions,133 BC–AD 235,N,N,Y,Y,Y,N,Pontus / Rome,Mediterranean and Near East,Marcionite churches,Marcion of Sinope,Urban congregations; no single holy site,Parallel church hierarchy,Exclusive,High,Well attested,‘Heresy’ is a viewpoint-dependent gameplay label; preserve who condemned whom in event text.,Dualist/ditheist Christian movement,Heresy / rival church,New CK3-style expansion,Sect / schism / school,"Alternative canon, rival churches, bishop conflict",Not simply “Gnostic”; best treated as a distinct rival Christian church.,https://github.com/rdnovotni/gens/blob/main/docs/design/gens-religions-of-the-known-world-design.md,https://github.com/rdnovotni/gens/blob/main/docs/design/gens-religions-of-the-known-world-design.md,https://en.wikipedia.org/wiki/Marcionism,Polished / normalized,"Family, hierarchy, presentation scope, relationship model, readiness and start-date gating normalized."
encratites,Encratites,Christian,Sect / heterodox movement,early-christianity-jesus-movement,Normalized alias match: Early Christianity,Early Christianity,Sect / contested branch of parent,Minor Sect / Event,Character/event affiliation; not default map faith,Internal dispute / may be condemned,Christian monotheism,Exclusive / competitive,Teacher / sect network,Exclusive,Exclusive; Ascetic; Dietary-Strictness; Celibacy-coded,Doctrine suppression; Religious controversy,Character/event doctrine layer,Ready for event/light content,Tier 3 — Event/sect,160,2nd c. AD,400,Varied groups absorbed or suppressed,133 BC–AD 235,N,N,Y,Y,N,N,Syria / eastern Mediterranean,Eastern Christian communities,Ascetic Christians,Tatian often associated with Encratite tendencies,Distributed communities,Ascetic teachers,Exclusive Christian,Medium,Moderately attested,‘Heresy’ is a viewpoint-dependent gameplay label; preserve who condemned whom in event text.,Ascetic Christian movement,Heresy / ascetic sect,New CK3-style expansion,Sect / schism / school,"Marriage/food restrictions, ascetic prestige, household tension",Umbrella label for several rigorist groups rather than one institution.,https://github.com/rdnovotni/gens/blob/main/docs/design/gens-religions-of-the-known-world-design.md,https://github.com/rdnovotni/gens/blob/main/docs/design/gens-religions-of-the-known-world-design.md,https://en.wikipedia.org/wiki/Encratites,Polished / normalized,"Family, hierarchy, presentation scope, relationship model, readiness and start-date gating normalized."
montanism-new-prophecy,Montanism / New Prophecy,Christian,Sect / heterodox movement,early-christianity-jesus-movement,Normalized alias match: Early Christianity,Early Christianity / Great Church,Sect / contested branch of parent,Minor Sect / Event,Character/event affiliation; not default map faith,Internal dispute / may be condemned,Christian monotheism,Exclusive / competitive,Diffuse / decentralized,Exclusive,Exclusive; Prophetic; Ascetic; Apocalyptic; Charismatic,Doctrine suppression; Religious controversy,Character/event doctrine layer,Ready for event/light content,Tier 3 — Event/sect,165,Emerges in Phrygia c. AD 160s–170s,550,Survives in pockets into 6th c.,133 BC–AD 235,N,N,Y,Y,Y,N,Phrygia,"Anatolia, North Africa, parts of empire",Christian prophetic communities,"Montanus, Prisca/Priscilla, Maximilla",Phrygian prophetic centers,Prophets + local church structures,Exclusive Christian,High,Well attested,‘Heresy’ is a viewpoint-dependent gameplay label; preserve who condemned whom in event text.,Prophetic Christian movement,Heresy / rival church,New CK3-style expansion,Sect / schism / school,"Prophecy events, strict discipline, female prophets, bishop conflict",Long-lived enough to matter well beyond initial controversy.,https://github.com/rdnovotni/gens/blob/main/docs/design/gens-religions-of-the-known-world-design.md,https://github.com/rdnovotni/gens/blob/main/docs/design/gens-religions-of-the-known-world-design.md,https://en.wikipedia.org/wiki/Montanism,Polished / normalized,"Family, hierarchy, presentation scope, relationship model, readiness and start-date gating normalized."
bardaisanite-christianity,Bardaisanite Christianity,Christian,Sect / heterodox movement,proto-orthodox-great-church-christianity,Normalized alias match: Syriac Christianity,Syriac Christianity + philosophical/Gnostic milieu,Sect / contested branch of parent,Minor Sect / Event,Character/event affiliation; not default map faith,Internal dispute / may be condemned,Christian monotheism,Context-dependent,Teacher / sect network,,Christian; Philosophical; Astrological; Gnostic-adjacent,Religious controversy,Character/event doctrine layer,Ready for event/light content,Tier 3 — Event/sect,180,Bardaisan active late 2nd–early 3rd c.,400,"Influence persists, later absorbed/contested",133 BC–AD 235,N,N,Y,Y,N,N,Edessa,Syriac Mesopotamia,Syriac Christians,Bardaisan,Edessa,Teacher/court circle,Christian exclusivity,Medium–High,Moderately attested,Surviving evidence is limited or reconstruction is debated.,Syriac Christian school,Sect / heterodox school,New CK3-style expansion,Sect / schism / school,"Edessan court culture, astrology, Persian-Roman border",Useful local branch for Osrhoene/Mesopotamia.,https://github.com/rdnovotni/gens/blob/main/docs/design/gens-religions-of-the-known-world-design.md,https://github.com/rdnovotni/gens/blob/main/docs/design/gens-religions-of-the-known-world-design.md,https://en.wikipedia.org/wiki/Bardaisan,Polished / normalized,"Family, hierarchy, presentation scope, relationship model, readiness and start-date gating normalized."
adoptionism-theodotianism,Adoptionism / Theodotianism,Christian,Sect / heterodox movement,early-christianity-jesus-movement,Normalized alias match: Early Christianity,Early Christianity,Sect / contested branch of parent,Minor Sect / Event,Character/event affiliation; not default map faith,Internal dispute / may be condemned,Christian monotheism,Exclusive / competitive,Teacher / sect network,Exclusive,Exclusive; Christological; Rationalist-coded,Doctrine suppression; Religious controversy,Character/event doctrine layer,Ready for event/light content,Tier 3 — Event/sect,190,Theodotus of Byzantium active late 2nd c.,300,Later adoptionist ideas recur in other forms,133 BC–AD 235,N,N,Y,N,N,N,Rome,Urban Christian schools,Adoptionist Christians,Theodotus of Byzantium,Rome,Teacher/school networks,Exclusive Christian,High,Well attested,‘Heresy’ is a viewpoint-dependent gameplay label; preserve who condemned whom in event text.,Christological school,Heresy / theological school,New CK3-style expansion,Sect / schism / school,"Christology debate, bishop excommunication",Separate from later Paul of Samosata despite family resemblance.,https://github.com/rdnovotni/gens/blob/main/docs/design/gens-religions-of-the-known-world-design.md,https://github.com/rdnovotni/gens/blob/main/docs/design/gens-religions-of-the-known-world-design.md,https://en.wikipedia.org/wiki/Adoptionism,Polished / normalized,"Family, hierarchy, presentation scope, relationship model, readiness and start-date gating normalized."
modalism-sabellianism,Modalism / Sabellianism,Christian,Sect / heterodox movement,proto-orthodox-great-church-christianity,Christian chronology heuristic: Great Church milieu,Monarchian Christian theology,Sect / contested branch of parent,Minor Sect / Event,Character/event affiliation; not default map faith,Internal dispute / may be condemned,Christian monotheism,Exclusive / competitive,Teacher / sect network,Exclusive,Exclusive; Trinitarian-Debate; Monarchian,Doctrine suppression; Religious controversy,Character/event doctrine layer,Ready for event/light content,Tier 3 — Event/sect,200,Modalist controversies prominent early 3rd c.,350,Condemned but recurring ideas persist,133 BC–AD 235,N,N,Y,N,N,N,Rome / North Africa / eastern churches,Mediterranean Christian communities,Modalist Christians,Sabellius and other modalist teachers,Urban churches,Teacher/bishop factions,Exclusive Christian,High,Well attested,‘Heresy’ is a viewpoint-dependent gameplay label; preserve who condemned whom in event text.,Trinitarian theological school,Heresy / theological school,New CK3-style expansion,Sect / schism / school,"Trinity controversy, bishop alliances","Treat “Sabellianism” as one modalist form, not a universal label.",https://github.com/rdnovotni/gens/blob/main/docs/design/gens-religions-of-the-known-world-design.md,https://github.com/rdnovotni/gens/blob/main/docs/design/gens-religions-of-the-known-world-design.md,https://en.wikipedia.org/wiki/Sabellianism,Polished / normalized,"Family, hierarchy, presentation scope, relationship model, readiness and start-date gating normalized."
romano-british-christianity,Romano-British Christianity,Christian,Regional branch,nicene-christianity,Normalized alias match: Nicene Christianity,Great Church / Nicene Christianity,Regional expression / daughter tradition,Regional Faith,Household/community primary religion in supported regions,Competing-exclusive,Christian monotheism,Exclusive / competitive,Transregional ecclesiastical hierarchy,Exclusive; Charitable/Communal,Exclusive; Charitable/Communal; Episcopal,Doctrine suppression; Charity/communal policy; Mission/conversion,Primary religion/community state,Ready for content design,Tier 2 — Major regional,200,Christian communities securely present in Roman Britain by late antiquity,,Continues in post-Roman British polities beyond AD 565,133 BC–AD 235,N,N,Y,Y,Y,Y,Roman Britain,Britannia and post-Roman British kingdoms,Romano-British and Brittonic Christians,Local bishops; saints; British clergy; later Pelagian controversy,Major Roman towns and later British ecclesiastical centers,Bishops and local church networks,Exclusive,High,Well attested,,Regional provincial Christianity,Regional branch,Late Roman provincial conversion; Pelagian controversy; post-Roman continuity,Religion / branch,Important as the parent context for British Pelagianism and Irish/Pictish missions rather than treating Britain as either pagan or generic Mediterranean Christianity.,https://www.cambridge.org/core/books/abs/christ-in-celtic-christianity/epilogue/AB1EE2092BFA55908BA93FD211790E07,https://github.com/rdnovotni/gens/blob/main/docs/design/gens-cultures-of-the-known-world-design.md,https://github.com/rdnovotni/gens/blob/main/docs/design/gens-cultures-of-the-known-world-design.md,,Polished / normalized,"Family, hierarchy, presentation scope, relationship model, readiness and start-date gating normalized."
origenism,Origenism,Christian,Sect / heterodox movement,proto-orthodox-great-church-christianity,Normalized alias match: Alexandrian Christianity,Alexandrian Christianity,Sect / contested branch of parent,Minor Sect / Event,Character/event affiliation; not default map faith,Internal dispute / may be condemned,Christian monotheism,Exclusive / competitive,Monastic network,Exclusive,Exclusive; Philosophical; Ascetic; Allegorical,Doctrine suppression; Monastic institutions; Religious controversy,Character/event doctrine layer,Ready for event/light content,Tier 3 — Event/sect,230,Origen’s theological school in 3rd c.; controversies intensify 4th–6th c.,553,Condemnations associated with 6th-c. imperial church politics,133 BC–AD 235,N,N,Y,Y,Y,N,Alexandria / Caesarea,Eastern Christian intellectual and monastic circles,Theologians/monks,Origen and later Origenist monks,Alexandria; Caesarea; Palestinian monasteries,Teacher/monastic networks,Exclusive Christian,High,Well attested,‘Heresy’ is a viewpoint-dependent gameplay label; preserve who condemned whom in event text.,Theological/philosophical school,Heresy label / school,Late-timeline extension,Sect / schism / school,"Education, monastic faction, Justinian-era controversy",Better modeled as a school/controversy than independent church.,https://github.com/rdnovotni/gens/blob/main/docs/design/gens-religions-of-the-known-world-design.md,https://github.com/rdnovotni/gens/blob/main/docs/design/gens-religions-of-the-known-world-design.md,https://en.wikipedia.org/wiki/Origenist_crises,Polished / normalized,"Family, hierarchy, presentation scope, relationship model, readiness and start-date gating normalized."
novatianism,Novatianism,Christian,Schism,proto-orthodox-great-church-christianity,Normalized alias match: Great Church,Great Church Christianity,Schism from parent,Organized Sect / Church,Character/community primary affiliation,Schismatic rival,Christian monotheism,Exclusive / competitive,Transregional ecclesiastical hierarchy,Exclusive,Exclusive; Rigorist; Purity; Anti-Lapsi,Doctrine suppression; Persecution/proscription; Religious controversy,Primary religion/community state,Ready for event/light content,Tier 3 — Event/sect,251,Novatian schism follows Decian persecution,500,Communities persist for centuries,AD 236–395,N,N,N,Y,Y,N,Rome,Western and eastern Roman cities,Rigorist Christians,Novatian,Urban congregations,Parallel bishops/church hierarchy,Exclusive Christian,High,Well attested,‘Heresy’/orthodoxy is viewpoint-dependent; event text should identify who condemns whom.,Rigorist schismatic church,Schism / rigorist church,New CK3-style expansion,Sect / schism / school,"Persecution aftermath, apostasy forgiveness, rival bishops","A true institutional schism, not merely a doctrine tag.",https://github.com/rdnovotni/gens/blob/main/docs/design/gens-religions-of-the-known-world-design.md,https://www.worldhistory.org/Council_of_Chalcedon/,https://en.wikipedia.org/wiki/Novatianism,Polished / normalized,"Family, hierarchy, presentation scope, relationship model, readiness and start-date gating normalized."
paulianism-paul-of-samosata,Paulianism (Paul of Samosata),Christian,Sect / heterodox movement,proto-orthodox-great-church-christianity,Christian chronology heuristic: Great Church milieu,Adoptionist/monarchian currents,Sect / contested branch of parent,Organized Sect / Church,Character/community primary affiliation,Internal dispute / may be condemned,Christian monotheism,Exclusive / competitive,Transregional ecclesiastical hierarchy,Exclusive,Exclusive; Christological; Monarchian/Adoptionist,Doctrine suppression; Religious controversy,Primary religion/community state,Ready for event/light content,Tier 3 — Event/sect,260,Paul of Samosata bishop of Antioch AD 260–268,350,Influence continues after deposition,AD 236–395,N,N,N,N,N,N,Antioch,Syria and some eastern communities,Followers of Paul of Samosata,Paul of Samosata,Antioch,Episcopal/factional networks,Exclusive Christian,High,Well attested,‘Heresy’ is a viewpoint-dependent gameplay label; preserve who condemned whom in event text.,Christological school,Heresy / theological school,New CK3-style expansion,Sect / schism / school,"Antioch politics, imperial/church deposition","Distinct from medieval Paulicians, which are outside the game window.",https://github.com/rdnovotni/gens/blob/main/docs/design/gens-religions-of-the-known-world-design.md,https://www.worldhistory.org/Council_of_Chalcedon/,https://en.wikipedia.org/wiki/Paul_of_Samosata,Polished / normalized,"Family, hierarchy, presentation scope, relationship model, readiness and start-date gating normalized."
melitian-schism-egypt,Melitian Schism (Egypt),Christian,Schism,nicene-christianity,Normalized alias match: Nicene Christianity,Great Church / Nicene Christianity,Schism from parent,Organized Sect / Church,Character/community primary affiliation,Schismatic rival,Christian monotheism,Exclusive / competitive,Transregional ecclesiastical hierarchy,,Rigorist; Anti-Lapsed-Clergy; Episcopal; Schismatic,Persecution/proscription; Religious controversy,Primary religion/community state,Ready for event/light content,Tier 3 — Event/sect,305,Arises during the Diocletian persecution,450,Fades after more than a century of separate organization,AD 236–395,N,N,N,Y,N,N,Egypt,Upper and Lower Egypt,Egyptian Christians,Melitius of Lycopolis; Peter of Alexandria; Athanasius,Lycopolis; Alexandria; Egyptian bishoprics,Parallel episcopal network,Exclusive Christian church,High,Well attested,‘Heresy’/orthodoxy is viewpoint-dependent; event text should identify who condemns whom.,Ecclesiastical schism / rigorist movement,Schism / rival church,New CK3-style expansion,Sect / schism / school,"Persecution aftermath, rival bishops, clerical legitimacy",Distinct from the later Meletian schism of Antioch; arose over treatment of lapsed Christians and unauthorized ordinations.,https://github.com/rdnovotni/gens/blob/main/docs/design/gens-religions-of-the-known-world-design.md,https://ccdl.claremont.edu/digital/collection/cce/id/1305/,https://www.ccel.org/ccel/schaff/encyc07/htm/ii.ix.lxxxv.htm,Polished / normalized,"Family, hierarchy, presentation scope, relationship model, readiness and start-date gating normalized."
donatism,Donatism,Christian,Schism,nicene-christianity,Normalized alias match: North African Latin Christianity,North African Latin Christianity,Schism from parent,Organized Sect / Church,Character/community primary affiliation,Schismatic rival,Christian monotheism,Exclusive / competitive,Transregional ecclesiastical hierarchy,Exclusive,Exclusive; Rigorist; Anti-Traditor; Regionalist,Doctrine suppression; Religious controversy,Primary religion/community state,Ready for event/light content,Tier 3 — Event/sect,311,Schism forms after Diocletianic persecution,550,Declines under imperial repression and Vandal/Byzantine changes; remnants persist,AD 236–395,N,N,N,Y,Y,N,Roman North Africa,"Africa Proconsularis, Numidia",North African Christians,Donatus and regional bishops,Carthage and North African sees,Parallel episcopal hierarchy,Exclusive Christian,High,Well attested,‘Heresy’/orthodoxy is viewpoint-dependent; event text should identify who condemns whom.,Rigorist regional schismatic church,Schism / rival church,Late-timeline extension,Sect / schism / school,"North African politics, rural support, imperial repression",Essential for any 4th–5th c. North Africa start.,https://github.com/rdnovotni/gens/blob/main/docs/design/gens-religions-of-the-known-world-design.md,https://www.worldhistory.org/Council_of_Chalcedon/,https://en.wikipedia.org/wiki/Donatism,Polished / normalized,"Family, hierarchy, presentation scope, relationship model, readiness and start-date gating normalized."
arianism,Arianism,Christian,Sect / heterodox movement,proto-orthodox-great-church-christianity,Christian chronology heuristic: Great Church milieu,Early 4th-c. eastern Christian theology,Sect / contested branch of parent,Organized Sect / Church,Character/community primary affiliation,Internal dispute / may be condemned,Christian monotheism,Exclusive / competitive,Transregional ecclesiastical hierarchy,Exclusive,Exclusive; Missionary; Christological; Imperial-Contested,Doctrine suppression; Mission/conversion; Religious controversy,Primary religion/community state,Caution — optional/contested,Tier 3 — Event/sect,318,Arius controversy c. AD 318–325,600,Persists beyond AD 565 among some Germanic kingdoms,AD 236–395,N,N,N,Y,Y,Y,Alexandria,Roman Empire; later Gothic/Vandal/Lombard kingdoms,Arian/Nicene-alternative Christians,Arius and later theologians,Alexandria; imperial courts; Germanic kingdoms,Bishops + imperial patrons depending regime,Exclusive Christian,High,Contested,Broad/legacy label; fifth–sixth-century Germanic churches are often better described as Homoian.,Trinitarian/Christological movement,Heresy / rival imperial theology,Late-timeline extension,Sect / schism / school,"Court religion, councils, Germanic conversion, civil conflict",Use “Arianism” as umbrella; Homoian/Anomoean rows refine it.,https://github.com/rdnovotni/gens/blob/main/docs/design/gens-religions-of-the-known-world-design.md,https://www.worldhistory.org/Council_of_Chalcedon/,https://en.wikipedia.org/wiki/Arianism,Polished / normalized,"Family, hierarchy, presentation scope, relationship model, readiness and start-date gating normalized."
nicene-christianity,Nicene Christianity,Christian,Religion / base tradition,proto-orthodox-great-church-christianity,Explicit alias match,Proto-Orthodox / Great Church,Related tradition,Full Faith,Household/community primary religion,Competing-exclusive,Christian monotheism,Exclusive / competitive,Transregional ecclesiastical hierarchy,Exclusive; State-Sponsored,Exclusive; State-Sponsored; Missionary; Episcopal; Creedal,Priesthood; Doctrine suppression; Mission/conversion,Primary religion/community state,Ready for content design,Tier 1 — Core,325,Council of Nicaea AD 325,451,Develops into Chalcedonian and non-Chalcedonian branches after 451,AD 236–395,N,N,N,Y,N,N,Nicaea / imperial church,Roman Empire,Nicene Christians,"Nicene bishops; Constantine as convener, not theologian head",Rome; Constantinople; Alexandria; Antioch; Jerusalem,Imperial-backed episcopal network; patriarchal sees,Exclusive Christian,High,Well attested,,Imperial creedal Christianity,Orthodox claimant / state faith,Late-timeline extension,Religion / branch,"State patronage, councils, bishop appointments, heresy law",Becomes official imperial norm under Theodosius I in late 4th c.,https://github.com/rdnovotni/gens/blob/main/docs/design/gens-religions-of-the-known-world-design.md,https://www.worldhistory.org/Council_of_Chalcedon/,https://www.worldhistory.org/Roman_Imperial_Cult/,Polished / normalized,"Family, hierarchy, presentation scope, relationship model, readiness and start-date gating normalized."
aksumite-christianity,Aksumite Christianity,Christian,Regional branch,early-christianity-jesus-movement,Normalized alias match: Early Christianity,Early Christianity,Regional expression / daughter tradition,Regional Faith,Household/community primary religion in supported regions,Competing-exclusive,Christian monotheism,Exclusive / competitive,Transregional ecclesiastical hierarchy,Exclusive; State-Sponsored,Exclusive; State-Sponsored; Episcopal; Missionary,Priesthood; Doctrine suppression; Mission/conversion,Primary religion/community state,Ready for content design,Tier 2 — Major regional,330,Royal conversion of Aksum traditionally associated with Ezana in 4th c.,,Persists beyond AD 565,AD 236–395,N,N,N,Y,Y,Y,Aksum / Ethiopia-Eritrea,Aksumite kingdom and Red Sea sphere,Aksumite Christians,Ezana; Frumentius; Alexandrian ecclesiastical ties,Aksum and regional churches,Royal church linked to Alexandrian hierarchy,Exclusive Christian,High,Well attested,,Regional royal church,Regional church,Late-timeline extension,Religion / branch,"Red Sea diplomacy, conversion, Byzantine/Persian alignment",Needed for late-game Red Sea/Arabia content.,https://github.com/rdnovotni/gens/blob/main/docs/design/gens-religions-of-the-known-world-design.md,https://github.com/rdnovotni/gens/blob/main/docs/design/gens-about.md,https://en.wikipedia.org/wiki/Christianity_in_Ethiopia,Polished / normalized,"Family, hierarchy, presentation scope, relationship model, readiness and start-date gating normalized."
georgian-iberian-christianity,Georgian / Iberian Christianity,Christian,Regional branch,nicene-christianity,Normalized alias match: Eastern Christianity,Nicene / eastern Christianity,Regional expression / daughter tradition,Regional Faith,Household/community primary religion in supported regions,Competing-exclusive,Christian monotheism,Exclusive / competitive,Transregional ecclesiastical hierarchy,Exclusive,Exclusive; Missionary; Episcopal; Scriptural,Doctrine suppression; Mission/conversion,Primary religion/community state,Ready for content design,Tier 2 — Major regional,330,Royal conversion traditionally associated with Nino in the fourth century; Christianity present earlier,,Continues beyond AD 565,AD 236–395,N,N,N,Y,Y,Y,Caucasian Iberia / Kartli,Georgia / Caucasian Iberia,Georgian/Kartvelian Christians,Nino; Georgian kings and bishops,Mtskheta and early Georgian church centers,Royal-backed bishops and local church,Exclusive,High,Well attested,,Regional apostolic church,Regional branch,Caucasus diplomacy; Armenian/Persian/Roman religious competition; literacy and translation,Religion / branch,A direct missing counterpart to Armenian Christianity for the Caucasian frontier.,https://www.cambridge.org/core/books/abs/new-cambridge-history-of-the-bible/bible-in-georgian/E769D3A2BD68C8767143F2DA7182204C,https://github.com/rdnovotni/gens/blob/main/docs/design/gens-cultures-of-the-known-world-design.md,https://www.cambridge.org/core/books/abs/cambridge-history-of-christianity/beyond-empire-i-eastern-christianities-from-the-persian-to-the-turkish-conquest-6041071/D1B53B74FE3F7C16DA22176E1AFB4E31,,Polished / normalized,"Family, hierarchy, presentation scope, relationship model, readiness and start-date gating normalized."
audianism,Audianism,Christian,Sect / heterodox movement,nicene-christianity,Normalized alias match: Nicene Christianity,Early/Nicene Christianity,Sect / contested branch of parent,Minor Sect / Event,Character/event affiliation; not default map faith,Internal dispute / may be condemned,Christian monotheism,Exclusive / competitive,Teacher / sect network,,Anthropomorphic-Theology; Quartodeciman; Ascetic-coded,Sacred calendar; Religious controversy,Character/event doctrine layer,Ready for event/light content,Tier 3 — Event/sect,340,4th-century movement associated with Audius,450,Declines as a distinct movement,AD 236–395,N,N,N,Y,N,N,Syria,"Syria, Mesopotamia, Scythian/Pontic zones",Audian Christian communities,Audius / Audaeus,Syrian and frontier communities,Founder-led sect and local communities,Exclusive Christian sect,Medium,Moderately attested,‘Heresy’ is a viewpoint-dependent gameplay label; preserve who condemned whom in event text.,Christian sect,Heresy / sect,New CK3-style expansion,Sect / schism / school,"Frontier Christianity, calendar conflict, anthropomorphism controversy",Known largely from opponents; useful as a small event-driven heterodox movement rather than a major territorial faith.,https://github.com/rdnovotni/gens/blob/main/docs/design/gens-religions-of-the-known-world-design.md,https://en.wikipedia.org/wiki/Audianism,,Polished / normalized,"Family, hierarchy, presentation scope, relationship model, readiness and start-date gating normalized."
circumcellion-movement,Circumcellion Movement,Christian,Sect / heterodox movement,nicene-christianity,Christian chronology heuristic: post-Nicaea default,Donatism,Sect / contested branch of parent,Minor Sect / Event,Character/event affiliation; not default map faith,Internal dispute / may be condemned,Christian monotheism,Exclusive / competitive,Diffuse / decentralized,Exclusive,Exclusive; Rigorist; Militant; Martyrdom-coded,Doctrine suppression; Religious controversy,Character/event doctrine layer,Ready for event/light content,Tier 3 — Event/sect,340,Movement becomes visible in fourth-century North Africa,430,"Declines with suppression, Vandal conquest and transformation of Donatism",AD 236–395,N,N,N,Y,N,N,North Africa,Numidia and rural Roman Africa,Rural North African Christians associated with Donatism,Circumcellion bands; Donatist clergy relationships vary by source,Rural North African communities,Loose bands interacting with Donatist networks,Exclusive,Medium,Moderately attested,‘Heresy’/orthodoxy is viewpoint-dependent; event text should identify who condemns whom.,Radical Donatist social-religious movement,Sect / militant movement,Rural unrest; religious violence; class tension; anti-state conflict,Sect / schism / school,Should be event/faction content rather than a clean map faith; ancient hostile sources heavily shape the picture.,https://www.cambridge.org/core/books/abs/cambridge-companion-to-the-age-of-augustine/donatists/0E1A9E1926AA1BBAC2C687F7236B63DD,https://github.com/rdnovotni/gens/blob/main/docs/design/gens-cultures-of-the-known-world-design.md,https://github.com/rdnovotni/gens/blob/main/docs/design/gens-religions-of-the-known-world-design.md,,Polished / normalized,"Family, hierarchy, presentation scope, relationship model, readiness and start-date gating normalized."
anomoeanism-eunomianism,Anomoeanism / Eunomianism,Christian,Sect / heterodox movement,arianism,Normalized alias match: Arian controversy,Arian controversy,Sect / contested branch of parent,Minor Sect / Event,Character/event affiliation; not default map faith,Internal dispute / may be condemned,Christian monotheism,Exclusive / competitive,Teacher / sect network,Exclusive,Exclusive; Christological; Rationalist-coded,Doctrine suppression; Religious controversy,Character/event doctrine layer,Ready for event/light content,Tier 3 — Event/sect,350,Mid-4th c. AD,420,Declines under anti-heretical legislation,AD 236–395,N,N,N,Y,N,N,Eastern Roman Empire,Anatolia and eastern cities,Anomoean Christians,"Aetius, Eunomius",Eastern urban centers,Teacher/bishop networks,Exclusive Christian,High,Well attested,‘Heresy’ is a viewpoint-dependent gameplay label; preserve who condemned whom in event text.,Radical non-Nicene theological school,Heresy / theological school,Late-timeline extension,Sect / schism / school,"Radical doctrinal factions, councils, exile",A sharper theological branch inside the broader Arian controversy.,https://github.com/rdnovotni/gens/blob/main/docs/design/gens-religions-of-the-known-world-design.md,https://www.worldhistory.org/Council_of_Chalcedon/,https://en.wikipedia.org/wiki/Anomoeanism,Polished / normalized,"Family, hierarchy, presentation scope, relationship model, readiness and start-date gating normalized."
gothic-arian-homoian-christianity,Gothic Arian / Homoian Christianity,Christian,Regional branch,homoian-christianity,Normalized alias match: Homoian Christianity,Homoian Christianity,Regional expression / daughter tradition,Regional Faith,Household/community primary religion in supported regions,Competing-exclusive,Christian monotheism,Exclusive / competitive,Transregional ecclesiastical hierarchy,Exclusive,Exclusive; Missionary; Homoian; Martial-Polity,Doctrine suppression; Military affinity; Mission/conversion,Primary religion/community state,Ready for content design,Tier 2 — Major regional,350,Gothic conversion associated especially with Ulfilas in 4th c.,600,Persists beyond AD 565 among some Germanic peoples,AD 236–395,N,N,N,Y,Y,Y,Danube / Gothic world,Gothic kingdoms and migrations,Goths,Ulfilas/Wulfila; Gothic Bible,Gothic royal/episcopal centers,Bishops under kings,Exclusive Christian,High,Well attested,‘Arian’ is often too broad for late-antique Germanic Homoian churches; prefer the more precise label where possible.,Ethnic-regional Christian church tradition,Regional branch,Late-timeline extension,Religion / branch,"Conversion of tribes, Roman diplomacy, kingdom legitimacy",Useful child branch of Homoian Christianity for culture-religion interaction.,https://github.com/rdnovotni/gens/blob/main/docs/design/gens-religions-of-the-known-world-design.md,https://www.worldhistory.org/Council_of_Chalcedon/,https://en.wikipedia.org/wiki/Ulfilas,Polished / normalized,"Family, hierarchy, presentation scope, relationship model, readiness and start-date gating normalized."
homoian-christianity,Homoian Christianity,Christian,Sect / heterodox movement,nicene-christianity,Normalized alias match: Nicene Christianity,Arian / non-Nicene Christianity,Sect / contested branch of parent,Organized Sect / Church,Character/community primary affiliation,Internal dispute / may be condemned,Christian monotheism,Exclusive / competitive,Transregional ecclesiastical hierarchy,Exclusive,Exclusive; Christological; Missionary; Imperial-Contested,Doctrine suppression; Mission/conversion; Religious controversy,Primary religion/community state,Caution — optional/contested,Tier 3 — Event/sect,350,Prominent under Constantius II and later Gothic missions,600,Persists among Germanic kingdoms beyond game end,AD 236–395,N,N,N,Y,Y,Y,Eastern Roman / Gothic mission networks,"Danubian frontier, Gothic and Vandal kingdoms",Homoian Christians,Ulfilas/Wulfila among Goths; imperial bishops,Germanic royal churches; eastern sees,Episcopal networks under rulers,Exclusive Christian,High,Contested,‘Heresy’ is a viewpoint-dependent gameplay label; preserve who condemned whom in event text.,Non-Nicene creedal stream,Heresy / imperial creed,Late-timeline extension,Sect / schism / school,"Gothic/Vandal religion, court conversion, diplomacy",Often more historically useful for Germanic Christianity than generic “Arianism.”,https://github.com/rdnovotni/gens/blob/main/docs/design/gens-religions-of-the-known-world-design.md,https://www.worldhistory.org/Council_of_Chalcedon/,https://en.wikipedia.org/wiki/Homoian,Polished / normalized,"Family, hierarchy, presentation scope, relationship model, readiness and start-date gating normalized."
homoiousian-christianity,Homoiousian Christianity,Christian,Sect / heterodox movement,arianism,Normalized alias match: Arian controversy,Arian controversy / eastern episcopal coalitions,Sect / contested branch of parent,Organized Sect / Church,Character/community primary affiliation,Internal dispute / may be condemned,Christian monotheism,Exclusive / competitive,Transregional ecclesiastical hierarchy,Exclusive,Exclusive; Episcopal; Creed-Politics,Doctrine suppression; Religious controversy,Primary religion/community state,Ready for event/light content,Tier 3 — Event/sect,350,Homoiousian ('similar in substance') coalition becomes prominent in the mid-fourth century,381,Absorbed/reconfigured after the Nicene settlement of Constantinople,AD 236–395,N,N,N,N,N,N,Eastern Roman Empire,Balkans and eastern provinces,Moderate anti-Nicene / anti-Anomoean bishops,Basil of Ancyra and allied bishops,Eastern synods and episcopal sees,Episcopal coalition,Exclusive,High,Well attested,‘Heresy’/orthodoxy is viewpoint-dependent; event text should identify who condemns whom.,Fourth-century Christological coalition,Theological branch,Imperial creed politics; synods; bishops; bridge between Nicene and Homoian factions,Sect / schism / school,Useful to avoid presenting the fourth-century controversy as a simple Nicene-vs-Arian binary.,https://www.cambridge.org/core/books/abs/arianism/entrylevel-christianity/4C4C797809F8ABB9EE7E6AD90B0844FD,https://github.com/rdnovotni/gens/blob/main/docs/design/gens-cultures-of-the-known-world-design.md,https://www.cambridge.org/core/books/arianism/introduction-what-was-arianism/2246CC3799F5C45A55B6C1CAD6F65C64,,Polished / normalized,"Family, hierarchy, presentation scope, relationship model, readiness and start-date gating normalized."
apollinarianism,Apollinarianism,Christian,Sect / heterodox movement,nicene-christianity,Normalized alias match: Nicene Christianity,Nicene Christianity,Sect / contested branch of parent,Minor Sect / Event,Character/event affiliation; not default map faith,Internal dispute / may be condemned,Christian monotheism,Exclusive / competitive,Teacher / sect network,Exclusive,Exclusive; Christological,Doctrine suppression; Religious controversy,Character/event doctrine layer,Ready for event/light content,Tier 3 — Event/sect,360,Apollinaris of Laodicea active mid-late 4th c.,400,Condemned in late 4th c.; influence continues indirectly,AD 236–395,N,N,N,Y,N,N,Syria,Eastern Roman Empire,Christian theological circles,Apollinaris of Laodicea,Laodicea and eastern sees,Teacher/bishop network,Exclusive Christian,High,Well attested,Broad/legacy label; fifth–sixth-century Germanic churches are often better described as Homoian.,Christological theological school,Heresy / theological school,Late-timeline extension,Sect / schism / school,"Christology debate, council politics",A precursor controversy to 5th-c. Christological disputes.,https://github.com/rdnovotni/gens/blob/main/docs/design/gens-religions-of-the-known-world-design.md,https://www.worldhistory.org/Council_of_Chalcedon/,https://en.wikipedia.org/wiki/Apollinarism,Polished / normalized,"Family, hierarchy, presentation scope, relationship model, readiness and start-date gating normalized."
messalianism-euchites,Messalianism / Euchites,Christian,Sect / heterodox movement,nicene-christianity,Christian chronology heuristic: post-Nicaea default,Eastern ascetic Christianity,Sect / contested branch of parent,Minor Sect / Event,Character/event affiliation; not default map faith,Internal dispute / may be condemned,Christian monotheism,Exclusive / competitive,Diffuse / decentralized,Exclusive,Exclusive; Ascetic; Charismatic; Prayer-Centered,Doctrine suppression; Monastic institutions; Religious controversy,Character/event doctrine layer,Ready for event/light content,Tier 3 — Event/sect,360,Appears in 4th c. Syria/Mesopotamia,550,Condemned repeatedly; communities/accusations persist,AD 236–395,N,N,N,Y,Y,N,Syria / Mesopotamia,Eastern Roman and Mesopotamian Christian zones,Ascetic communities,No single secure founder,Distributed monastic communities,Charismatic/ascetic leaders,Exclusive Christian,Medium,Moderately attested,‘Heresy’ is a viewpoint-dependent gameplay label; preserve who condemned whom in event text.,Charismatic ascetic movement,Heresy / ascetic sect,Late-timeline extension,Sect / schism / school,"Monastic suspicion, charisma, heresy trials",Sources are polemical; actual beliefs may vary across groups labeled Messalian.,https://github.com/rdnovotni/gens/blob/main/docs/design/gens-religions-of-the-known-world-design.md,https://github.com/rdnovotni/gens/blob/main/docs/design/gens-religions-of-the-known-world-design.md,https://en.wikipedia.org/wiki/Euchites,Polished / normalized,"Family, hierarchy, presentation scope, relationship model, readiness and start-date gating normalized."
pneumatomachians-macedonians,Pneumatomachians / Macedonians,Christian,Sect / heterodox movement,arianism,Normalized alias match: Post-Nicene anti-Nicene currents,Post-Nicene anti-Nicene currents,Sect / contested branch of parent,Minor Sect / Event,Character/event affiliation; not default map faith,Internal dispute / may be condemned,Christian monotheism,Exclusive / competitive,Diffuse / decentralized,Exclusive,Exclusive; Trinitarian-Debate,Doctrine suppression; Religious controversy,Character/event doctrine layer,Ready for event/light content,Tier 3 — Event/sect,360,Prominent in later 4th c.,400,Condemned at Constantinople 381; declines,AD 236–395,N,N,N,Y,N,N,Eastern Roman Empire,Eastern Mediterranean,Christian theological factions,Macedonius I name associated; label is retrospective,Eastern sees,Bishop/theologian networks,Exclusive Christian,High,Well attested,‘Heresy’ is a viewpoint-dependent gameplay label; preserve who condemned whom in event text.,Trinitarian theological movement,Heresy / theological school,Late-timeline extension,Sect / schism / school,"Council of Constantinople, Holy Spirit theology",Useful 4th-c. council faction.,https://github.com/rdnovotni/gens/blob/main/docs/design/gens-religions-of-the-known-world-design.md,https://www.worldhistory.org/Council_of_Chalcedon/,https://en.wikipedia.org/wiki/Pneumatomachi,Polished / normalized,"Family, hierarchy, presentation scope, relationship model, readiness and start-date gating normalized."
meletian-schism-antioch,Meletian Schism (Antioch),Christian,Schism,nicene-christianity,Normalized alias match: Nicene Christianity,Nicene Christianity,Schism from parent,Organized Sect / Church,Character/community primary affiliation,Schismatic rival,Christian monotheism,Exclusive / competitive,Transregional ecclesiastical hierarchy,,Nicene; Episcopal-Rivalry; Schismatic,Religious controversy,Primary religion/community state,Ready for event/light content,Tier 3 — Event/sect,361,Begins amid the Antiochene Arian/Nicene crisis,415,Reconciliation of the principal Nicene lines,AD 236–395,N,N,N,Y,N,N,Antioch,Antioch and eastern Roman church politics,Nicene Christians of Antioch,Meletius of Antioch; Paulinus; Eustathian party,Antioch,Competing episcopal claimants,Exclusive Christian church,High,Well attested,‘Heresy’/orthodoxy is viewpoint-dependent; event text should identify who condemns whom.,Episcopal schism,Schism,New CK3-style expansion,Sect / schism / school,"Rival bishops, imperial patronage, church legitimacy","A schism among broadly Nicene Christians rather than a clean doctrinal 'heresy,' useful for CK3-style church politics.",https://github.com/rdnovotni/gens/blob/main/docs/design/gens-religions-of-the-known-world-design.md,https://ccel.org/ccel/schaff/hcc3/hcc3.iii.ix.vi.html,,Polished / normalized,"Family, hierarchy, presentation scope, relationship model, readiness and start-date gating normalized."
luciferian-schism,Luciferian Schism,Christian,Schism,nicene-christianity,Normalized alias match: Nicene Christianity,Nicene Christianity,Schism from parent,Organized Sect / Church,Character/community primary affiliation,Schismatic rival,Christian monotheism,Exclusive / competitive,Transregional ecclesiastical hierarchy,,Nicene; Rigorist; Anti-Reconciliation,Religious controversy,Primary religion/community state,Ready for event/light content,Tier 3 — Event/sect,362,Forms after the post-Constantius reconciliation debates,410,Small movement disappears by the early 5th century,AD 236–395,N,N,N,Y,N,N,Sardinia / Antioch,"Sardinia, Rome, Spain, Egypt, Palestine",Rigorist Nicene Christians,Lucifer of Cagliari,Cagliari and scattered communities,Small rival episcopal/clerical network,Exclusive Christian schism,High,Well attested,‘Heresy’/orthodoxy is viewpoint-dependent; event text should identify who condemns whom.,Rigorist schism,Schism / rigorist sect,New CK3-style expansion,Sect / schism / school,"Post-Arian reconciliation, clerical legitimacy, hardline piety",Followers rejected easy readmission of clergy who had compromised with Arian regimes.,https://github.com/rdnovotni/gens/blob/main/docs/design/gens-religions-of-the-known-world-design.md,https://www.treccani.it/enciclopedia/lucifero-di-cagliari/,https://www.encyclopedia.com/religion/encyclopedias-almanacs-transcripts-and-maps/lucifer-cagliari,Polished / normalized,"Family, hierarchy, presentation scope, relationship model, readiness and start-date gating normalized."
priscillianism,Priscillianism,Christian,Sect / heterodox movement,nicene-christianity,Christian chronology heuristic: post-Nicaea default,Latin ascetic Christianity,Sect / contested branch of parent,Minor Sect / Event,Character/event affiliation; not default map faith,Internal dispute / may be condemned,Christian monotheism,Exclusive / competitive,Teacher / sect network,Exclusive,Exclusive; Ascetic; Esoteric-coded; Regional,Doctrine suppression; Religious controversy,Character/event doctrine layer,Ready for event/light content,Tier 3 — Event/sect,370,Emerges in Hispania late 4th c.,550,Survives in parts of Iberia into 6th c.,AD 236–395,N,N,N,Y,Y,N,Hispania,Iberian Peninsula and Gaul,Ascetic Christian communities,Priscillian,Iberian communities,Teacher/bishop networks,Exclusive Christian,High,Well attested,‘Heresy’ is a viewpoint-dependent gameplay label; preserve who condemned whom in event text.,Ascetic Christian movement,Heresy / regional movement,Late-timeline extension,Sect / schism / school,"Iberian religious politics, ascetic networks, execution/scandal",Especially relevant for late Hispania starts.,https://github.com/rdnovotni/gens/blob/main/docs/design/gens-religions-of-the-known-world-design.md,https://github.com/rdnovotni/gens/blob/main/docs/design/gens-religions-of-the-known-world-design.md,https://en.wikipedia.org/wiki/Priscillianism,Polished / normalized,"Family, hierarchy, presentation scope, relationship model, readiness and start-date gating normalized."
visigothic-homoian-christianity,Visigothic Homoian Christianity,Christian,Regional branch,homoian-christianity,Normalized alias match: Homoian Christianity,Homoian Christianity,Regional expression / daughter tradition,Regional Faith,Household/community primary religion in supported regions,Competing-exclusive,Christian monotheism,Exclusive / competitive,Transregional ecclesiastical hierarchy,Exclusive; State-Sponsored,Exclusive; Homoian; State-Sponsored; Germanic-coded,Priesthood; Doctrine suppression,Primary religion/community state,Ready for content design,Tier 2 — Major regional,376,Homoian Christianity spreads among Goths in the later fourth century,,Still active in Visigothic Hispania at AD 565; royal conversion to Nicene Christianity occurs after the game horizon (589),AD 236–395,N,N,N,Y,Y,Y,Danube / Visigothic kingdoms,Gaul then Hispania,Visigoths and some associated communities,Ulfilas/Ulfila; Visigothic bishops and kings,Visigothic royal and episcopal centers,Parallel royal-backed episcopal church,Exclusive,High,Well attested,,Germanic successor-kingdom church,Regional/state branch,Separate church institutions; ethnic politics; conflict/coexistence with Nicene subjects,Religion / branch,Prefer 'Homoian' over casually calling the whole tradition 'Arian'; the distinction matters for a polished catalog.,https://www.cambridge.org/core/books/abs/arianism/barbarian-homoianism-in-the-fifth-and-sixth-centuries/F2FDE04E1A3DB7FDD87082D4A5C2388F,https://github.com/rdnovotni/gens/blob/main/docs/design/gens-cultures-of-the-known-world-design.md,https://assets.cambridge.org/97805218/37491/excerpt/9780521837491_excerpt.htm,,Polished / normalized,"Family, hierarchy, presentation scope, relationship model, readiness and start-date gating normalized."
early-irish-christianity,Early Irish Christianity,Christian,Regional branch,nicene-christianity,Normalized alias match: Latin Christianity,Nicene / Latin Christianity,Regional expression / daughter tradition,Regional Faith,Household/community primary religion in supported regions,Competing-exclusive,Christian monotheism,Exclusive / competitive,Transregional ecclesiastical hierarchy,Exclusive; Charitable/Communal,Exclusive; Charitable/Communal; Missionary; Monastic,Doctrine suppression; Charity/communal policy; Monastic institutions; Mission/conversion,Primary religion/community state,Ready for content design,Tier 2 — Major regional,400,Christian presence by the early fifth century; Palladius sent in AD 431,,Continues beyond AD 565,AD 396–476,N,N,N,N,Y,Y,Ireland,Ireland and Irish monastic networks,Irish Christians,Palladius; Patrick; early bishops and monastic founders,Armagh; early episcopal and monastic centers,Bishops and increasingly powerful monastic networks,Exclusive,High,Well attested,,Regional Christian church,Regional branch,Conversion chain; missionary travel; literacy; monasteries; links with Britain and Gaul,Religion / branch,"Christianity existed in Ireland before Patrick. Christianization was gradual, not a single conversion event.",https://www.cambridge.org/core/books/abs/early-christian-ireland/conversion-to-christianity/16EDC92C84F0F621578297FD2C2BAFC6,https://github.com/rdnovotni/gens/blob/main/docs/design/gens-cultures-of-the-known-world-design.md,https://www.cambridge.org/core/books/abs/cross-goes-north/landscape-converted-archaeology-and-early-church-organisation-on-iveragh-and-dingle-ireland/17FAC2278C7676320878A566ADF90BD0,,Polished / normalized,"Family, hierarchy, presentation scope, relationship model, readiness and start-date gating normalized."
lakhmid-domain-east-syriac-christianity,Lakhmid-Domain East Syriac Christianity,Christian,Regional branch,church-of-the-east-east-syriac-dyophysite-tradition,Normalized alias match: Church of the East,Church of the East,Regional expression / daughter tradition,Regional Faith,Household/community primary religion in supported regions,Competing-exclusive,Christian monotheism,Exclusive / competitive,Transregional ecclesiastical hierarchy,Exclusive,Exclusive; East-Syriac; Monastic; Frontier,Doctrine suppression; Monastic institutions,Primary religion/community state,Ready for content design,Tier 2 — Major regional,400,East Syriac Christian communities become important in the Persian-Arabian frontier world,,Continues beyond AD 565,AD 396–476,N,N,N,N,Y,Y,Hira / lower Mesopotamia,"Lakhmid/Nasrid domains, lower Mesopotamia and Arabian frontier",Arab Christians; East Syriac communities,"East Syriac bishops, monks and Christian tribal communities",Hira and Mesopotamian church centers,Church of the East hierarchy plus local communities,Exclusive,Medium–High,Moderately attested,,Arabian/Persian frontier Christianity,Regional branch,Persian diplomacy; tribal conversion; monasteries; Arabian frontier networks,Religion / branch,Do not model the Lakhmid kingdom itself as uniformly Christian in this period; model Christian communities and elites within its sphere.,https://www.cambridge.org/core/books/abs/preislamic-arabia/an-introduction-to-the-study-of-preislamic-arabia/1ECAF2010D2CA3D38EE1E281EF6ED009,https://github.com/rdnovotni/gens/blob/main/docs/design/gens-cultures-of-the-known-world-design.md,https://www.cambridge.org/core/books/abs/cambridge-history-of-christianity/beyond-empire-i-eastern-christianities-from-the-persian-to-the-turkish-conquest-6041071/D1B53B74FE3F7C16DA22176E1AFB4E31,,Polished / normalized,"Family, hierarchy, presentation scope, relationship model, readiness and start-date gating normalized."
pelagianism,Pelagianism,Christian,Sect / heterodox movement,nicene-christianity,Normalized alias match: Latin Christianity,Latin Christianity,Sect / contested branch of parent,Minor Sect / Event,Character/event affiliation; not default map faith,Internal dispute / may be condemned,Christian monotheism,Exclusive / competitive,Teacher / sect network,Exclusive,Exclusive; Ascetic; Free-Will Emphasis,Doctrine suppression; Religious controversy,Character/event doctrine layer,Ready for event/light content,Tier 3 — Event/sect,400,Pelagius active around AD 400–420,450,Condemned in 5th c.; ideas continue in debates,AD 396–476,N,N,N,N,N,N,Rome / Britain / North Africa debates,Western Roman world,Latin Christians,Pelagius,No single holy site,Teacher/bishop networks,Exclusive Christian,High,Well attested,‘Heresy’ is a viewpoint-dependent gameplay label; preserve who condemned whom in event text.,Soteriological/moral theological movement,Heresy / theological school,Late-timeline extension,Sect / schism / school,"Moral rigor, Augustine controversy, councils","A theological movement, not a separate territorial church.",https://github.com/rdnovotni/gens/blob/main/docs/design/gens-religions-of-the-known-world-design.md,https://www.worldhistory.org/Council_of_Chalcedon/,https://en.wikipedia.org/wiki/Pelagianism,Polished / normalized,"Family, hierarchy, presentation scope, relationship model, readiness and start-date gating normalized."
semi-pelagianism-later-label,Semi-Pelagianism (later label),Christian,Sect / heterodox movement,nicene-christianity,Christian chronology heuristic: post-Nicaea default,Latin monastic Christianity,Sect / contested branch of parent,Minor Sect / Event,Character/event affiliation; not default map faith,Internal dispute / may be condemned,Christian monotheism,Exclusive / competitive,Monastic network,Exclusive,Exclusive; Monastic; Free-Will/Grace Debate,Doctrine suppression; Monastic institutions; Religious controversy,Character/event doctrine layer,Ready for event/light content,Tier 3 — Event/sect,425,5th c. debates in southern Gaul; label coined later,529,Council of Orange AD 529 becomes key later condemnation marker,AD 396–476,N,N,N,N,Y,N,Southern Gaul,Gaul and western monastic circles,Latin monks/theologians,John Cassian often associated cautiously; later retrospective label,Marseille/Lérins networks,Monastic/teacher networks,Exclusive Christian,Medium,Moderately attested,‘Heresy’ is a viewpoint-dependent gameplay label; preserve who condemned whom in event text.,Soteriological theological tendency,Heresy label / school,Late-timeline extension,Sect / schism / school,"Monastic debates, grace/free will, Gallic church politics",Use label cautiously because “Semi-Pelagian” is retrospective.,https://github.com/rdnovotni/gens/blob/main/docs/design/gens-religions-of-the-known-world-design.md,https://www.worldhistory.org/Council_of_Chalcedon/,https://en.wikipedia.org/wiki/Semipelagianism,Polished / normalized,"Family, hierarchy, presentation scope, relationship model, readiness and start-date gating normalized."
nestorianism-controversy-label,Nestorianism (controversy / label),Christian,Sect / heterodox movement,church-of-the-east-east-syriac-dyophysite-tradition,Christian branch heuristic: East Syriac,Antiochene theological tradition,Sect / contested branch of parent,Organized Sect / Church,Character/community primary affiliation,Internal dispute / may be condemned,Christian monotheism,Exclusive / competitive,Transregional ecclesiastical hierarchy,,Dyophysite-coded; Antiochene; Episcopal; Scriptural,Religious controversy,Primary religion/community state,Ready for event/light content,Tier 3 — Event/sect,428,Nestorius becomes patriarch of Constantinople in AD 428,,Continues beyond AD 565 in communities associated with the Church of the East,AD 396–476,N,N,N,N,Y,Y,Constantinople / Antiochene theological world,"Eastern Roman Empire, Mesopotamia, Sasanian Persia",Followers of Antiochene dyophysite theology; later Church of the East communities,Nestorius; Theodore of Mopsuestia; Cyril of Alexandria,Constantinople; Edessa; Nisibis; Seleucia-Ctesiphon,Bishops/schools; later Church of the East hierarchy,Exclusive Christian tradition,High,Well attested,Opponent/retrospective label; do not use as a synonym for the whole Church of the East.,Christological school / heresy label,Heresy label / rival orthodoxy,New CK3-style expansion,Sect / schism / school,"Council of Ephesus, imperial condemnation, Persian refuge, rival church formation",Keep this separate from the Church of the East row: modern scholarship warns that labeling the entire Church of the East 'Nestorian' is imprecise.,https://github.com/rdnovotni/gens/blob/main/docs/design/gens-religions-of-the-known-world-design.md,https://www.encyclopedia.com/philosophy-and-religion/christianity/christianity-general/nestorianism,https://www.encyclopedia.com/philosophy-and-religion/christianity/christianity-general/nestorian-church,Polished / normalized,"Family, hierarchy, presentation scope, relationship model, readiness and start-date gating normalized."
vandal-arian-homoian-christianity,Vandal Arian / Homoian Christianity,Christian,Regional branch,homoian-christianity,Normalized alias match: Homoian Christianity,Homoian Christianity,Regional expression / daughter tradition,Regional Faith,Household/community primary religion in supported regions,Competing-exclusive,Christian monotheism,Exclusive / competitive,Transregional ecclesiastical hierarchy,Exclusive; State-Sponsored,Exclusive; Homoian; State-Sponsored; Regional-Church,Priesthood; Doctrine suppression; Persecution/proscription,Primary religion/community state,Ready for content design,Tier 2 — Major regional,429,Vandal kingdom established in North Africa AD 429–439 with Homoian/Arian royal church,534,Ends as state church after Byzantine reconquest AD 534,AD 396–476,N,N,N,N,Y,N,North Africa,Vandal Kingdom,Vandals and some allied groups,Vandal kings and Arian bishops,Carthage under Vandal rule,Royal-supported bishops,Exclusive Christian,High,Well attested,‘Arian’ is often too broad for late-antique Germanic Homoian churches; prefer the more precise label where possible.,Royal/regional Christian tradition,Regional branch,Late-timeline extension,Religion / branch,"Confessional rule, Nicene persecution/tolerance shifts, reconquest",Distinct gameplay state religion even though theology overlaps Gothic Homoianism.,https://github.com/rdnovotni/gens/blob/main/docs/design/gens-religions-of-the-known-world-design.md,https://www.worldhistory.org/Council_of_Chalcedon/,https://en.wikipedia.org/wiki/Vandal_Kingdom,Polished / normalized,"Family, hierarchy, presentation scope, relationship model, readiness and start-date gating normalized."
burgundian-homoian-christianity,Burgundian Homoian Christianity,Christian,Regional branch,homoian-christianity,Normalized alias match: Homoian Christianity,Homoian Christianity,Regional expression / daughter tradition,Regional Faith,Household/community primary religion in supported regions,Competing-exclusive,Christian monotheism,Exclusive / competitive,State / civic institution,Exclusive; State-Sponsored,Exclusive; Homoian; State-Sponsored,Priesthood; Doctrine suppression,Primary religion/community state,Ready for content design,Tier 2 — Major regional,430,Homoian Christianity associated with Burgundian ruling elites in the fifth century,516,King Sigismund's Nicene conversion shifts royal patronage,AD 396–476,N,N,N,N,Y,N,Burgundy / eastern Gaul,Burgundian kingdom,Burgundian elites and followers,Burgundian kings before Sigismund,Burgundian royal centers,Royal-backed church networks,Exclusive,High,Well attested,,Germanic successor-kingdom church,Regional/state branch,Dynastic conversion; Frankish diplomacy; coexistence with Nicene subjects,Religion / branch,Part of the broader barbarian Homoian network of the fifth–sixth centuries.,https://www.cambridge.org/core/books/abs/arianism/barbarian-homoianism-in-the-fifth-and-sixth-centuries/F2FDE04E1A3DB7FDD87082D4A5C2388F,https://github.com/rdnovotni/gens/blob/main/docs/design/gens-cultures-of-the-known-world-design.md,https://www.cambridge.org/core/books/abs/conversion-and-the-contest-of-creeds-in-early-medieval-christianity/converting-the-kings/163C3F70F9E605A9D41B6EA1DABFB49A,,Polished / normalized,"Family, hierarchy, presentation scope, relationship model, readiness and start-date gating normalized."
church-of-the-east-east-syriac-dyophysite-tradition,Church of the East (East Syriac Dyophysite Tradition),Christian,Regional branch,proto-orthodox-great-church-christianity,Normalized alias match: Syriac Christianity,East Syriac Christianity,Regional expression / daughter tradition,Regional Faith,Household/community primary religion in supported regions,Competing-exclusive,Christian monotheism,Exclusive / competitive,Transregional ecclesiastical hierarchy,Exclusive,Exclusive; Missionary; Episcopal; Dyophysite; Persian-Aligned,Doctrine suppression; Mission/conversion,Primary religion/community state,Ready for content design,Tier 2 — Major regional,431,Separation accelerates after Ephesus 431; Persian church formalizes autonomy and dyophysite theology in 5th c.,,Persists beyond AD 565,AD 396–476,N,N,N,N,Y,Y,Sasanian Mesopotamia,"Mesopotamia, Persia, later Central Asia/India",East Syriac Christians,Nestorius influential in western labeling; Theodore of Mopsuestia especially important intellectually,Seleucia-Ctesiphon and East Syriac sees,Catholicos-patriarch and bishops,Exclusive Christian,High,Well attested,Do not equate the Church of the East simplistically with 'Nestorianism'; the label is historically imprecise.,Distinct eastern church tradition,Independent church / rival orthodoxy,Late-timeline extension,Religion / branch,"Roman-Persian diplomacy, missionary routes, minority church politics",Avoid simply calling the whole Church of the East “Nestorian”; that label is polemical and imprecise.,https://github.com/rdnovotni/gens/blob/main/docs/design/gens-religions-of-the-known-world-design.md,https://www.worldhistory.org/Council_of_Chalcedon/,https://en.wikipedia.org/wiki/Church_of_the_East,Polished / normalized,"Family, hierarchy, presentation scope, relationship model, readiness and start-date gating normalized."
eutychian-monophysitism,Eutychian Monophysitism,Christian,Sect / heterodox movement,miaphysite-christianity,Christian branch heuristic: Miaphysite family,Late Nicene Christological controversy,Sect / contested branch of parent,Minor Sect / Event,Character/event affiliation; not default map faith,Internal dispute / may be condemned,Christian monotheism,Exclusive / competitive,Monastic network,Exclusive,Exclusive; Christological; Monophysite,Doctrine suppression; Religious controversy,Character/event doctrine layer,Ready for event/light content,Tier 3 — Event/sect,448,Eutyches controversy c. AD 448–451,500,As a distinct position marginalized; label often misapplied to Miaphysites,AD 396–476,N,N,N,N,Y,N,Constantinople,Eastern Roman theological circles,Followers/accused followers of Eutyches,Eutyches,Constantinople,Teacher/monastic networks,Exclusive Christian,Medium–High,Moderately attested,‘Heresy’ is a viewpoint-dependent gameplay label; preserve who condemned whom in event text.,Christological theological school,Heresy / theological school,Late-timeline extension,Sect / schism / school,Council of Chalcedon factionalism,Keep separate from mainstream Oriental Orthodox Miaphysite positions.,https://github.com/rdnovotni/gens/blob/main/docs/design/gens-religions-of-the-known-world-design.md,https://www.worldhistory.org/Council_of_Chalcedon/,https://en.wikipedia.org/wiki/Eutychianism,Polished / normalized,"Family, hierarchy, presentation scope, relationship model, readiness and start-date gating normalized."
chalcedonian-christianity,Chalcedonian Christianity,Christian,Religion / base tradition,nicene-christianity,Explicit alias match,Nicene Christianity,Related tradition,Full Faith,Household/community primary religion,Competing-exclusive,Christian monotheism,Exclusive / competitive,Transregional ecclesiastical hierarchy,Exclusive; State-Sponsored,Exclusive; State-Sponsored; Episcopal; Creedal; Dyophysite,Priesthood; Doctrine suppression,Primary religion/community state,Ready for content design,Tier 1 — Core,451,Council of Chalcedon AD 451,,Persists beyond AD 565,AD 396–476,N,N,N,N,Y,Y,Chalcedon / Constantinople,Byzantine Empire and western post-Roman churches,Chalcedonian Christians,Council of Chalcedon; major patriarchates,Rome; Constantinople; Jerusalem; Antioch (contested); Alexandria (contested),Patriarchal/episcopal network with imperial involvement,Exclusive Christian,High,Well attested,,Imperial dyophysite creedal Christianity,Orthodox claimant / state faith,Late-timeline extension,Religion / branch,"Imperial orthodoxy, patriarch politics, anti-Miaphysite conflict",Critical for 451–565; should replace generic “early Christianity” in late starts.,https://github.com/rdnovotni/gens/blob/main/docs/design/gens-religions-of-the-known-world-design.md,https://www.worldhistory.org/Council_of_Chalcedon/,https://en.wikipedia.org/wiki/Chalcedonian_Christianity,Polished / normalized,"Family, hierarchy, presentation scope, relationship model, readiness and start-date gating normalized."
coptic-non-chalcedonian-christianity,Coptic Non-Chalcedonian Christianity,Christian,Regional branch,miaphysite-christianity,Normalized alias match: Miaphysite Christianity,Miaphysite Christianity,Regional expression / daughter tradition,Regional Faith,Household/community primary religion in supported regions,Competing-exclusive,Christian monotheism,Exclusive / competitive,Transregional ecclesiastical hierarchy,Exclusive,Exclusive; Episcopal; Miaphysite; Regional-Church,Doctrine suppression; Persecution/proscription; Monastic institutions,Primary religion/community state,Ready for content design,Tier 2 — Major regional,451,Egyptian anti-Chalcedonian church crystallizes after AD 451,,Persists beyond AD 565,AD 396–476,N,N,N,N,Y,Y,Egypt,Egypt,Egyptian Christians,Cyril of Alexandria legacy; Coptic patriarchal line,Alexandria; Egyptian monasteries,Patriarch and bishops,Exclusive Christian,High,Well attested,,Regional apostolic church,Independent church / rival orthodoxy,Late-timeline extension,Religion / branch,"Egyptian identity, imperial persecution, monastic networks",Distinguish community identity from the polemical “Monophysite” label.,https://github.com/rdnovotni/gens/blob/main/docs/design/gens-religions-of-the-known-world-design.md,https://www.worldhistory.org/Council_of_Chalcedon/,https://en.wikipedia.org/wiki/Coptic_Orthodox_Church,Polished / normalized,"Family, hierarchy, presentation scope, relationship model, readiness and start-date gating normalized."
miaphysite-christianity,Miaphysite Christianity,Christian,Religion / base tradition,nicene-christianity,Explicit alias match,Nicene Christianity,Related tradition,Full Faith,Household/community primary religion,Competing-exclusive,Christian monotheism,Exclusive / competitive,Transregional ecclesiastical hierarchy,Exclusive,Exclusive; Episcopal; Miaphysite; Anti-Chalcedonian,Doctrine suppression; Persecution/proscription,Primary religion/community state,Ready for content design,Tier 1 — Core,451,Rejects/does not receive Chalcedon after AD 451,,Persists beyond AD 565,AD 396–476,N,N,N,N,Y,Y,Egypt / Syria / Armenia,"Egypt, Syria, Armenia and allied communities","Coptic, Syriac, Armenian and other non-Chalcedonian Christians",Cyrillian theological tradition,Alexandria; major Syrian/Armenian sees,Regional patriarchal/episcopal networks,Exclusive Christian,High,Well attested,,Non-Chalcedonian Christological tradition,Rival orthodoxy,Late-timeline extension,Religion / branch,"Regional identity, imperial persecution, patriarchal schism",Do not equate Miaphysitism with Eutychian “Monophysitism.”,https://github.com/rdnovotni/gens/blob/main/docs/design/gens-religions-of-the-known-world-design.md,https://www.worldhistory.org/Council_of_Chalcedon/,https://en.wikipedia.org/wiki/Miaphysitism,Polished / normalized,"Family, hierarchy, presentation scope, relationship model, readiness and start-date gating normalized."
suevic-homoian-christianity,Suevic Homoian Christianity,Christian,Regional branch,homoian-christianity,Normalized alias match: Homoian Christianity,Homoian Christianity,Regional expression / daughter tradition,Regional Faith,Household/community primary religion in supported regions,Competing-exclusive,Christian monotheism,Exclusive / competitive,State / civic institution,Exclusive; State-Sponsored,Exclusive; Homoian; State-Sponsored,Priesthood; Doctrine suppression,Primary religion/community state,Ready for content design,Tier 2 — Major regional,465,Suevic rulers adopt Homoian/Arian Christianity in the later fifth century,560,Royal conversion toward Nicene Christianity occurs by the mid-sixth century,AD 396–476,N,N,N,N,Y,N,Gallaecia / northwest Hispania,Suevic kingdom,Suevi and Hispano-Romans,Suevic kings and clergy,Gallaecian royal/church centers,Royal-backed church networks,Exclusive,Medium–High,Moderately attested,,Germanic successor-kingdom church,Regional/state branch,Iberian late-game kingdom; conversion diplomacy; Nicene/Homoian competition,Religion / branch,A useful regional branch because Gens' extended timeline reaches the Suevic kingdom before its later absorption by Visigoths.,https://www.cambridge.org/core/books/abs/arianism/barbarian-homoianism-in-the-fifth-and-sixth-centuries/F2FDE04E1A3DB7FDD87082D4A5C2388F,https://github.com/rdnovotni/gens/blob/main/docs/design/gens-cultures-of-the-known-world-design.md,https://www.cambridge.org/core/books/abs/shifting-ethnic-identities-in-spain-and-gaul-500700/arians-to-catholics/A422632FC6162B2DCDF440D011CDE976,,Polished / normalized,"Family, hierarchy, presentation scope, relationship model, readiness and start-date gating normalized."
acephali,Acephali,Christian,Schism,miaphysite-christianity,Normalized alias match: Miaphysite Christianity,Miaphysite Christianity,Schism from parent,Organized Sect / Church,Character/community primary affiliation,Schismatic rival,Christian monotheism,Exclusive / competitive,Monastic network,Exclusive,Exclusive; Miaphysite; Anti-Compromise; Monastic,Doctrine suppression; Monastic institutions; Religious controversy,Primary religion/community state,Ready for content design,Tier 2 — Late-antique,482,Emerges after the Henotikon among non-Chalcedonians rejecting compromise,560,Fragmented currents persist into the sixth century,AD 477–565,N,N,N,N,N,N,Egypt / eastern Roman Empire,Egypt and eastern Mediterranean,Non-Chalcedonian monks and clergy,'Headless' anti-compromise communities,Egyptian monasteries and eastern communities,Diffuse monastic/clerical networks,Exclusive,Medium–High,Moderately attested,‘Heresy’/orthodoxy is viewpoint-dependent; event text should identify who condemns whom.,Anti-Henotikon non-Chalcedonian movement,Schism / theological faction,Henotikon fallout; monastic agitation; patriarch legitimacy; late-game schism,Sect / schism / school,A good late-game schism row because it is a reaction to imperial compromise rather than a new theology from scratch.,https://www.encyclopedia.com/religion/encyclopedias-almanacs-transcripts-and-maps/acephali,https://github.com/rdnovotni/gens/blob/main/docs/design/gens-cultures-of-the-known-world-design.md,https://www.cambridge.org/core/books/abs/cambridge-history-of-christianity/beyond-empire-i-eastern-christianities-from-the-persian-to-the-turkish-conquest-6041071/D1B53B74FE3F7C16DA22176E1AFB4E31,,Polished / normalized,"Family, hierarchy, presentation scope, relationship model, readiness and start-date gating normalized."
acacian-schism,Acacian Schism,Christian,Schism,chalcedonian-christianity,Christian chronology heuristic: post-Chalcedon default,Chalcedonian Christianity,Schism from parent,Organized Sect / Church,Character/community primary affiliation,Schismatic rival,Christian monotheism,Context-dependent,Transregional ecclesiastical hierarchy,,Episcopal; Imperial; Schismatic,Religious controversy,Primary religion/community state,Ready for content design,Tier 2 — Late-antique,484,Rome and Constantinople break communion in AD 484,519,Schism healed in AD 519,AD 477–565,N,N,N,N,N,N,Rome / Constantinople,Eastern and western imperial churches,Chalcedonian Christians divided by church politics,Pope Felix III; Patriarch Acacius; Emperor Zeno context,Rome; Constantinople,Competing patriarchal authorities,Same basic Christian exclusivity,High,Well attested,‘Heresy’/orthodoxy is viewpoint-dependent; event text should identify who condemns whom.,Formal inter-church schism,Schism,Late-timeline extension,Sect / schism / school,"Diplomacy, communion status, patriarch politics",Not a new theology/faith; include because CK3-style systems need formal schisms too.,https://github.com/rdnovotni/gens/blob/main/docs/design/gens-religions-of-the-known-world-design.md,https://www.worldhistory.org/Council_of_Chalcedon/,https://www.worldhistory.org/Emperor_Zeno/,Polished / normalized,"Family, hierarchy, presentation scope, relationship model, readiness and start-date gating normalized."
ostrogothic-homoian-christianity,Ostrogothic Homoian Christianity,Christian,Regional branch,homoian-christianity,Normalized alias match: Homoian Christianity,Homoian Christianity,Regional expression / daughter tradition,Regional Faith,Household/community primary religion in supported regions,Competing-exclusive,Christian monotheism,Exclusive / competitive,Transregional ecclesiastical hierarchy,Exclusive; State-Sponsored,Exclusive; Homoian; State-Sponsored; Coexistence-Politics,Priesthood; Doctrine suppression,Primary religion/community state,Ready for content design,Tier 2 — Major regional,489,Ostrogothic rule in Italy begins under Theoderic,554,Ostrogothic kingdom collapses during Justinian's Gothic War,AD 477–565,N,N,N,N,N,N,Italy / Balkans,Ostrogothic Italy,Ostrogoths and Homoian Christians in Italy,Theoderic; Gothic clergy,Ravenna and Gothic church buildings,Royal-backed parallel episcopal church,Exclusive,High,Well attested,,Germanic successor-kingdom church,Regional/state branch,Ravenna; coexistence with Nicene Romans; church property; Gothic War,Religion / branch,"Religious identity did not map perfectly onto ethnicity, so avoid making every Goth automatically Homoian.",https://www.cambridge.org/core/books/abs/people-and-identity-in-ostrogothic-italy-489554/individual-reactions-to-ideology-iii-catholics-and-arians/DBDC0B1C695782907D522882FD77FE04,https://github.com/rdnovotni/gens/blob/main/docs/design/gens-cultures-of-the-known-world-design.md,https://www.cambridge.org/core/books/people-and-identity-in-ostrogothic-italy-489554/3F45ABADFCE9C318C6EF57464D5D29D2/listing,,Polished / normalized,"Family, hierarchy, presentation scope, relationship model, readiness and start-date gating normalized."
burgundian-nicene-christianity,Burgundian Nicene Christianity,Christian,Regional branch,chalcedonian-christianity,Christian chronology heuristic: post-Chalcedon default,Nicene / Chalcedonian Christianity,Regional expression / daughter tradition,Regional Faith,Household/community primary religion in supported regions,Competing-exclusive,Christian monotheism,Exclusive / competitive,State / civic institution,Exclusive; State-Sponsored,Exclusive; State-Sponsored; Episcopal; Saint-Cult,Priesthood; Doctrine suppression; Dynastic legitimacy,Primary religion/community state,Ready for content design,Tier 2 — Major regional,500,Nicene Christianity strong among Gallo-Roman subjects; royal conversion under Sigismund c. AD 516,,Continues after Frankish conquest,AD 477–565,N,N,N,N,N,Y,Burgundy / eastern Gaul,Burgundian kingdom and successor Frankish regions,Burgundians and Gallo-Romans,Sigismund; Avitus of Vienne; cult of St Maurice,Agaune / Saint-Maurice; Vienne,Royal patronage + Catholic episcopate,Exclusive,High,Well attested,,Successor-kingdom Christianity,Regional/state branch,Royal conversion; monastery patronage; saint cult; alliance shifts,Religion / branch,Separating this from Burgundian Homoianism lets conversion function as a real state/dynastic transition.,https://www.cambridge.org/core/books/abs/conversion-and-the-contest-of-creeds-in-early-medieval-christianity/converting-the-kings/163C3F70F9E605A9D41B6EA1DABFB49A,https://github.com/rdnovotni/gens/blob/main/docs/design/gens-cultures-of-the-known-world-design.md,https://assets.cambridge.org/97811070/64591/excerpt/9781107064591_excerpt.pdf,,Polished / normalized,"Family, hierarchy, presentation scope, relationship model, readiness and start-date gating normalized."
frankish-nicene-christianity,Frankish Nicene Christianity,Christian,Regional branch,chalcedonian-christianity,Christian chronology heuristic: post-Chalcedon default,Nicene / Chalcedonian Christianity,Regional expression / daughter tradition,Regional Faith,Household/community primary religion in supported regions,Competing-exclusive,Christian monotheism,Exclusive / competitive,State / civic institution,Exclusive; State-Sponsored,Exclusive; State-Sponsored; Episcopal; Saint-Cult,Priesthood; Doctrine suppression,Primary religion/community state,Ready for content design,Tier 2 — Major regional,500,Clovis converts around the turn of the sixth century,,Continues beyond AD 565,AD 477–565,N,N,N,N,N,Y,Frankish Gaul,Gaul / Frankish kingdoms,Franks and Gallo-Romans,Clovis; bishops of Gaul; cult of Martin of Tours,Tours and major Gallic bishoprics,Royal patronage + Catholic episcopate,Exclusive,High,Well attested,,Successor-kingdom Christianity,Regional/state branch,Royal conversion; Gallo-Roman integration; saint cults; anti-Homoian diplomacy,Religion / branch,A major late-game state-religion outcome distinct from generic Chalcedonian Christianity because conversion reshapes ethnic and political integration.,https://www.cambridge.org/core/books/abs/shifting-ethnic-identities-in-spain-and-gaul-500700/from-a-roman-to-a-frankish-world-in-merovingian-gaul/3540B182EC01A2AF489D0BC2B5E51EC7,https://github.com/rdnovotni/gens/blob/main/docs/design/gens-cultures-of-the-known-world-design.md,https://www.cambridge.org/core/books/abs/conversion-and-the-contest-of-creeds-in-early-medieval-christianity/converting-the-kings/163C3F70F9E605A9D41B6EA1DABFB49A,,Polished / normalized,"Family, hierarchy, presentation scope, relationship model, readiness and start-date gating normalized."
himyarite-christianity,Himyarite Christianity,Christian,Regional branch,aksumite-christianity,Normalized alias match: Aksumite Christianity,Aksumite Christianity + Arabian Christian networks,Regional expression / daughter tradition,Regional Faith,Household/community primary religion in supported regions,Competing-exclusive,Christian monotheism,Exclusive / competitive,Transregional ecclesiastical hierarchy,Exclusive; State-Sponsored; Charitable/Communal,Exclusive; Charitable/Communal; State-Sponsored; Missionary,Priesthood; Doctrine suppression; Charity/communal policy; Mission/conversion,Primary religion/community state,Ready for content design,Tier 2 — Major regional,500,Christian presence strengthens in South Arabia by the early sixth century,,Continues through the end of the game window,AD 477–565,N,N,N,N,N,Y,South Arabia,"Himyar, Najran, Yemen",South Arabian Christians; Aksumite-linked elites,Najran Christians; King Abraha; Aksumite rulers,Najran; Sana'a and other sixth-century centers,"Bishops, communities and later royal/Aksumite patronage",Exclusive,High,Well attested,,Regional/state Christianity,Regional branch,Najran crisis; Red Sea politics; Aksumite intervention; church building; trade networks,Religion / branch,"Sixth-century South Arabia should have Christianity as a real political-religious force, not just a distant flavor note.",https://www.cambridge.org/core/books/abs/preislamic-arabia/shape-of-the-sixth-century-i/964CAE87B70D9BAAB2E7287FB15BE690,https://github.com/rdnovotni/gens/blob/main/docs/design/gens-cultures-of-the-known-world-design.md,https://www.cambridge.org/core/books/abs/preislamic-arabia/an-introduction-to-the-study-of-preislamic-arabia/1ECAF2010D2CA3D38EE1E281EF6ED009,,Polished / normalized,"Family, hierarchy, presentation scope, relationship model, readiness and start-date gating normalized."
jafnid-ghassanid-miaphysite-christianity,Jafnid / Ghassanid Miaphysite Christianity,Christian,Regional branch,miaphysite-christianity,Normalized alias match: Miaphysite Christianity,Miaphysite Christianity,Regional expression / daughter tradition,Regional Faith,Household/community primary religion in supported regions,Competing-exclusive,Christian monotheism,Exclusive / competitive,Transregional ecclesiastical hierarchy,Exclusive; Charitable/Communal,Exclusive; Miaphysite; Charitable/Communal; Federate-Patronage,Doctrine suppression; Charity/communal policy,Primary religion/community state,Ready for content design,Tier 2 — Major regional,500,Miaphysite patronage among Jafnid/Ghassanid elites becomes important in the sixth century,,Continues beyond AD 565,AD 477–565,N,N,N,N,N,Y,Roman eastern frontier / Arabia,"Syria, Arabia and Roman federate zones",Jafnid/Ghassanid Arabs and Syriac Christians,Miaphysite bishops; Jafnid patrons,Syrian and Arabian churches/monasteries,Bishops and elite federate patronage,Exclusive,High,Well attested,,Arab federate regional Christianity,Regional branch,Roman-Arab diplomacy; Miaphysite patronage; monasteries; frontier military politics,Religion / branch,"A major late-game bridge between Arabian culture, Roman diplomacy and non-Chalcedonian Christianity.",https://www.cambridge.org/core/books/abs/preislamic-arabia/an-introduction-to-the-study-of-preislamic-arabia/1ECAF2010D2CA3D38EE1E281EF6ED009,https://github.com/rdnovotni/gens/blob/main/docs/design/gens-cultures-of-the-known-world-design.md,https://www.cambridge.org/core/books/abs/cambridge-history-of-christianity/beyond-empire-i-eastern-christianities-from-the-persian-to-the-turkish-conquest-6041071/D1B53B74FE3F7C16DA22176E1AFB4E31,,Polished / normalized,"Family, hierarchy, presentation scope, relationship model, readiness and start-date gating normalized."
armenian-apostolic-christianity-non-chalcedonian,Armenian Apostolic Christianity (Non-Chalcedonian),Christian,Regional branch,miaphysite-christianity,Normalized alias match: Miaphysite tradition,Armenian Christianity + Miaphysite tradition,Regional expression / daughter tradition,Regional Faith,Household/community primary religion in supported regions,Competing-exclusive,Christian monotheism,Exclusive / competitive,Transregional ecclesiastical hierarchy,Exclusive,Exclusive; Episcopal; Miaphysite; National-Church,Doctrine suppression,Primary religion/community state,Ready for content design,Tier 2 — Major regional,506,Armenian church decisively rejects Chalcedon at Dvin in early 6th c.,,Persists beyond AD 565,AD 477–565,N,N,N,N,N,Y,Armenia,Armenia and diaspora,Armenian Christians,Gregory the Illuminator tradition; Armenian bishops,Etchmiadzin and Armenian sacred centers,Catholicos and bishops,Exclusive Christian,High,Well attested,,Regional apostolic church,Independent church / rival orthodoxy,Late-timeline extension,Religion / branch,"Armenian identity, Persian/Byzantine pressure, noble politics",Christianity is earlier in Armenia; 506 marks the clearer non-Chalcedonian institutional position.,https://github.com/rdnovotni/gens/blob/main/docs/design/gens-religions-of-the-known-world-design.md,https://www.worldhistory.org/Council_of_Chalcedon/,https://www.worldhistory.org/article/1253/the-differences-between-byzantine--armenian-christ/,Polished / normalized,"Family, hierarchy, presentation scope, relationship model, readiness and start-date gating normalized."
severan-miaphysitism,Severan Miaphysitism,Christian,School / religio-philosophical movement,miaphysite-christianity,Normalized alias match: Miaphysite Christianity,Miaphysite Christianity,School / intellectual movement within wider tradition,Intellectual School,Character intellectual/religious affiliation,Competing-exclusive,Christian monotheism,Exclusive / competitive,Transregional ecclesiastical hierarchy,,Miaphysite; Anti-Chalcedonian; Episcopal; Ascetic,,Character/event doctrine layer,Ready for event/light content,Tier 3 — Event/sect,512,Severus becomes patriarch of Antioch in AD 512,,Persists beyond AD 565 in Syriac and Coptic non-Chalcedonian traditions,AD 477–565,N,N,N,N,N,Y,Antioch / Syria,"Syria, Egypt, eastern Mediterranean",Non-Chalcedonian Christians,Severus of Antioch,Antioch; Egyptian exile centers; Syrian monasteries,Bishops and monastic networks,Exclusive Christian church stream,High,Well attested,,Non-Chalcedonian theological school / church stream,Rival orthodoxy / regional branch,New CK3-style expansion,Sect / schism / school,"Chalcedonian conflict, imperial deposition, Syrian/Egyptian church networks",A more precise late-game non-Chalcedonian stream than treating all opponents of Chalcedon as one 'Monophysite' bloc.,https://github.com/rdnovotni/gens/blob/main/docs/design/gens-religions-of-the-known-world-design.md,https://www.encyclopedia.com/religion/encyclopedias-almanacs-transcripts-and-maps/severus-antioch,,Polished / normalized,"Family, hierarchy, presentation scope, relationship model, readiness and start-date gating normalized."
syriac-miaphysite-jacobite-stream,Syriac Miaphysite / Jacobite Stream,Christian,Regional branch,miaphysite-christianity,Normalized alias match: Miaphysite Christianity,Miaphysite Christianity,Regional expression / daughter tradition,Regional Faith,Household/community primary religion in supported regions,Competing-exclusive,Christian monotheism,Exclusive / competitive,Transregional ecclesiastical hierarchy,Exclusive,Exclusive; Episcopal; Miaphysite; Syriac,Doctrine suppression; Persecution/proscription,Primary religion/community state,Ready for content design,Tier 2 — Major regional,518,Non-Chalcedonian Syriac networks deepen after imperial persecution; organization strengthened by Jacob Baradaeus from 540s,,Persists beyond AD 565,AD 477–565,N,N,N,N,N,Y,Syria / Mesopotamia,Syria and upper Mesopotamia,Syriac Christians,Severus of Antioch; Jacob Baradaeus,Antiochine/Syriac sees and monasteries,Bishops/monastic networks,Exclusive Christian,High,Well attested,,Regional church network,Independent church / rival orthodoxy,Late-timeline extension,Religion / branch,"Underground ordinations, imperial persecution, Syriac identity",By the 540s this becomes a very important late-game religious network.,https://github.com/rdnovotni/gens/blob/main/docs/design/gens-religions-of-the-known-world-design.md,https://www.worldhistory.org/Council_of_Chalcedon/,https://en.wikipedia.org/wiki/Syriac_Orthodox_Church,Polished / normalized,"Family, hierarchy, presentation scope, relationship model, readiness and start-date gating normalized."
julianist-aphthartodocetism,Julianist / Aphthartodocetism,Christian,Sect / heterodox movement,miaphysite-christianity,Normalized alias match: Miaphysite Christianity,Miaphysite Christianity,Sect / contested branch of parent,Organized Sect / Church,Character/community primary affiliation,Internal dispute / may be condemned,Christian monotheism,Exclusive / competitive,Transregional ecclesiastical hierarchy,,Miaphysite; Incorruptibility-Christology; Anti-Severan,Monastic institutions; Religious controversy,Primary religion/community state,Ready for event/light content,Tier 3 — Event/sect,520,6th-century dispute associated with Julian of Halicarnassus,,Continues beyond AD 565 in smaller non-Chalcedonian communities,AD 477–565,N,N,N,N,N,Y,Eastern Mediterranean / Egypt,"Egypt, Syria and related non-Chalcedonian networks",Julianist Christians,Julian of Halicarnassus; Severus of Antioch as principal opponent,Egyptian and eastern monastic networks,Bishops and monastic teachers,Exclusive Christian sect,High,Well attested,"Umbrella scholarly/heresiological category, not necessarily one organized historical church.",Non-Chalcedonian sect,Heresy / rival school,New CK3-style expansion,Sect / schism / school,"Late-game intra-Miaphysite schism, monastic politics, doctrinal controversy","A real sixth-century split inside the non-Chalcedonian camp, useful for making late-game Christianity less monolithic.",https://github.com/rdnovotni/gens/blob/main/docs/design/gens-religions-of-the-known-world-design.md,https://ccel.org/ccel/wace/biodict.html?term=Aphthartodocetae%2C+a+sect+of+Monophysites,https://en.wikisource.org/wiki/Dictionary_of_Christian_Biography_and_Literature_to_the_End_of_the_Sixth_Century/Aphthartodocetae,Polished / normalized,"Family, hierarchy, presentation scope, relationship model, readiness and start-date gating normalized."
nobatian-christianity,Nobatian Christianity,Christian,Regional branch,coptic-non-chalcedonian-christianity,Normalized alias match: Coptic Non-Chalcedonian Christianity,Coptic Non-Chalcedonian Christianity / Byzantine missionary Christianity,Regional expression / daughter tradition,Regional Faith,Household/community primary religion in supported regions,Competing-exclusive,Christian monotheism,Exclusive / competitive,Transregional ecclesiastical hierarchy,Exclusive; State-Sponsored; Charitable/Communal,Exclusive; Missionary; State-Sponsored; Charitable/Communal,Priesthood; Doctrine suppression; Charity/communal policy; Mission/conversion; Dynastic legitimacy,Primary religion/community state,Ready for content design,Tier 2 — Major regional,543,Nobatia converts in the mid-sixth century through missions connected to the Byzantine court and Alexandrian Christianity,,Continues beyond AD 565,AD 477–565,N,N,N,N,N,Y,Lower Nubia / Nobatia,Lower Nubia south of Egypt,Nobatian rulers and Christianizing Nubian communities,Nubian rulers; Byzantine/Alexandrian missionaries; Miaphysite-linked clergy,Nobatian royal centers and early churches,Royal-backed bishops and missionary networks,Exclusive,High,Well attested,,Nubian royal Christianity,Late-timeline regional church,Final-pass expansion,Religion / branch,Royal conversion; Byzantine diplomacy; Alexandrian church ties; replacement of older temple cults,Nubia's mid-sixth-century Christianization falls squarely at the end of the Gens horizon and should be available in the final decades.,https://github.com/rdnovotni/gens/blob/main/docs/design/gens-religions-of-the-known-world-design.md,https://www.cambridge.org/core/journals/antiquity/article/costumes-of-prestige-and-authority-in-christian-nubia-insights-from-archaeological-reconstruction/E18904093E1C654A2F66572470D0C283,https://www.cambridge.org/core/books/abs/worlds-of-byzantium/makurian-visual-culture/B64DC958321B126D7209BF7BEDC22E24,Added in finalized pass,Final bounded gap-fill added after repo and historical cross-check.
tritheism-6th-century-miaphysite-controversy,Tritheism (6th-century Miaphysite controversy),Christian,Sect / heterodox movement,miaphysite-christianity,Normalized alias match: Miaphysite Christianity,Miaphysite Christianity,Sect / contested branch of parent,Organized Sect / Church,Character/community primary affiliation,Internal dispute / may be condemned,Christian monotheism,Exclusive / competitive,Transregional ecclesiastical hierarchy,,Miaphysite-context; Tritheist-label; Philosophical-Theology,Religious controversy,Primary religion/community state,Ready for event/light content,Tier 3 — Event/sect,550,Mid-6th-century controversy,,Extends beyond AD 565 in small circles,AD 477–565,N,N,N,N,N,Y,Antioch / Constantinople,Eastern Roman Empire,Small Miaphysite theological circles,John Philoponus; John Ascunages; Conon of Tarsus; Eugenius of Seleucia,Antioch; Constantinople,Teachers and dissident bishops,Exclusive Christian sect,Medium–High,Moderately attested,‘Heresy’ is a viewpoint-dependent gameplay label; preserve who condemned whom in event text.,Trinitarian theological sect,Heresy / theological school,New CK3-style expansion,Sect / schism / school,"Very-late-game theological crisis, philosopher-theologians, episcopal condemnation",A small movement near the very end of Gens' current AD 565 horizon; best as event-driven content rather than a broad map faith.,https://github.com/rdnovotni/gens/blob/main/docs/design/gens-religions-of-the-known-world-design.md,https://www.newadvent.org/cathen/15061b.htm,,Polished / normalized,"Family, hierarchy, presentation scope, relationship model, readiness and start-date gating normalized."
makurian-christianity-edge-of-window,Makurian Christianity (edge-of-window),Christian,Regional branch,nobatian-christianity,Normalized alias match: Nubian Royal Christianity,Nubian Royal Christianity / Chalcedonian and Alexandrian missionary competition,Regional expression / daughter tradition,Regional Faith,Household/community primary religion in supported regions,Competing-exclusive,Christian monotheism,Exclusive / competitive,State / civic institution,Exclusive; State-Sponsored,Exclusive; Missionary; State-Sponsored,Priesthood; Doctrine suppression; Mission/conversion; Dynastic legitimacy,Primary religion/community state,Caution — date-gated,Tier 2 — Major regional,560,Makuria's conversion is generally placed in the later sixth century; exact chronology around AD 565 is uncertain,,Continues far beyond AD 565,AD 477–565,N,N,N,N,N,Y,Middle Nubia / Makuria,Middle Nile / Makuria,Makurian rulers and Nubian communities,Makurian kings; Byzantine/Alexandrian missionaries,Early Makurian church centers; later Dongola becomes central,Royal-backed church,Exclusive,Medium,Moderately attested,Chronology is close to the AD 565 boundary; use event gating rather than assuming universal availability.,Nubian royal Christianity,Edge-of-window regional church,Final-pass expansion,Religion / branch,Very-late-game royal conversion; Byzantine influence; competition over ecclesiastical alignment,Keep this as an edge-of-window event/availability flag rather than a confidently established AD 565 map-wide faith; scholarship places full conversion toward the end of the sixth century.,https://github.com/rdnovotni/gens/blob/main/docs/design/gens-religions-of-the-known-world-design.md,https://www.cambridge.org/core/books/abs/worlds-of-byzantium/makurian-visual-culture/B64DC958321B126D7209BF7BEDC22E24,https://www.cambridge.org/core/journals/antiquity/article/costumes-of-prestige-and-authority-in-christian-nubia-insights-from-archaeological-reconstruction/E18904093E1C654A2F66572470D0C283,Added in finalized pass,Final bounded gap-fill added after repo and historical cross-check.
pictish-columban-christianity,Pictish / Columban Christianity,Christian,Regional branch,chalcedonian-christianity,Christian chronology heuristic: post-Chalcedon default,Early Irish Christianity + British Christianity,Regional expression / daughter tradition,Regional Faith,Household/community primary religion in supported regions,Competing-exclusive,Christian monotheism,Exclusive / competitive,Monastic network,Exclusive,Exclusive; Missionary; Monastic,Doctrine suppression; Monastic institutions; Mission/conversion,Primary religion/community state,Ready for content design,Tier 2 — Major regional,563,Iona founded c. AD 563; mission to Pictish kingdoms begins at the game's endpoint,,Continues beyond AD 565,AD 477–565,N,N,N,N,N,Y,Iona / northern Britain,Iona and Pictland,Irish monastics; Pictish converts,Columba; King Bridei/Brude in later tradition,Iona; Pictish royal centers,Monastic mission networks,Exclusive,Medium–High,Moderately attested,,Missionary regional Christianity,Late-timeline regional branch,Very-late-game conversion frontier; diplomacy with Pictish rulers; monastery foundations,Religion / branch,This sits exactly at the AD 565 edge and should mostly be event content in the base historical horizon.,https://assets.cambridge.org/97805215/86023/excerpt/9780521586023_excerpt.pdf,https://github.com/rdnovotni/gens/blob/main/docs/design/gens-cultures-of-the-known-world-design.md,https://www.cambridge.org/core/books/abs/picts-reimagined/conclusions/D99219278C55154261D8CE5DDA56F574,,Polished / normalized,"Family, hierarchy, presentation scope, relationship model, readiness and start-date gating normalized."
egyptian-religion,Egyptian Religion,Egyptian / Hellenistic Egyptian,Religion / base tradition,,Base/contact layer: no parent required,Ancient Egyptian temple religion,Base / independent / unresolved relationship,Full Faith,Household/community primary religion,Broadly compatible,Polytheist / plural cult system,Additive / syncretic,Local / regional cult institution,Syncretic; State-Sponsored; Oracular,Syncretic; State-Sponsored; Oracular; Funerary,Oracle/Auspices; Priesthood; Syncretism; Funerary/ancestor systems,Primary religion/community state,Ready for content design,Tier 1 — Core,,Ancient; pre-133 BC,450,Major temples close or convert across 4th–6th c.; Philae remains active into 6th c.,Pre-game / ancient,Y,Y,Y,Y,N,N,Egypt,Nile Valley and Egyptian diaspora,Egyptians; Hellenized Egyptians,"Amun, Isis, Osiris, Horus, Ptah, Hathor, Thoth",Memphis; Heliopolis; Philae; Siwa,Temple priesthoods and local cult centers,Mostly additive,High,Well attested,,Religion / temple polytheism,Base faith,Core named faith in existing catalog,Religion / branch,"Temple economy, oracle, funerary rites, Nile legitimacy",Distinguish native temple religion from exported Isis/Serapis mysteries.,https://github.com/rdnovotni/gens/blob/main/docs/design/gens-religions-of-the-known-world-design.md,https://github.com/rdnovotni/gens/blob/main/docs/design/gens-religions-of-the-known-world-design.md,https://www.worldhistory.org/Egyptian_Religion/,Polished / normalized,"Family, hierarchy, presentation scope, relationship model, readiness and start-date gating normalized."
oracle-cult-of-amun-at-siwa,Oracle Cult of Amun at Siwa,Egyptian / Hellenistic Egyptian,Cult / devotion,egyptian-religion,Normalized alias match: Egyptian Religion,Egyptian Religion + Libyan local tradition,Cult or devotion within/alongside parent,Cult Overlay,Personal or household additive devotion,Additive-compatible,Polytheist / plural cult system,Additive / syncretic,Local / regional cult institution,Syncretic; Oracular,Oracular; Pilgrimage; Syncretic,Oracle/Auspices; Syncretism; Pilgrimage,Overlay system,Ready for event/light content,Tier 3 — Enrichment,,Ancient; pre-133 BC,400,Declines in late antiquity,Pre-game / ancient,Y,Y,Y,Y,N,N,Siwa Oasis,Egypt/Libyan desert pilgrimage network,"Egyptians, Libyans, Greek/Roman pilgrims",Amun/Ammon,Siwa Oasis,Oracle priesthood,Additive,High,Well attested,,Oracle cult,Holy-site cult,Existing holy-site concept,Cult / devotion layer,"Long-distance oracle travel, legitimacy, desert risk",Repo already names Siwa as a holy site; this makes the cult playable as a site tradition.,https://github.com/rdnovotni/gens/blob/main/docs/design/gens-religions-of-the-known-world-design.md,https://github.com/rdnovotni/gens/blob/main/docs/design/gens-religions-of-the-known-world-design.md,https://en.wikipedia.org/wiki/Siwa_Oasis,Polished / normalized,"Family, hierarchy, presentation scope, relationship model, readiness and start-date gating normalized."
cult-of-isis,Cult of Isis,Egyptian / Hellenistic Egyptian,Mystery cult,egyptian-religion,Normalized alias match: Egyptian Religion,Egyptian Religion,Cult or devotion within/alongside parent,Mystery Membership,Individual initiatory membership,Additive-compatible,Polytheist / plural cult system,Additive / syncretic,Local / regional cult institution,Syncretic; Initiatory,Initiatory; Healing; Maritime; Syncretic,Initiation; Syncretism; Travel/navigation; Healing/pilgrimage,Overlay system,Ready for content design,Tier 2 — Major regional,-300,Hellenistic export form develops before game start,400,Declines under Christianization,Pre-game / ancient,Y,Y,Y,Y,N,N,Egypt / Hellenistic Mediterranean,"Empire-wide, especially ports and cities",Cosmopolitan devotees,Isis; Osiris/Serapis associations,Philae; Rome’s Iseum; Mediterranean temples,Temple/cult priesthoods,Additive,High,Well attested,,Mystery/personal cult,Mystery cult,Named cult in existing catalog,Cult / devotion layer,"Initiation, healing, travel protection, foreign-cult controversy",One of the most successful exported cults in the Roman world.,https://github.com/rdnovotni/gens/blob/main/docs/design/gens-religions-of-the-known-world-design.md,https://www.worldhistory.org/Mystery_Cults/,https://www.worldhistory.org/Isis/,Polished / normalized,"Family, hierarchy, presentation scope, relationship model, readiness and start-date gating normalized."
cult-of-serapis,Cult of Serapis,Egyptian / Hellenistic Egyptian,Mystery cult,egyptian-religion,Normalized alias match: Egyptian Religion,Egyptian Religion + Hellenic religious idiom,Cult or devotion within/alongside parent,Mystery Membership,Individual initiatory membership,Additive-compatible,Polytheist / plural cult system,Additive / syncretic,Local / regional cult institution,Syncretic; Initiatory; Deliberately-Syncretic,Deliberately-Syncretic; Initiatory; Healing; Underworld,Initiation; Syncretism; Healing/pilgrimage,Overlay system,Ready for content design,Tier 2 — Major regional,-300,Ptolemaic-era formation in early Hellenistic Egypt,391,Serapeum of Alexandria destroyed in AD 391; cult declines,Pre-game / ancient,Y,Y,Y,N,N,N,Alexandria,Egypt and Mediterranean cities,"Greeks, Egyptians, cosmopolitan urban populations",Serapis,Alexandria Serapeum,Temple priesthoods,Additive,High,Well attested,,Deliberately syncretic cult,Syncretic mystery/civic cult,Named cult in existing catalog,Cult / devotion layer,"Alexandrian politics, syncretism, healing, urban riots",Repo correctly treats Serapis as a rare deliberately engineered syncretic cult.,https://github.com/rdnovotni/gens/blob/main/docs/design/gens-religions-of-the-known-world-design.md,https://github.com/rdnovotni/gens/blob/main/docs/design/gens-religions-of-the-known-world-design.md,https://www.worldhistory.org/Serapis/,Polished / normalized,"Family, hierarchy, presentation scope, relationship model, readiness and start-date gating normalized."
hermeticism,Hermeticism,Egyptian / Hellenistic Egyptian,School / religio-philosophical movement,,No single parent resolved,Egyptian + Hellenic philosophical religion,Base / independent / unresolved relationship,Intellectual School,Character intellectual/religious affiliation,Competing-exclusive,Philosophical / esoteric religious school,Exclusive / competitive,Transregional ecclesiastical hierarchy,,Esoteric; Gnostic-adjacent; Astrological; Philosophical,,Character/event doctrine layer,Ready for event/light content,Tier 3 — Event/sect,50,Hermetic texts largely date from 1st–3rd c. AD,500,Texts and ideas persist into late antiquity,133 BC–AD 235,N,N,Y,Y,Y,N,Roman Egypt,Egypt and learned Mediterranean circles,Literate urban elites,Hermes Trismegistus,Egyptian urban intellectual centers,Teacher-text networks; no central hierarchy,Generally non-exclusive,High,Well attested,,Esoteric religious-philosophical movement,Esoteric school,Late-timeline extension,Sect / schism / school,"Alchemy/astrology scholarship, secret texts, philosophical characters",Better modeled as an esoteric school overlay than territorial faith.,https://github.com/rdnovotni/gens/blob/main/docs/design/gens-religions-of-the-known-world-design.md,https://github.com/rdnovotni/gens/blob/main/docs/design/gens-religions-of-the-known-world-design.md,https://en.wikipedia.org/wiki/Hermeticism,Polished / normalized,"Family, hierarchy, presentation scope, relationship model, readiness and start-date gating normalized."
batavian-germanic-cult-tradition,Batavian Germanic Cult Tradition,Germanic / Rhine,Regional branch,germanic-paganism,Normalized alias match: Germanic Paganism,Germanic Paganism,Regional expression / daughter tradition,Regional Faith,Household/community primary religion in supported regions,Broadly compatible,Polytheist / plural cult system,Additive / syncretic,Local / regional cult institution,Syncretic; Martial-Coded,Syncretic; Martial-Coded; Local-Cult,Syncretism; Military affinity,Primary religion/community state,Ready for content design,Tier 2 — Major regional,,Pre-Roman Rhine-delta tradition,400,Roman military integration and later Christianization blur the distinct cult profile,Pre-game / ancient,Y,Y,Y,Y,N,N,Rhine delta,"Batavian territory, Germania Inferior and Roman military diaspora",Batavians and related Rhine communities,Regional Germanic gods under interpretatio romana,Rhine-delta sanctuaries and military contexts,Local cult + military devotees,Additive / syncretic,Medium,Moderately attested,,Regional Germanic polytheism,Regional branch,Auxiliary recruitment; military cult diffusion; Rhine frontier identity,Religion / branch,The culture doc explicitly gives Batavians separate military texture even while folding them into broader Germanic religion.,https://github.com/rdnovotni/gens/blob/main/docs/design/gens-cultures-of-the-known-world-design.md,https://github.com/rdnovotni/gens/blob/main/docs/design/gens-cultures-of-the-known-world-design.md,https://www.cambridge.org/core/books/abs/handbook-of-religions-in-ancient-europe/slavic-religion/A338CEFA62CFED01A38DD023230A69E5D,,Polished / normalized,"Family, hierarchy, presentation scope, relationship model, readiness and start-date gating normalized."
frankish-paganism,Frankish Paganism,Germanic / Rhine,Regional branch,germanic-paganism,Normalized alias match: Germanic Paganism,Germanic Paganism,Regional expression / daughter tradition,Regional Faith,Household/community primary religion in supported regions,Broadly compatible,Polytheist / plural cult system,Additive / syncretic,Diffuse / decentralized,Syncretic; Martial-Coded; Thin-Record,Syncretic; Martial-Coded; Thin-Record,Syncretism; Military affinity,Primary religion/community state,Research-limited — light mechanics,Tier 3 — Enrichment,,Pre-Christian Frankish tradition,600,Royal conversion under Clovis c. 500 accelerates but does not instantly erase pagan practice,Pre-game / ancient,Y,Y,Y,Y,Y,Y,Lower Rhine / northern Gaul,Frankish territories in northern Gaul and Germania,Franks,Germanic gods and local cults; specific Frankish reconstruction is limited,Frankish local sacred sites,Local and elite ritual practice,Additive / local,Medium,Thin / reconstructed,"Surviving evidence is thin; avoid over-specific doctrine, deity lists or institutional claims.",Regional Germanic polytheism,Regional base faith,Migration-era identity; royal conversion; frontier war bands; local cult persistence,Religion / branch,Keep theology broad: the evidence for specifically Frankish pagan doctrine is limited compared with later Norse material.,https://www.cambridge.org/core/books/abs/shifting-ethnic-identities-in-spain-and-gaul-500700/from-a-roman-to-a-frankish-world-in-merovingian-gaul/3540B182EC01A2AF489D0BC2B5E51EC7,https://github.com/rdnovotni/gens/blob/main/docs/design/gens-cultures-of-the-known-world-design.md,https://github.com/rdnovotni/gens/blob/main/docs/design/gens-about.md,,Polished / normalized,"Family, hierarchy, presentation scope, relationship model, readiness and start-date gating normalized."
germanic-paganism,Germanic Paganism,Germanic / Rhine,Religion / base tradition,,Base/contact layer: no parent required,Regional Germanic polytheisms,Base / independent / unresolved relationship,Full Faith,Household/community primary religion,Competing-exclusive,Polytheist / plural cult system,Exclusive / competitive,Diffuse / decentralized,Syncretic; Martial-Coded,Syncretic; Martial-Coded; Sacred-Groves,Syncretism; Military affinity,Primary religion/community state,Ready for content design,Tier 1 — Core,,Ancient; pre-133 BC,,Persists beyond AD 565 in northern Europe,Pre-game / ancient,Y,Y,Y,Y,Y,Y,Central/northern Europe,Germania and migration-era successor kingdoms,Germanic peoples,"Wodan/Odin-type, Tiw/Tyr-type, Donar/Thor-type deities; local cults",Tribal sanctuaries and sacred groves,Tribal/local ritual specialists,Non-exclusive / communal,Medium,Moderately attested,Surviving evidence is limited or reconstruction is debated.,Ethnic / tribal polytheism,Base faith,Core named faith in existing catalog,Religion / branch,"Frontier diplomacy, warbands, conversion events","Roman sources use interpretatio romana, so specific names vary by time/place.",https://github.com/rdnovotni/gens/blob/main/docs/design/gens-religions-of-the-known-world-design.md,https://github.com/rdnovotni/gens/blob/main/docs/design/gens-religions-of-the-known-world-design.md,https://www.worldhistory.org/Germanic_Tribes/,Polished / normalized,"Family, hierarchy, presentation scope, relationship model, readiness and start-date gating normalized."
cult-of-hercules-magusanus,Cult of Hercules Magusanus,Germanic / Rhine,Cult / devotion,batavian-germanic-cult-tradition,Normalized alias match: Batavian Germanic Cult Tradition,Batavian Germanic Cult Tradition,Cult or devotion within/alongside parent,Cult Overlay,Personal or household additive devotion,Additive-compatible,Polytheist / plural cult system,Additive / syncretic,State / civic institution,Syncretic; Martial-Coded,Syncretic; Martial-Coded; Civic-Identity,Syncretism; Military affinity; Local civic standing,Overlay system,Ready for content design,Tier 2 — Major regional,-20,Early imperial Batavian-Roman syncretism; likely rooted in pre-conquest local religion,350,Distinct cult fades with late Roman transformation and Christianization,133 BC–AD 235,N,Y,Y,N,N,N,Lower Rhine / Batavian territory,"Germania Inferior, Batavian/Tungrian areas, military diaspora including Britain",Batavians; Tungri; Roman auxiliaries,Hercules Magusanus; local Germanic divine counterpart(s),Lower Rhine sanctuaries; military dedications; Xanten region,Civic and military cult networks,Additive / syncretic,High,Well attested,,Batavian / Lower Rhine syncretic civic cult,Major regional cult,Final-pass expansion,Cult / devotion layer,Auxiliary recruitment; warrior identity; foundation myth; Romanization; military vows,Scholarship treats Hercules as unusually important to Batavian collective identity within the Roman imperial system.,https://github.com/rdnovotni/gens/blob/main/docs/design/gens-religions-of-the-known-world-design.md,https://www.cambridge.org/core/services/aop-cambridge-core/content/view/C6814F165C4BFCEFDBC266129AF0611E/9789048505357c11_p235-250_CBO.pdf/hercules-and-the-construction-of-a-batavian-identity-in-the-context-of-the-roman-empire.pdf,https://www.cambridge.org/core/books/rome-an-empire-of-many-nations/roman-theologies-in-the-roman-cities-of-italy-and-the-provinces/1752235277C52C70371C18C1C245B290,Added in finalized pass,Final bounded gap-fill added after repo and historical cross-check.
gothic-paganism,Gothic Paganism,Germanic / Rhine,Regional branch,germanic-paganism,Normalized alias match: Germanic Paganism,Germanic Paganism,Regional expression / daughter tradition,Regional Faith,Household/community primary religion in supported regions,Broadly compatible,Polytheist / plural cult system,Additive / syncretic,Diffuse / decentralized,Syncretic; Martial-Coded,Martial-Coded; Tribal; Syncretic,Syncretism; Military affinity,Primary religion/community state,Ready for content design,Tier 2 — Major regional,100,Distinct Gothic political communities visible in Roman sources by early centuries AD,400,"Large Gothic populations Christianize, though pagan survivals continue",133 BC–AD 235,N,N,Y,Y,N,N,Black Sea / Danube frontier,Gothic territories and migration routes,Goths,Germanic/Gothic gods; ancestor and war cults,Regional sanctuaries,Tribal elites and ritual specialists,Communal,Medium,Moderately attested,Surviving evidence is limited or reconstruction is debated.,Ethnic / tribal polytheism,Regional branch,New CK3-style expansion,Religion / branch,"Gothic conversion chains, frontier politics",Useful as parent for Gothic Arian Christianity later.,https://github.com/rdnovotni/gens/blob/main/docs/design/gens-religions-of-the-known-world-design.md,https://github.com/rdnovotni/gens/blob/main/docs/design/gens-religions-of-the-known-world-design.md,https://www.worldhistory.org/Goths/,Polished / normalized,"Family, hierarchy, presentation scope, relationship model, readiness and start-date gating normalized."
sethian-gnosticism,Sethian Gnosticism,Gnostic,Sect / heterodox movement,gnosticism-umbrella,Normalized alias match: Gnosticism,Gnosticism,Sect / contested branch of parent,Minor Sect / Event,Character/event affiliation; not default map faith,Internal dispute / may be condemned,Gnostic / dualist-coded,Context-dependent,Teacher / sect network,,Gnostic; Esoteric; Dualist; Revelatory,Religious controversy,Character/event doctrine layer,Ready for event/light content,Tier 3 — Event/sect,100,1st–2nd c. development; strongly attested in 2nd–3rd c. texts,350,Declines/changes by late antiquity,133 BC–AD 235,N,N,Y,N,N,N,Egypt / eastern Mediterranean,Egypt and philosophical circles,Sethian Gnostic groups,"Seth, Barbelo and complex aeon systems",No single secure center,Teacher/text communities,Strongly bounded esoteric identity,High,Well attested,‘Heresy’ is a viewpoint-dependent gameplay label; preserve who condemned whom in event text.,Gnostic school,Heresy / esoteric sect,New CK3-style expansion,Sect / schism / school,"Secret revelation, cosmology, philosophical conflict",Well-attested through Nag Hammadi and heresiological evidence.,https://github.com/rdnovotni/gens/blob/main/docs/design/gens-religions-of-the-known-world-design.md,https://github.com/rdnovotni/gens/blob/main/docs/design/gens-religions-of-the-known-world-design.md,https://en.wikipedia.org/wiki/Sethianism,Polished / normalized,"Family, hierarchy, presentation scope, relationship model, readiness and start-date gating normalized."
theos-hypsistos-hypsistarian-worship,Theos Hypsistos / Hypsistarian Worship,Hellenic / Anatolian Henotheism,Cult / devotion,,No single parent resolved,Hellenic and Anatolian cults with Jewish influence,Base / independent / unresolved relationship,Cult Overlay,Personal or household additive devotion,Additive-compatible,Henotheist / monotheizing,Partially exclusive / transitional,Diffuse / decentralized,Syncretic,Henotheistic; Syncretic; Aniconic-tendency; Judaizing-adjacent,Syncretism,Overlay system,Ready for event/light content,Tier 3 — Enrichment,-200,Epigraphic evidence begins in the Hellenistic period,400,Attested into the 4th century; later identity becomes hard to trace,Pre-game / ancient,Y,Y,Y,Y,N,N,Anatolia / Black Sea regions,"Cappadocia, Bithynia, Pontus, Black Sea, eastern Mediterranean","Greek-speaking pagans, Judaizing gentiles, local Anatolians",Theos Hypsistos ('Most High God'); sometimes Zeus Hypsistos,Regional Hypsistos sanctuaries and inscriptional cult sites,Local associations and cult groups,Partially exclusive / henotheistic,Medium–High,Moderately attested,Broad/legacy label; fifth–sixth-century Germanic churches are often better described as Homoian.,Henotheistic / monotheizing cult complex,Syncretic sect / cult,New CK3-style expansion,Cult / devotion layer,"Religious boundary-blurring, Jewish-pagan interaction, monotheizing paganism",Should be modeled cautiously: modern scholarship debates whether all 'Hypsistos' dedications represent one coherent sect.,https://github.com/rdnovotni/gens/blob/main/docs/design/gens-religions-of-the-known-world-design.md,https://academic.oup.com/edited-volume/61673/chapter-abstract/548933367,https://academic.oup.com/book/46888/chapter-abstract/422621958,Polished / normalized,"Family, hierarchy, presentation scope, relationship model, readiness and start-date gating normalized."
apollonian-oracle-traditions-delphi-didyma,"Apollonian Oracle Traditions (Delphi, Didyma)",Hellenic / Greco-Roman,Cult / devotion,hellenic-religion,Normalized alias match: Hellenic Religion,Hellenic Religion,Cult or devotion within/alongside parent,Cult Overlay,Personal or household additive devotion,Additive-compatible,Polytheist / plural cult system,Additive / syncretic,Local / regional cult institution,Oracular,Oracular; Pilgrimage; Civic,Oracle/Auspices; Pilgrimage; Local civic standing,Overlay system,Ready for event/light content,Tier 3 — Enrichment,,Ancient; pre-133 BC,400,Some oracles operate into 4th/5th c. before closure,Pre-game / ancient,Y,Y,Y,Y,N,N,Greece / Ionia,Greek world and Roman elite pilgrimage,Greeks and Romans,Apollo,Delphi; Didyma,Sanctuary priesthoods/oracle personnel,Additive,High,Well attested,,Oracle cult network,Holy-site cult,Existing holy-site concept,Cult / devotion layer,"Risk preview, diplomacy, emperor decisions, pilgrimage",Treat Delphi and Didyma as local cult centers under one broader oracular tradition.,https://github.com/rdnovotni/gens/blob/main/docs/design/gens-religions-of-the-known-world-design.md,https://github.com/rdnovotni/gens/blob/main/docs/design/gens-religions-of-the-known-world-design.md,https://www.worldhistory.org/article/640/the-temple-of-apollo-at-didyma/,Polished / normalized,"Family, hierarchy, presentation scope, relationship model, readiness and start-date gating normalized."
bacchic-dionysian-mysteries,Bacchic / Dionysian Mysteries,Hellenic / Greco-Roman,Mystery cult,hellenic-religion,Normalized alias match: Hellenic Religion,Dionysian cult within Hellenic religion,Cult or devotion within/alongside parent,Mystery Membership,Individual initiatory membership,Additive-compatible,Polytheist / plural cult system,Additive / syncretic,Diffuse / decentralized,Syncretic; Initiatory,Initiatory; Ecstatic; Syncretic,Sacred calendar; Initiation; Syncretism,Overlay system,Ready for event/light content,Tier 3 — Enrichment,,Ancient; Bacchanalia suppressed by Roman Senate in 186 BC,400,Survives in varied forms into late antiquity,Pre-game / ancient,Y,Y,Y,Y,N,N,Greek world / Italy,Mediterranean,Mixed initiates,Dionysus/Bacchus,Local thiasoi and sanctuaries,Private associations; local priests,Additive,High,Well attested,,Mystery cult,Mystery cult,Named cult in existing catalog,Cult / devotion layer,"Secret association politics, moral panic, festival events","Suppression in 186 BC is pre-game precedent, not the end of Dionysian devotion.",https://github.com/rdnovotni/gens/blob/main/docs/design/gens-religions-of-the-known-world-design.md,https://www.worldhistory.org/Mystery_Cults/,https://www.worldhistory.org/Roman_Religion/,Polished / normalized,"Family, hierarchy, presentation scope, relationship model, readiness and start-date gating normalized."
bosporan-religious-blend,Bosporan Religious Blend,Hellenic / Greco-Roman,Religion / base tradition,hellenic-religion,Explicit alias match,Hellenic Religion + Scythian/Sarmatian traditions,Related tradition,Full Faith,Household/community primary religion,Broadly compatible,Polytheist / plural cult system,Additive / syncretic,State / civic institution,Syncretic,Syncretic; Civic,Syncretism; Commerce/travel; Local civic standing,Primary religion/community state,Ready for content design,Tier 2 — Major regional,,Greek colonial and steppe blend; pre-133 BC,400,Transforms under late antique Christianization,Pre-game / ancient,Y,Y,Y,Y,N,N,Bosporan Kingdom / Crimea,Northern Black Sea,"Bosporan Greeks, Scythians, Sarmatians",Greek gods plus steppe/local cults,Pantikapaion and regional sanctuaries,Civic/local priesthoods,Additive,High,Well attested,,Syncretic civic religion,Syncretic faith,Core named faith in existing catalog,Religion / branch,"Black Sea trade, mixed elites, steppe diplomacy",Designed as a genuine third flavor rather than either parent alone.,https://github.com/rdnovotni/gens/blob/main/docs/design/gens-religions-of-the-known-world-design.md,https://github.com/rdnovotni/gens/blob/main/docs/design/gens-religions-of-the-known-world-design.md,https://en.wikipedia.org/wiki/Bosporan_Kingdom,Polished / normalized,"Family, hierarchy, presentation scope, relationship model, readiness and start-date gating normalized."
cretan-hellenic-cult-tradition,Cretan Hellenic Cult Tradition,Hellenic / Greco-Roman,Cult / devotion,hellenic-religion,Normalized alias match: Hellenic Religion,Hellenic Religion,Cult or devotion within/alongside parent,Cult Overlay,Personal or household additive devotion,Additive-compatible,Polytheist / plural cult system,Additive / syncretic,Local / regional cult institution,Syncretic,Syncretic; Pilgrimage,Syncretism; Pilgrimage,Overlay system,Ready for event/light content,Tier 3 — Enrichment,,Ancient; pre-133 BC,450,Late-antique Christianization,Pre-game / ancient,Y,Y,Y,Y,N,N,Crete,Crete,Cretans,Zeus birth-cave traditions; local Hellenic cults,Dictaean Cave; Idaean Cave,Local priesthoods,Additive,High,Well attested,,Regional cult complex,Regional branch,Core named faith in existing catalog,Cult / devotion layer,"Pilgrimage, mythic prestige, regional identity",Repo highlights the distinct Zeus-birth pilgrimage complex.,https://github.com/rdnovotni/gens/blob/main/docs/design/gens-religions-of-the-known-world-design.md,https://github.com/rdnovotni/gens/blob/main/docs/design/gens-religions-of-the-known-world-design.md,https://en.wikipedia.org/wiki/Psychro_Cave,Polished / normalized,"Family, hierarchy, presentation scope, relationship model, readiness and start-date gating normalized."
cult-of-artemis-of-ephesus,Cult of Artemis of Ephesus,Hellenic / Greco-Roman,Cult / devotion,hellenic-religion,Normalized alias match: Hellenic Religion,Hellenic Religion + Anatolian local tradition,Cult or devotion within/alongside parent,Cult Overlay,Personal or household additive devotion,Additive-compatible,Polytheist / plural cult system,Additive / syncretic,State / civic institution,Syncretic; State-Sponsored,State-Sponsored (local); Syncretic; Pilgrimage,Priesthood; Syncretism; Pilgrimage; Local civic standing,Overlay system,Ready for content design,Tier 2 — Major regional,,Ancient; pre-133 BC,400,Declines with Christianization,Pre-game / ancient,Y,Y,Y,Y,N,N,Ephesus,Western Anatolia; famous across Mediterranean,Ephesians and pilgrims,Artemis Ephesia,Temple of Artemis at Ephesus,Civic/temple priesthoods,Additive,High,Well attested,,Local civic cult,Major local cult,Named cult in existing catalog,Cult / devotion layer,"Pilgrimage economy, civic prestige, Christian conflict",Centered on one of the Seven Wonders.,https://github.com/rdnovotni/gens/blob/main/docs/design/gens-religions-of-the-known-world-design.md,https://github.com/rdnovotni/gens/blob/main/docs/design/gens-religions-of-the-known-world-design.md,https://en.wikipedia.org/wiki/Temple_of_Artemis,Polished / normalized,"Family, hierarchy, presentation scope, relationship model, readiness and start-date gating normalized."
cult-of-the-cabeiri,Cult of the Cabeiri,Hellenic / Greco-Roman,Mystery cult,,No single parent resolved,Regional Aegean mystery traditions,Base / independent / unresolved relationship,Mystery Membership,Individual initiatory membership,Additive-compatible,Polytheist / plural cult system,Additive / syncretic,Local / regional cult institution,Initiatory,Initiatory; Protective; Smithing-coded,Initiation; Travel/navigation,Overlay system,Ready for event/light content,Tier 3 — Enrichment,,Ancient; pre-133 BC,400,Declines in late antiquity,Pre-game / ancient,Y,Y,Y,Y,N,N,Aegean / Boeotia / Lemnos,Localized Greek sanctuaries,Local initiates,Cabeiri/Kabeiroi,"Thebes, Lemnos and regional sites",Local sanctuary priesthoods,Additive,Medium,Moderately attested,Surviving evidence is limited or reconstruction is debated.,Mystery cult,Mystery cult,New CK3-style expansion,Cult / devotion layer,"Craft guild flavor, maritime protection, local initiation",Attestation varies by site and ritual tradition.,https://github.com/rdnovotni/gens/blob/main/docs/design/gens-religions-of-the-known-world-design.md,https://www.worldhistory.org/Mystery_Cults/,https://en.wikipedia.org/wiki/Cabeiri,Polished / normalized,"Family, hierarchy, presentation scope, relationship model, readiness and start-date gating normalized."
eleusinian-mysteries,Eleusinian Mysteries,Hellenic / Greco-Roman,Mystery cult,hellenic-religion,Normalized alias match: Hellenic Religion,Hellenic Religion,Cult or devotion within/alongside parent,Mystery Membership,Individual initiatory membership,Additive-compatible,Polytheist / plural cult system,Additive / syncretic,Diffuse / decentralized,Initiatory,Initiatory; Afterlife; Agricultural,Initiation; Pilgrimage,Overlay system,Ready for content design,Tier 2 — Major regional,,Ancient; pre-133 BC,395,Sanctuary destroyed/closed in late 4th c.,Pre-game / ancient,Y,Y,Y,Y,N,N,Eleusis / Attica,Greek world and elite Mediterranean networks,Greek and Roman initiates,Demeter and Kore/Persephone,Eleusis,Eleusinian priestly families,Additive,High,Well attested,,Mystery cult,Mystery cult,Named cult in existing catalog,Cult / devotion layer,"Prestige initiation, pilgrimage, elite networks",Among the most prestigious mystery rites of antiquity.,https://github.com/rdnovotni/gens/blob/main/docs/design/gens-religions-of-the-known-world-design.md,https://www.worldhistory.org/Mystery_Cults/,https://www.worldhistory.org/Eleusinian_Mysteries/,Polished / normalized,"Family, hierarchy, presentation scope, relationship model, readiness and start-date gating normalized."
hellenic-religion,Hellenic Religion,Hellenic / Greco-Roman,Religion / base tradition,,Base/contact layer: no parent required,Greek civic polytheisms,Base / independent / unresolved relationship,Full Faith,Household/community primary religion,Competing-exclusive,Polytheist / plural cult system,Exclusive / competitive,State / civic institution,Syncretic; Oracular,Syncretic; Oracular; Civic,Oracle/Auspices; Sacred calendar; Syncretism; Local civic standing,Primary religion/community state,Ready for content design,Tier 1 — Core,,Ancient; pre-133 BC,,Public cults suppressed in late antiquity; local survivals beyond,Pre-game / ancient,Y,Y,Y,Y,Y,Y,Greek world,"Greece, Aegean, western Anatolia, Greek colonies",Greeks and Hellenized populations,"Zeus, Hera, Athena, Apollo, Artemis, Demeter, Dionysus, etc.",Delphi; Dodona; Olympia; major polis sanctuaries,Decentralized civic priesthoods,Non-exclusive / additive,High,Well attested,,Religion / civic polytheism,Base faith,Core named faith in existing catalog,Religion / branch,"Oracle travel, festivals, polis ties, syncretism",Should remain a family of local civic cults rather than one centralized church.,https://github.com/rdnovotni/gens/blob/main/docs/design/gens-religions-of-the-known-world-design.md,https://github.com/rdnovotni/gens/blob/main/docs/design/gens-religions-of-the-known-world-design.md,https://www.worldhistory.org/Mystery_Cults/,Polished / normalized,"Family, hierarchy, presentation scope, relationship model, readiness and start-date gating normalized."
hercules-heracles-hero-cult,Hercules / Heracles Hero Cult,Hellenic / Greco-Roman,Cult / devotion,hellenic-religion,Normalized alias match: Hellenic and Roman civic religion,Hellenic and Roman civic religion,Cult or devotion within/alongside parent,Cult Overlay,Personal or household additive devotion,Additive-compatible,Polytheist / plural cult system,Additive / syncretic,State / civic institution,Martial-Coded,Hero-Cult; Martial-Coded; Protective,Military affinity,Overlay system,Ready for event/light content,Tier 3 — Enrichment,,Ancient; pre-133 BC,400,Declines with Christianization,Pre-game / ancient,Y,Y,Y,Y,N,N,Greek world / Italy,Mediterranean,"Greeks, Romans, soldiers, merchants",Heracles/Hercules,Numerous local sanctuaries,Local civic/hero cult priests,Additive,High,Well attested,,Hero cult,Personal/civic cult,New CK3-style expansion,Cult / devotion layer,"Strength, travel, soldiers, merchant associations",Hero cults are structurally different from mystery religions and should have their own classification.,https://github.com/rdnovotni/gens/blob/main/docs/design/gens-religions-of-the-known-world-design.md,https://www.worldhistory.org/Roman_Religion/,https://en.wikipedia.org/wiki/Heracles,Polished / normalized,"Family, hierarchy, presentation scope, relationship model, readiness and start-date gating normalized."
orphism-orphic-mysteries,Orphism / Orphic Mysteries,Hellenic / Greco-Roman,Mystery cult,hellenic-religion,Normalized alias match: Hellenic Religion,Hellenic Religion,Cult or devotion within/alongside parent,Mystery Membership,Individual initiatory membership,Additive-compatible,Polytheist / plural cult system,Additive / syncretic,Teacher / sect network,Initiatory,Initiatory; Ascetic; Afterlife; Purification,Initiation; Funerary/ancestor systems,Overlay system,Ready for event/light content,Tier 3 — Enrichment,,Archaic/Classical roots; pre-133 BC,400,Texts/practices persist into late antiquity,Pre-game / ancient,Y,Y,Y,Y,N,N,Greek world,Mediterranean intellectual/religious networks,Initiatory circles,Orpheus; Dionysian/underworld myth cycles,Distributed; no single center,Decentralized initiatory teachers,Additive,Medium–High,Moderately attested,Surviving evidence is limited or reconstruction is debated.,Mystery/religious movement,Mystery cult / school,New CK3-style expansion,Cult / devotion layer,"Funerary gold tablets, afterlife doctrines, ascetic characters",Best modeled as overlapping rites/texts rather than a centralized church.,https://github.com/rdnovotni/gens/blob/main/docs/design/gens-religions-of-the-known-world-design.md,https://www.worldhistory.org/Mystery_Cults/,https://en.wikipedia.org/wiki/Orphism_(religion),Polished / normalized,"Family, hierarchy, presentation scope, relationship model, readiness and start-date gating normalized."
samothracian-mysteries,Samothracian Mysteries,Hellenic / Greco-Roman,Mystery cult,hellenic-religion,Normalized alias match: Hellenic Religion,Hellenic Religion,Cult or devotion within/alongside parent,Mystery Membership,Individual initiatory membership,Additive-compatible,Polytheist / plural cult system,Additive / syncretic,Local / regional cult institution,Initiatory,Initiatory; Maritime; Protection,Initiation; Travel/navigation; Pilgrimage,Overlay system,Ready for event/light content,Tier 3 — Enrichment,,Ancient; pre-133 BC,400,Declines with Christianization,Pre-game / ancient,Y,Y,Y,Y,N,N,Samothrace,Aegean and maritime networks,"Greek/Roman initiates, sailors",Great Gods of Samothrace,"Sanctuary of the Great Gods, Samothrace",Sanctuary priesthood,Additive,High,Well attested,,Mystery cult,Mystery cult,New CK3-style expansion,Cult / devotion layer,"Sailor protection, elite initiation, Aegean pilgrimage",A major mystery center distinct from Eleusis.,https://github.com/rdnovotni/gens/blob/main/docs/design/gens-religions-of-the-known-world-design.md,https://www.worldhistory.org/Mystery_Cults/,https://en.wikipedia.org/wiki/Samothrace_temple_complex,Polished / normalized,"Family, hierarchy, presentation scope, relationship model, readiness and start-date gating normalized."
cult-of-asclepius-aesculapius,Cult of Asclepius / Aesculapius,Hellenic / Greco-Roman,Cult / devotion,hellenic-religion,Normalized alias match: Hellenic Religion,Hellenic Religion,Cult or devotion within/alongside parent,Cult Overlay,Personal or household additive devotion,Additive-compatible,Polytheist / plural cult system,Additive / syncretic,Local / regional cult institution,,Healing; Pilgrimage; Dream-Incubation,Omens; Healing/pilgrimage; Pilgrimage,Overlay system,Ready for event/light content,Tier 3 — Enrichment,-292,Official Roman adoption traditionally dated 293/292 BC,400,Continues into late antiquity before Christianization,Pre-game / ancient,Y,Y,Y,Y,N,N,Epidaurus / Greek world,"Mediterranean, especially urban healing sanctuaries","Greeks, Romans, pilgrims",Asclepius/Aesculapius,Epidaurus; Tiber Island; Pergamum,Temple healing priesthoods,Additive,High,Well attested,,Healing cult,Major local/personal cult,New CK3-style expansion,Cult / devotion layer,"Disease, pilgrimage, physician networks, dream omens",Excellent bridge between medicine and religion systems.,https://github.com/rdnovotni/gens/blob/main/docs/design/gens-religions-of-the-known-world-design.md,https://www.worldhistory.org/Roman_Religion/,https://en.wikipedia.org/wiki/Asclepius,Polished / normalized,"Family, hierarchy, presentation scope, relationship model, readiness and start-date gating normalized."
galatian-religious-blend,Galatian Religious Blend,Hellenic / Greco-Roman,Religion / base tradition,,Base/contact layer: no parent required,Gallic tradition + Anatolian/Hellenic cults,Base / independent / unresolved relationship,Full Faith,Household/community primary religion,Broadly compatible,Polytheist / plural cult system,Additive / syncretic,Local / regional cult institution,Syncretic,Syncretic,Syncretism,Primary religion/community state,Ready for content design,Tier 2 — Major regional,-275,Galatian migration into Anatolia in 3rd c. BC,400,Absorbed into broader Anatolian/Roman/Christian milieus,Pre-game / ancient,Y,Y,Y,Y,N,N,Central Anatolia,Galatia,Galatians,Celtic and Anatolian/Hellenic local gods,Pessinus and regional sanctuaries,Local priesthoods,Additive,High,Well attested,,Syncretic ethnic religion,Syncretic faith,Core named faith in existing catalog,Religion / branch,"Cultural drift, Anatolian politics, Cybele ties",A real long-lived blended environment rather than transplanted “pure Celtic” religion.,https://github.com/rdnovotni/gens/blob/main/docs/design/gens-religions-of-the-known-world-design.md,https://github.com/rdnovotni/gens/blob/main/docs/design/gens-religions-of-the-known-world-design.md,https://www.worldhistory.org/Mystery_Cults/,Polished / normalized,"Family, hierarchy, presentation scope, relationship model, readiness and start-date gating normalized."
cilician-cult-of-perasia,Cilician Cult of Perasia,Hellenic / Greco-Roman,Cult / devotion,hellenic-religion,Normalized alias match: Hellenic civic religion,Cilician local religion + Hellenic civic religion,Cult or devotion within/alongside parent,Cult Overlay,Personal or household additive devotion,Additive-compatible,Polytheist / plural cult system,Additive / syncretic,State / civic institution,Syncretic; State-Sponsored,Syncretic; State-Sponsored (locally); Local-Cult,Priesthood; Syncretism,Overlay system,Ready for event/light content,Tier 3 — Enrichment,-100,Pre-Roman local cult; particularly visible in first-century BC Hierapolis-Castabala,350,Later fate obscured by Christianization of Cilicia,133 BC–AD 235,N,Y,Y,N,N,N,Cilicia,Hierapolis-Castabala and eastern Cilicia,Cilicians and Hellenized civic elites,"Perasia, local manifestation linked to Kubaba",Hierapolis-Castabala,Civic temple priesthood,Additive / civic,High,Well attested,,Civic/local goddess cult,Local cult,Cilician start flavor; local ruler patronage; Hellenization; temple politics,Cult / devotion layer,Useful because the culture doc adds Cilician identity while the earlier religion sheet lacked a specific Cilician cult anchor.,https://www.cambridge.org/core/journals/anatolian-studies/article/abs/local-authority-and-civic-hellenism-tarcondimotus-hierapoliscastabala-and-the-cult-of-perasia/AC7C67E7C27AC2AD046E2B53DA4D38D4,https://github.com/rdnovotni/gens/blob/main/docs/design/gens-cultures-of-the-known-world-design.md,https://github.com/rdnovotni/gens/blob/main/docs/design/gens-cultures-of-the-known-world-design.md,,Polished / normalized,"Family, hierarchy, presentation scope, relationship model, readiness and start-date gating normalized."
neopythagoreanism,Neopythagoreanism,Hellenic / Greco-Roman,School / religio-philosophical movement,,No single parent resolved,Pythagorean tradition + Platonism,Base / independent / unresolved relationship,Intellectual School,Character intellectual/religious affiliation,Competing-exclusive,Philosophical / esoteric religious school,Exclusive / competitive,Teacher / sect network,,Ascetic; Philosophical; Esoteric; Purity; Numerological,,Character/event doctrine layer,Ready for event/light content,Tier 3 — Event/sect,-50,Revival visible in the late Republic and 1st century AD,300,Largely absorbed into Middle/Neoplatonic currents,133 BC–AD 235,N,Y,Y,N,N,N,Greco-Roman Mediterranean,"Rome, Alexandria, Greek East",Educated Greco-Roman elites and ascetics,Pythagoras; Nigidius Figulus; Apollonius of Tyana; Moderatus,"Schools, philosophical circles and shrines rather than a single holy site",Teacher-disciple schools,Non-exclusive philosophical identity,High,Well attested,,Religio-philosophical school,Philosophical sect / esoteric school,New CK3-style expansion,Sect / schism / school,"Scholar networks, ascetic traits, occult learning, pagan intellectual revival","Not a church-like religion, but it functioned as a strongly religious philosophical movement and feeds directly into Neoplatonic paganism.",https://github.com/rdnovotni/gens/blob/main/docs/design/gens-religions-of-the-known-world-design.md,https://en.wikisource.org/wiki/1911_Encyclop%C3%A6dia_Britannica/Neopythagoreanism,https://academic.oup.com/book/25737/chapter-abstract/193248317,Polished / normalized,"Family, hierarchy, presentation scope, relationship model, readiness and start-date gating normalized."
cult-of-antinous,Cult of Antinous,Hellenic / Greco-Roman,Cult / devotion,,No single parent resolved,Imperial cult + Hellenic hero cult,Base / independent / unresolved relationship,Cult Overlay,Personal or household additive devotion,Additive-compatible,Polytheist / plural cult system,Additive / syncretic,State / civic institution,Syncretic,Hero-Cult; Imperial; Syncretic,Syncretism,Overlay system,Ready for event/light content,Tier 3 — Enrichment,130,Created after Antinous’s death in AD 130,400,Declines with Christianization,133 BC–AD 235,N,N,Y,Y,N,N,Egypt / Hadrianic imperial world,Eastern Mediterranean and imperial cities,Urban devotees; imperial loyalists,Antinous,Antinoopolis; Mantineia and other cult sites,Civic cults under imperial patronage,Additive,High,Well attested,,Deified-person cult,Imperial/personal cult,Late-timeline extension,Cult / devotion layer,"Hadrian events, imperial favor, city foundations, beauty/hero cult",A dateable during-game cult with strong narrative hooks.,https://github.com/rdnovotni/gens/blob/main/docs/design/gens-religions-of-the-known-world-design.md,https://www.worldhistory.org/Roman_Imperial_Cult/,https://en.wikipedia.org/wiki/Antinous,Polished / normalized,"Family, hierarchy, presentation scope, relationship model, readiness and start-date gating normalized."
cult-of-glycon,Cult of Glycon,Hellenic / Greco-Roman,Cult / devotion,,No single parent resolved,Apollo/Asclepius-style oracular/healing environment,Base / independent / unresolved relationship,Cult Overlay,Personal or household additive devotion,Additive-compatible,Polytheist / plural cult system,Additive / syncretic,Teacher / sect network,Initiatory; Oracular,Oracular; Healing; Prophetic; Initiatory-adjacent,Oracle/Auspices; Initiation; Healing/pilgrimage,Overlay system,Ready for event/light content,Tier 3 — Enrichment,160,Founded by Alexander of Abonoteichus in 2nd c. AD,400,Attested into late antiquity,133 BC–AD 235,N,N,Y,Y,N,N,Paphlagonia,Black Sea and parts of Roman world,Urban devotees,Glycon; Alexander of Abonoteichus,Abonoteichus (Ionopolis),Founder-prophet and cult network,Additive,High,Well attested,,New prophetic cult,Cult / new religious movement,New CK3-style expansion,Cult / devotion layer,"Fraud/prophecy events, oracle competition, charismatic founder",Useful example of a genuinely new cult arising during the game window.,https://github.com/rdnovotni/gens/blob/main/docs/design/gens-religions-of-the-known-world-design.md,https://github.com/rdnovotni/gens/blob/main/docs/design/gens-religions-of-the-known-world-design.md,https://en.wikipedia.org/wiki/Glycon,Polished / normalized,"Family, hierarchy, presentation scope, relationship model, readiness and start-date gating normalized."
neoplatonic-paganism-theurgy,Neoplatonic Paganism / Theurgy,Hellenic / Greco-Roman,School / religio-philosophical movement,hellenic-religion,Normalized alias match: Hellenic Religion,Hellenic Religion + Platonism,School / intellectual movement within wider tradition,Intellectual School,Character intellectual/religious affiliation,Broadly compatible,Philosophical / esoteric religious school,Additive / syncretic,Teacher / sect network,Syncretic,Philosophical; Theurgic; Syncretic; Anti-Missionary,Syncretism; Mission/conversion,Character/event doctrine layer,Ready for event/light content,Tier 3 — Event/sect,250,Plotinus and later theurgic Neoplatonism emerge in 3rd c.,529,Athenian philosophical school closed by Justinian in AD 529; traditions continue elsewhere,AD 236–395,N,N,N,Y,Y,N,Eastern Mediterranean,"Alexandria, Athens, Syria, imperial intellectual centers","Philosophers, pagan elites",The One; traditional gods reinterpreted philosophically,Athens; Alexandria; philosophical schools,Teacher-school lineages,Usually compatible with traditional cult,High,Well attested,,Religious-philosophical movement,Philosophical faith/school,Late-timeline extension,Sect / schism / school,"Education, philosophy, pagan revival, court intellectuals",Important late-pagan alternative to Christianity for elite characters.,https://github.com/rdnovotni/gens/blob/main/docs/design/gens-religions-of-the-known-world-design.md,https://github.com/rdnovotni/gens/blob/main/docs/design/gens-religions-of-the-known-world-design.md,https://en.wikipedia.org/wiki/Neoplatonism,Polished / normalized,"Family, hierarchy, presentation scope, relationship model, readiness and start-date gating normalized."
aquitanian-vasconic-religion,Aquitanian / Vasconic Religion,Iberian / Vasconic,Regional branch,,No single parent resolved,Pre-Roman Aquitanian and Vasconic traditions,Base / independent / unresolved relationship,Regional Faith,Household/community primary religion in supported regions,Broadly compatible,Polytheist / plural cult system,Additive / syncretic,Local / regional cult institution,Syncretic; Thin-Record,Thin-Record; Syncretic; Local-Cult,Syncretism,Primary religion/community state,Research-limited — light mechanics,Tier 3 — Enrichment,,Pre-Roman; attested through imperial-era theonyms,550,Local pagan practice gradually recedes under Romanization and Christianization; exact endpoint uncertain,Pre-game / ancient,Y,Y,Y,Y,Y,N,Aquitania / western Pyrenees,"Aquitania, Vascon territory and western Pyrenees",Aquitanian and Vasconic populations,Dozens of local theonyms preserved in Latin inscriptions; Larrahe and others,Pyrenean and Aquitanian local sanctuaries,Local cults and votive practice,Additive / local,Medium–High,Thin / reconstructed,"Surviving evidence is thin; avoid over-specific doctrine, deity lists or institutional claims.",Ethnic / regional polytheism,Regional base faith,Basque/Aquitanian character flavor; mountain sanctuaries; local-vs-Roman syncretism,Religion / branch,The strongest secure evidence is epigraphic: Aquitanian personal names and roughly sixty divine names survive in Latin inscriptions.,https://www.cambridge.org/core/books/abs/language-change-and-linguistic-diversity/relationship-between-aquitanian-and-basque-achievements-and-challenges-of-the-comparative-method-in-a-context-of-poor-documentation/9EB6514ED397F9F107DF53036B83C842,https://github.com/rdnovotni/gens/blob/main/docs/design/gens-cultures-of-the-known-world-design.md,https://www.cambridge.org/core/journals/antiquity/article/vasconic-inscription-on-a-bronze-hand-writing-and-rituality-in-the-iron-age-irulegi-settlement-in-the-ebro-valley/645A15DF3D725F83D62F3D1FB5DF83EC,,Polished / normalized,"Family, hierarchy, presentation scope, relationship model, readiness and start-date gating normalized."
cult-of-endovelicus,Cult of Endovelicus,Iberian / Vasconic,Cult / devotion,iberian-lusitanian-tradition,Normalized alias match: Iberian / Lusitanian Tradition,Iberian / Lusitanian Tradition,Cult or devotion within/alongside parent,Cult Overlay,Personal or household additive devotion,Additive-compatible,Polytheist / plural cult system,Additive / syncretic,Local / regional cult institution,Syncretic,Syncretic; Healing; Chthonic; Votive,Syncretism; Healing/pilgrimage,Overlay system,Ready for content design,Tier 2 — Major regional,,Pre-Roman Lusitanian roots; Roman sanctuary flourishes from early imperial period,400,Cult center remains active for centuries before Christian transformation,Pre-game / ancient,Y,Y,Y,Y,N,N,Lusitania,São Miguel da Mota / Alentejo and surrounding Lusitanian region,Lusitanians and Roman provincials,Endovelicus,"São Miguel da Mota, Terena",Sanctuary cult and votive community,Additive / Romanized,High,Well attested,,Major regional deity cult,Local cult,Healing; dreams/oracles; local pilgrimage; Romanization of indigenous cult,Cult / devotion layer,"One of the best-attested indigenous Iberian deity cults, with a dense Latin votive corpus.",https://humanidadesdigitales.uc3m.es/s/DEPHis/item/63869,https://github.com/rdnovotni/gens/blob/main/docs/design/gens-cultures-of-the-known-world-design.md,https://repositorio.ulisboa.pt/server/api/core/bitstreams/5e2dcc61-c6d5-488c-96ce-30a7514c5e84/content,,Polished / normalized,"Family, hierarchy, presentation scope, relationship model, readiness and start-date gating normalized."
iberian-lusitanian-tradition,Iberian / Lusitanian Tradition,Iberian / Vasconic,Regional branch,,No single parent resolved,Indigenous Iberian religions,Base / independent / unresolved relationship,Regional Faith,Household/community primary religion in supported regions,Broadly compatible,Polytheist / plural cult system,Additive / syncretic,Local / regional cult institution,Syncretic; Thin-Record,Syncretic; Healing; Thin-Record,Syncretism; Healing/pilgrimage,Primary religion/community state,Research-limited — light mechanics,Tier 3 — Enrichment,,Ancient; pre-133 BC,450,Romanized/Christianized gradually,Pre-game / ancient,Y,Y,Y,Y,N,N,Iberian Peninsula,Lusitania and western/central Iberia,Lusitanians and related peoples,Endovelicus and local deities,Endovelicus sanctuaries in Lusitania,Local priesthoods,Additive,Medium,Thin / reconstructed,Surviving evidence is limited or reconstruction is debated.,Ethnic / regional polytheism,Base faith,Core named faith in existing catalog,Religion / branch,"Healing shrines, local identity, Roman syncretism",Endovelicus is a particularly useful attested anchor.,https://github.com/rdnovotni/gens/blob/main/docs/design/gens-religions-of-the-known-world-design.md,https://github.com/rdnovotni/gens/blob/main/docs/design/gens-religions-of-the-known-world-design.md,https://en.wikipedia.org/wiki/Endovelicus,Polished / normalized,"Family, hierarchy, presentation scope, relationship model, readiness and start-date gating normalized."
cult-of-ataecina,Cult of Ataecina,Iberian / Vasconic,Cult / devotion,iberian-lusitanian-tradition,Normalized alias match: Iberian / Lusitanian Tradition,Iberian / Lusitanian Tradition,Cult or devotion within/alongside parent,Cult Overlay,Personal or household additive devotion,Additive-compatible,Polytheist / plural cult system,Additive / syncretic,Local / regional cult institution,Syncretic,Syncretic; Chthonic; Protective; Local-Cult,Syncretism; Pilgrimage; Provincial identity,Overlay system,Ready for content design,Tier 2 — Major regional,-100,Indigenous cult securely visible in Roman-period Lusitania,400,Declines with Christianization of Lusitania,133 BC–AD 235,N,Y,Y,Y,N,N,Lusitania,Eastern Lusitania around Emerita Augusta and Turobriga/Turibriga,Lusitanians and Roman provincials,Ataecina / Atecina; occasionally associated with Proserpina,Santa Lucía del Trampal / proposed Turobriga cult zone,Regional sanctuary and votive cult,Additive / syncretic,High,Well attested,,Lusitanian indigenous goddess cult,Major local cult,Final-pass expansion,Cult / devotion layer,Local pilgrimage; underworld/fertility events; provincial syncretism; vows,"The major sanctuary assemblage includes fifteen Roman altars dedicated to Ataecina, making this one of the strongest missing Iberian cults.",https://github.com/rdnovotni/gens/blob/main/docs/design/gens-religions-of-the-known-world-design.md,https://aespa.revistas.csic.es/index.php/aespa/article/view/396/0,https://doi.org/10.3989/aespa.1995.v68.396,Added in finalized pass,Final bounded gap-fill added after repo and historical cross-check.
ajivika,Ajivika,Indic,Contact / distant tradition,,Base/contact layer: no parent required,Śramaṇa traditions,Base / independent / unresolved relationship,Contact Only,NPC / traveler / correspondence flavor only,Contact-only,Indic / dharmic,Context-dependent,Diffuse / decentralized,,Ascetic; Determinist; Monastic,Monastic institutions,Contact/flavor only,Deferred — contact only,Tier 4 — Contact/flavor,,Ancient; pre-133 BC,500,Declines over late antiquity; later survivals debated,Pre-game / ancient,Y,Y,Y,Y,Y,N,India,Indian subcontinent,Ajivika ascetics,Makkhali Gosala tradition,Indian centers,Ascetic orders,Bounded ascetic movement,Medium,Moderately attested,Surviving evidence is limited or reconstruction is debated.,Ascetic religious movement,Distant contact sect,New distant-contact expansion,Contact / flavor,"Philosophical travelers, fatalism traits, Indian flavor",Historical record is mostly from rival traditions.,https://github.com/rdnovotni/gens/blob/main/docs/design/gens-religions-of-the-known-world-design.md,https://github.com/rdnovotni/gens/blob/main/docs/design/gens-religions-of-the-known-world-design.md,https://en.wikipedia.org/wiki/%C4%80j%C4%ABvika,Polished / normalized,"Family, hierarchy, presentation scope, relationship model, readiness and start-date gating normalized."
brahmanical-early-hindu-traditions,Brahmanical / Early Hindu Traditions,Indic,Contact / distant tradition,,Base/contact layer: no parent required,Vedic/Brahmanical traditions,Base / independent / unresolved relationship,Contact Only,NPC / traveler / correspondence flavor only,Contact-only,Indic / dharmic,Exclusive / competitive,Local / regional cult institution,,Scriptural; Temple-Cult; Ritualist; Philosophical,Commerce/travel,Contact/flavor only,Deferred — contact only,Tier 4 — Contact/flavor,,Ancient; pre-133 BC,,Persists and evolves beyond AD 565,Pre-game / ancient,Y,Y,Y,Y,Y,Y,Indian subcontinent,India; rare Roman/Sasanian contact,Indian peoples,"Vishnu, Shiva, Devi and Vedic/Brahmanical deities in diverse traditions",Major Indian sacred centers (outside core map),Diverse priesthoods and sectarian institutions,Varies; generally not exclusive in Roman sense,High,Well attested,,Religion / Indic tradition family,Distant contact faith,Distant contact flavor in existing catalog,Contact / flavor,"Trade contacts, rare travelers, philosophy/religious texts",Use broad family label for rare contact unless India becomes a full playable region.,https://github.com/rdnovotni/gens/blob/main/docs/design/gens-religions-of-the-known-world-design.md,https://github.com/rdnovotni/gens/blob/main/docs/design/gens-religions-of-the-known-world-design.md,https://en.wikipedia.org/wiki/Hinduism,Polished / normalized,"Family, hierarchy, presentation scope, relationship model, readiness and start-date gating normalized."
jainism,Jainism,Indic,Contact / distant tradition,,Base/contact layer: no parent required,Śramaṇa traditions,Base / independent / unresolved relationship,Contact Only,NPC / traveler / correspondence flavor only,Contact-only,Indic / dharmic,Context-dependent,Monastic network,,Ascetic; Nonviolence; Scriptural; Merchant-Affinity,Commerce/travel,Contact/flavor only,Deferred — contact only,Tier 4 — Contact/flavor,,Ancient; Mahavira traditionally 6th c. BC,,Persists beyond AD 565,Pre-game / ancient,Y,Y,Y,Y,Y,Y,Indian subcontinent,India; rare western trade contact,Jains,Mahavira; Tirthankaras,Indian sacred centers,Monastic orders and lay communities,Strong community boundaries,High,Well attested,,Religion / ascetic tradition,Distant contact faith,New distant-contact expansion,Contact / flavor,"Merchant networks, nonviolence, trade diaspora flavor",Include as rare contact rather than a Mediterranean territorial faith.,https://github.com/rdnovotni/gens/blob/main/docs/design/gens-religions-of-the-known-world-design.md,https://github.com/rdnovotni/gens/blob/main/docs/design/gens-religions-of-the-known-world-design.md,https://en.wikipedia.org/wiki/Jainism,Polished / normalized,"Family, hierarchy, presentation scope, relationship model, readiness and start-date gating normalized."
parthian-iranian-zoroastrian-tradition,Parthian Iranian / Zoroastrian Tradition,Iranian / Zoroastrian,Religion / base tradition,,Base/contact layer: no parent required,Mazdaean/Iranian religion,Base / independent / unresolved relationship,Full Faith,Household/community primary religion,Competing-exclusive,Iranian Mazdean / dualist-monotheizing,Exclusive / competitive,Diffuse / decentralized,State-Sponsored; Fire-Venerating,Fire-Venerating; State-Sponsored; Scriptural; Dualist-coded,Priesthood,Primary religion/community state,Ready for content design,Tier 1 — Core,,Ancient; pre-133 BC,224,Transitions into Sasanian state-sponsored forms after AD 224,Pre-game / ancient,Y,Y,N,N,N,N,Iranian plateau / Mesopotamia,"Parthian Empire, Armenia, Mesopotamia",Parthians and Iranian peoples,Ahura Mazda; yazatas; fire cult,Iranian fire temples; local sanctuaries,Decentralized priestly houses under Arsacid rule,Generally communal; not missionary-exclusive,High,Well attested,,Religion / Iranian religious tradition,Base faith,Core named faith in existing catalog,Religion / branch,"Fire temples, Iranian diplomacy, religious minorities",The current repo calls this Parthian Zoroastrianism; historical standardization is looser under Arsacids.,https://github.com/rdnovotni/gens/blob/main/docs/design/gens-religions-of-the-known-world-design.md,https://www.worldhistory.org/Zoroastrianism/,https://github.com/rdnovotni/gens/blob/main/docs/design/gens-religions-of-the-known-world-design.md,Polished / normalized,"Family, hierarchy, presentation scope, relationship model, readiness and start-date gating normalized."
commagenian-greco-iranian-royal-cult,Commagenian Greco-Iranian Royal Cult,Iranian / Zoroastrian,Cult / devotion,hellenic-religion,Normalized alias match: Hellenic Religion,Hellenic Religion + Iranian religious traditions,Cult or devotion within/alongside parent,Cult Overlay,Personal or household additive devotion,Additive-compatible,Iranian Mazdean / dualist-monotheizing,Additive / syncretic,State / civic institution,Syncretic; State-Sponsored; Deliberately-Syncretic,Deliberately-Syncretic; Dynastic; Ancestor-Cult; State-Sponsored,Priesthood; Syncretism; Dynastic legitimacy,Overlay system,Ready for event/light content,Tier 3 — Enrichment,-69,"Religious reforms of Antiochus I of Commagene, c. 69–36 BC",72,Kingdom annexed by Rome; royal cult loses its political setting,133 BC–AD 235,N,Y,N,N,N,N,Commagene,"Commagene, upper Euphrates",Commagenian royal house and subjects,Zeus-Oromasdes; Apollo-Mithras-Helios-Hermes; Artagnes-Herakles-Ares; Commagene; Antiochus I,Nemrut Dağ; Arsameia,Royal priesthood under Antiochene dynastic patronage,Additive,High,Well attested,,Dynastic syncretic cult,Syncretic royal cult,New CK3-style expansion,Cult / devotion layer,"Royal legitimacy, border diplomacy, Greek-Persian identity, monumental cult",A textbook CK3-style syncretic faith/cult: consciously combining Greek and Iranian divine names and dynastic ancestor worship.,https://github.com/rdnovotni/gens/blob/main/docs/design/gens-religions-of-the-known-world-design.md,https://www.iranicaonline.org/articles/antiochus-of-commagene/,https://academic.oup.com/edited-volume/61673/chapter-abstract/550528780,Polished / normalized,"Family, hierarchy, presentation scope, relationship model, readiness and start-date gating normalized."
cult-of-mithras,Cult of Mithras,Iranian / Zoroastrian,Mystery cult,sasanian-zoroastrianism-mazdayasna,Normalized alias match: Zoroastrianism,Iranian imagery (not simply Zoroastrianism),Cult or devotion within/alongside parent,Mystery Membership,Individual initiatory membership,Additive-compatible,Iranian Mazdean / dualist-monotheizing,Additive / syncretic,Diffuse / decentralized,Initiatory; Martial-Coded,Initiatory; Martial-Coded; Brotherhood; Solar,Initiation; Military affinity,Overlay system,Ready for content design,Tier 2 — Major regional,80,Roman Mithraism becomes archaeologically visible in late 1st c. AD,400,Declines sharply in 4th c.,133 BC–AD 235,N,N,Y,Y,N,N,Roman military networks,"Western empire, Danube, Rhine, Rome, Britain",Especially soldiers and male associations,"Mithras, Sol; tauroctony iconography",Mithraea across military/civic centers,Cell-based initiatory groups,Additive,High,Well attested,,Mystery cult,Mystery cult,Named cult in existing catalog,Cult / devotion layer,"Military networks, initiatory ranks, veteran ties",Roman Mithraism is distinct from Iranian worship of Mithra.,https://github.com/rdnovotni/gens/blob/main/docs/design/gens-religions-of-the-known-world-design.md,https://www.worldhistory.org/Mystery_Cults/,https://www.worldhistory.org/Mithraic_Mysteries/,Polished / normalized,"Family, hierarchy, presentation scope, relationship model, readiness and start-date gating normalized."
sasanian-zoroastrianism-mazdayasna,Sasanian Zoroastrianism (Mazdayasna),Iranian / Zoroastrian,Religion / base tradition,parthian-iranian-zoroastrian-tradition,Explicit alias match,Parthian Iranian / Zoroastrian Tradition,Related tradition,Full Faith,Household/community primary religion,Context-dependent,Iranian Mazdean / dualist-monotheizing,Context-dependent,Local / regional cult institution,State-Sponsored; Fire-Venerating,Fire-Venerating; State-Sponsored; Scriptural; Purity; Dualist-coded,Priesthood,Primary religion/community state,Ready for content design,Tier 1 — Core,224,Sasanian dynasty begins AD 224; state religious institutions strengthen,,Persists beyond AD 565,133 BC–AD 235,N,N,Y,Y,Y,Y,Iranian plateau,Sasanian Empire,Persians and other Iranian populations,Ahura Mazda; Amesha Spentas; yazatas,Major fire temples; imperial Iranian sacred centers,King and organized priesthood; mowbeds,Communal; increasingly normative,High,Well attested,,Religion / state-sponsored Zoroastrianism,Reformed/state faith,Late-timeline extension,Religion / branch,"State religion, minority policy, Persian wars, fire-temple politics","Important for 3rd–6th c. campaigns, beyond the older AD 235 religion doc cutoff.",https://github.com/rdnovotni/gens/blob/main/docs/design/gens-religions-of-the-known-world-design.md,https://www.worldhistory.org/Zoroastrianism/,https://www.iranicaonline.org/articles/zoroastrianism-i-historical-review-up-to-the-arab-conquest/,Polished / normalized,"Family, hierarchy, presentation scope, relationship model, readiness and start-date gating normalized."
zurvanism-contested-category,Zurvanism (contested category),Iranian / Zoroastrian,Sect / heterodox movement,sasanian-zoroastrianism-mazdayasna,Normalized alias match: Zoroastrianism,Zoroastrianism,Sect / contested branch of parent,Minor Sect / Event,Character/event affiliation; not default map faith,Internal dispute / may be condemned,Iranian Mazdean / dualist-monotheizing,Context-dependent,Diffuse / decentralized,Fire-Venerating,Fire-Venerating; Dualist; Philosophical,Religious controversy,Character/event doctrine layer,Caution — optional/contested,Tier 3 — Event/sect,250,Late-antique evidence for Zurvan-centered doctrines; organized sect status debated,600,Debated; not securely an organized church,AD 236–395,N,N,N,Y,Y,Y,Sasanian Iran,Iranian theological circles,Some Zoroastrian communities/sources,Zurvan (Time) as primordial principle in some accounts,Zoroastrian ritual landscape,Zoroastrian priestly/intellectual networks,Within Zoroastrian communal religion,Low–Medium,Contested,Contested whether this was a coherent organized sect; implement cautiously.,Theological tendency / proposed school,School / possible heresy,Late-timeline extension,Sect / schism / school,"Court theology, doctrinal controversy, Persian religion flavor","Encyclopaedia Iranica explicitly calls organized “Zurvanism” hypothetical; keep as school, not hard faith.",https://github.com/rdnovotni/gens/blob/main/docs/design/gens-religions-of-the-known-world-design.md,https://www.iranicaonline.org/articles/zurvanism/,https://www.worldhistory.org/Zoroastrianism/,Polished / normalized,"Family, hierarchy, presentation scope, relationship model, readiness and start-date gating normalized."
mazdakism,Mazdakism,Iranian / Zoroastrian,Sect / heterodox movement,,No single parent resolved,Zoroastrian/Manichaean-influenced Iranian milieu,Base / independent / unresolved relationship,Minor Sect / Event,Character/event affiliation; not default map faith,Internal dispute / may be condemned,Iranian Mazdean / dualist-monotheizing,Context-dependent,State / civic institution,,Dualist-coded; Reformist; Communal; Anti-Elite,Dynastic legitimacy; Religious controversy,Character/event doctrine layer,Ready for event/light content,Tier 3 — Event/sect,490,"Mazdakite movement rises in late 5th c., associated with Kavadh I",529,Suppressed under Kavadh/Khusrō I around early 6th c.,AD 477–565,N,N,N,N,N,N,Sasanian Iran,Sasanian Empire,Iranian reformist communities,Mazdak,Sasanian court and Iranian communities,Movement leadership with temporary royal patronage,Bounded reform movement,Medium–High,Moderately attested,‘Heresy’ is a viewpoint-dependent gameplay label; preserve who condemned whom in event text.,Religious-social reform movement,Heresy / reform movement,Late-timeline extension,Sect / schism / school,"Social reform, elite backlash, royal policy, mass suppression",A major late-game Persian religious-political movement within the 565 cutoff.,https://github.com/rdnovotni/gens/blob/main/docs/design/gens-religions-of-the-known-world-design.md,https://www.iranicaonline.org/articles/mazdak-crossref/,https://en.wikipedia.org/wiki/Mazdakism,Polished / normalized,"Family, hierarchy, presentation scope, relationship model, readiness and start-date gating normalized."
second-temple-judaism,Second Temple Judaism,Jewish,Religion / base tradition,,Base/contact layer: no parent required,Israelite/Judaean religion,Base / independent / unresolved relationship,Full Faith,Household/community primary religion,Competing-exclusive,Jewish monotheism,Exclusive / competitive,Local / regional cult institution,Exclusive; Charitable/Communal,Exclusive; Scriptural; Charitable/Communal; Temple-Centered,Doctrine suppression; Charity/communal policy; Pilgrimage,Primary religion/community state,Ready for content design,Tier 1 — Core,-516,Second Temple period begins after rebuilding the Jerusalem Temple,70,Second Temple destroyed by Rome in AD 70,Pre-game / ancient,Y,Y,N,N,N,N,Judaea,Judaea and Jewish diaspora,Jews,God of Israel; Jerusalem Temple priesthood,Jerusalem,High priesthood / Temple institutions; local synagogues,Exclusive monotheism,High,Well attested,,Religion / temple-centered monotheism,Base faith,Core named faith in existing catalog,Religion / branch,"Temple pilgrimage, diaspora, revolt, legal exemptions","Parent environment for Pharisees, Sadducees, Essenes, early Jesus movement.",https://github.com/rdnovotni/gens/blob/main/docs/design/gens-religions-of-the-known-world-design.md,https://www.worldhistory.org/article/2335/origins-of-christian-antisemitism-in-the-gospels/,https://github.com/rdnovotni/gens/blob/main/docs/design/gens-religions-of-the-known-world-design.md,Polished / normalized,"Family, hierarchy, presentation scope, relationship model, readiness and start-date gating normalized."
hellenistic-judaism,Hellenistic Judaism,Jewish,Regional branch,second-temple-judaism,Normalized alias match: Second Temple Judaism,Second Temple Judaism,Regional expression / daughter tradition,Regional Faith,Household/community primary religion in supported regions,Competing-exclusive,Jewish monotheism,Exclusive / competitive,Teacher / sect network,Exclusive,Exclusive; Scriptural; Philosophical; Diaspora,Doctrine suppression; Local civic standing,Primary religion/community state,Ready for content design,Tier 2 — Major regional,-300,Develops in Hellenistic diaspora after Alexander’s conquests,300,Gradually feeds rabbinic and Christian intellectual worlds,Pre-game / ancient,Y,Y,Y,N,N,N,Alexandria / diaspora,"Egypt, Anatolia, Greek cities, Rome",Greek-speaking Jews,God of Israel; figures such as Philo,Jerusalem; Alexandria synagogues,"Synagogues, teachers, communities",Exclusive monotheism with Hellenistic cultural forms,High,Well attested,,Cultural-religious stream,Syncretic cultural branch,New CK3-style expansion,Religion / branch,"Diaspora education, Greek scripture, civic tensions","Not a separate religion in modern terms, but useful CK3-style cultural faith variant.",https://github.com/rdnovotni/gens/blob/main/docs/design/gens-religions-of-the-known-world-design.md,https://github.com/rdnovotni/gens/blob/main/docs/design/gens-religions-of-the-known-world-design.md,https://en.wikipedia.org/wiki/Hellenistic_Judaism,Polished / normalized,"Family, hierarchy, presentation scope, relationship model, readiness and start-date gating normalized."
sadducees,Sadducees,Jewish,Sect / heterodox movement,second-temple-judaism,Normalized alias match: Second Temple Judaism,Second Temple Judaism,Sect / contested branch of parent,Minor Sect / Event,Character/event affiliation; not default map faith,Internal dispute / may be condemned,Jewish monotheism,Exclusive / competitive,Diffuse / decentralized,Exclusive,Exclusive; Scriptural; Temple-Centered; Aristocratic,Doctrine suppression; Religious controversy,Character/event doctrine layer,Ready for event/light content,Tier 3 — Event/sect,-175,Roughly 200–150 BC emergence,70,Disappears after destruction of the Temple,Pre-game / ancient,Y,Y,N,N,N,N,Jerusalem,Judaea,Priestly/aristocratic Jewish elites,Temple priestly houses,Jerusalem Temple,High-priestly/aristocratic networks,Exclusive monotheism,High,Well attested,‘Heresy’/orthodoxy is viewpoint-dependent; event text should identify who condemns whom.,Sect / priestly party,Sect,New CK3-style expansion,Sect / schism / school,"Temple politics, aristocratic power, Roman collaboration/conflict",Strongly tied to the Temple institution.,https://github.com/rdnovotni/gens/blob/main/docs/design/gens-religions-of-the-known-world-design.md,https://www.worldhistory.org/Sadducees/,https://www.worldhistory.org/article/2335/origins-of-christian-antisemitism-in-the-gospels/,Polished / normalized,"Family, hierarchy, presentation scope, relationship model, readiness and start-date gating normalized."
essenes-qumran-movement,Essenes / Qumran Movement,Jewish,Sect / heterodox movement,second-temple-judaism,Normalized alias match: Second Temple Judaism,Second Temple Judaism,Sect / contested branch of parent,Minor Sect / Event,Character/event affiliation; not default map faith,Internal dispute / may be condemned,Jewish monotheism,Exclusive / competitive,Diffuse / decentralized,Exclusive,Exclusive; Apocalyptic; Purity; Communal; Ascetic,Doctrine suppression; Religious controversy,Character/event doctrine layer,Ready for event/light content,Tier 3 — Event/sect,-150,2nd c. BC emergence,70,Qumran destroyed during First Jewish Revolt; movement disappears from record,Pre-game / ancient,Y,Y,N,N,N,N,Judaean Desert,Judaea,Sectarian Jewish communities,Teacher of Righteousness (sectarian tradition),Qumran / Dead Sea region,Community leadership / priests,Exclusive monotheism,High,Well attested,‘Heresy’/orthodoxy is viewpoint-dependent; event text should identify who condemns whom.,Sect / separatist community,Sect,New CK3-style expansion,Sect / schism / school,"Apocalyptic events, communal property, desert communities","Often linked to Dead Sea Scrolls; “Essene = Qumran” remains a scholarly model, not absolute certainty.",https://github.com/rdnovotni/gens/blob/main/docs/design/gens-religions-of-the-known-world-design.md,https://www.worldhistory.org/article/2335/origins-of-christian-antisemitism-in-the-gospels/,https://en.wikipedia.org/wiki/Essenes,Polished / normalized,"Family, hierarchy, presentation scope, relationship model, readiness and start-date gating normalized."
pharisees,Pharisees,Jewish,Sect / heterodox movement,second-temple-judaism,Normalized alias match: Second Temple Judaism,Second Temple Judaism,Sect / contested branch of parent,Minor Sect / Event,Character/event affiliation; not default map faith,Internal dispute / may be condemned,Jewish monotheism,Exclusive / competitive,Teacher / sect network,Exclusive,Exclusive; Scriptural; Oral-Tradition; Purity; Resurrection,Doctrine suppression; Religious controversy,Character/event doctrine layer,Ready for event/light content,Tier 3 — Event/sect,-150,Emerges c. 150 BC,70,As a named Second Temple sect it fades after AD 70; traditions contribute to Rabbinic Judaism,Pre-game / ancient,Y,Y,N,N,N,N,Judaea,Judaea,Jews,Pharisaic teachers; Oral Law tradition,Jerusalem and local communities,Teacher/school networks,Exclusive monotheism,High,Well attested,‘Heresy’/orthodoxy is viewpoint-dependent; event text should identify who condemns whom.,Sect / legal-religious school,Sect,New CK3-style expansion,Sect / schism / school,"Law interpretation, popular support, post-Temple transition",WHE dates emergence to c. 150 BC.,https://github.com/rdnovotni/gens/blob/main/docs/design/gens-religions-of-the-known-world-design.md,https://www.worldhistory.org/Pharisees/,https://www.worldhistory.org/article/2335/origins-of-christian-antisemitism-in-the-gospels/,Polished / normalized,"Family, hierarchy, presentation scope, relationship model, readiness and start-date gating normalized."
therapeutae,Therapeutae,Jewish,Sect / heterodox movement,rabbinic-judaism,Normalized alias match: Judaism,Hellenistic Judaism,Sect / contested branch of parent,Minor Sect / Event,Character/event affiliation; not default map faith,Internal dispute / may be condemned,Jewish monotheism,Exclusive / competitive,Diffuse / decentralized,Exclusive,Exclusive; Ascetic; Contemplative; Communal,Doctrine suppression; Religious controversy,Character/event doctrine layer,Ready for event/light content,Tier 3 — Event/sect,-20,Known from Philo around turn of era; exact origin uncertain,150,Later fate unclear,133 BC–AD 235,N,Y,N,N,N,N,Egypt near Alexandria,Egypt,Jewish ascetic communities,No unique founder known,Lake Mareotis region (traditional association),Community elders,Exclusive monotheism,Medium,Moderately attested,Surviving evidence is limited or reconstruction is debated.,Ascetic contemplative movement,Sect / monastic precursor,New CK3-style expansion,Sect / schism / school,"Ascetic retreats, scholarship, communal worship",Evidence is limited and largely dependent on Philo.,https://github.com/rdnovotni/gens/blob/main/docs/design/gens-religions-of-the-known-world-design.md,https://github.com/rdnovotni/gens/blob/main/docs/design/gens-religions-of-the-known-world-design.md,https://en.wikipedia.org/wiki/Therapeutae,Polished / normalized,"Family, hierarchy, presentation scope, relationship model, readiness and start-date gating normalized."
zealots,Zealots,Jewish,Sect / heterodox movement,second-temple-judaism,Normalized alias match: Second Temple Judaism,Second Temple Judaism,Sect / contested branch of parent,Minor Sect / Event,Character/event affiliation; not default map faith,Internal dispute / may be condemned,Jewish monotheism,Exclusive / competitive,Diffuse / decentralized,Exclusive; Martial-Coded,Exclusive; Martial-Coded; Apocalyptic; Anti-Imperial,Doctrine suppression; Military affinity; Religious controversy,Character/event doctrine layer,Ready for event/light content,Tier 3 — Event/sect,6,Associated with anti-Roman resistance from early 1st c. AD; prominent in AD 66 revolt,73,Destroyed/scattered after First Jewish Revolt,133 BC–AD 235,N,N,N,N,N,N,Judaea,Judaea,Anti-Roman Jewish militants,God alone as king; rebel leaders,Jerusalem; rebel strongholds,Factional/rebel leadership,Exclusive monotheism,High,Well attested,‘Heresy’/orthodoxy is viewpoint-dependent; event text should identify who condemns whom.,Sect / militant religious-political movement,Militant sect,New CK3-style expansion,Sect / schism / school,"Rebellion, anti-tax politics, Roman repression",Do not project a single unified Zealot party backward across all resistance.,https://github.com/rdnovotni/gens/blob/main/docs/design/gens-religions-of-the-known-world-design.md,https://www.worldhistory.org/article/2335/origins-of-christian-antisemitism-in-the-gospels/,https://en.wikipedia.org/wiki/Zealots,Polished / normalized,"Family, hierarchy, presentation scope, relationship model, readiness and start-date gating normalized."
sicarii,Sicarii,Jewish,Sect / heterodox movement,zealots,Normalized direct-name match,Zealots / anti-Roman Jewish resistance,Sect / contested branch of parent,Minor Sect / Event,Character/event affiliation; not default map faith,Internal dispute / may be condemned,Jewish monotheism,Exclusive / competitive,Diffuse / decentralized,Exclusive; Martial-Coded,Exclusive; Martial-Coded; Secretive; Anti-Imperial,Doctrine suppression; Military affinity; Religious controversy,Character/event doctrine layer,Ready for event/light content,Tier 3 — Event/sect,50,Mid-1st c. AD,73,Defeated after First Jewish Revolt / Masada tradition,133 BC–AD 235,N,N,N,N,N,N,Judaea,Judaea,Radical anti-Roman militants,Named rebel leaders; no distinct theology known,Jerusalem; Masada,Cell/faction leadership,Exclusive monotheism,High,Well attested,‘Heresy’/orthodoxy is viewpoint-dependent; event text should identify who condemns whom.,Militant splinter faction,Militant sect,New CK3-style expansion,Sect / schism / school,"Assassination plots, revolt, faction terror","Primarily a political-militant faction inside Jewish religious society, not a separate theology.",https://github.com/rdnovotni/gens/blob/main/docs/design/gens-religions-of-the-known-world-design.md,https://www.worldhistory.org/article/2335/origins-of-christian-antisemitism-in-the-gospels/,https://en.wikipedia.org/wiki/Sicarii,Polished / normalized,"Family, hierarchy, presentation scope, relationship model, readiness and start-date gating normalized."
rabbinic-judaism,Rabbinic Judaism,Jewish,Religion / base tradition,,Base/contact layer: no parent required,Pharisaic and broader post-Temple Judaism,Base / independent / unresolved relationship,Full Faith,Household/community primary religion,Competing-exclusive,Jewish monotheism,Exclusive / competitive,Diffuse / decentralized,Exclusive,Exclusive; Scriptural; Oral-Tradition; Communal,Doctrine suppression,Primary religion/community state,Ready for content design,Tier 1 — Core,70,Develops after AD 70; rabbinic institutions consolidate in 2nd–6th c.,,Persists beyond AD 565,133 BC–AD 235,N,N,Y,Y,Y,Y,Judaea / Galilee / Babylonia,Roman/Byzantine and Sasanian Jewish communities,Jews,Rabbinic sages; Mishnah and Talmudic traditions,Jerusalem memory; Galilee; Babylonian academies,Rabbinic scholarly leadership; local communities,Exclusive monotheism,High,Well attested,,Religion / post-Temple tradition,Successor faith,Late-timeline extension,Religion / branch,"Post-Temple adaptation, law, diaspora schools, Byzantine/Sasanian relations",Essential for campaigns after AD 70.,https://github.com/rdnovotni/gens/blob/main/docs/design/gens-religions-of-the-known-world-design.md,https://github.com/rdnovotni/gens/blob/main/docs/design/gens-religions-of-the-known-world-design.md,https://en.wikipedia.org/wiki/Rabbinic_Judaism,Polished / normalized,"Family, hierarchy, presentation scope, relationship model, readiness and start-date gating normalized."
himyarite-judaism,Himyarite Judaism,Jewish,Regional branch,rabbinic-judaism,Normalized alias match: Judaism,Judaism,Regional expression / daughter tradition,Regional Faith,Household/community primary religion in supported regions,Competing-exclusive,Jewish monotheism,Exclusive / competitive,State / civic institution,Exclusive; State-Sponsored,Exclusive; State-Sponsored; Scriptural; Communal,Priesthood; Doctrine suppression; Commerce/travel,Primary religion/community state,Ready for content design,Tier 2 — Major regional,380,Judaism becomes prominent among Himyarite elites by late 4th–5th c.; chronology debated,525,Himyarite Jewish royal regime ends after Aksumite intervention,AD 236–395,N,N,N,Y,Y,N,Yemen / Himyar,Arabia Felix,Himyarite elites and Jewish communities,God of Israel; local Jewish institutions,South Arabian Jewish centers; Jerusalem orientation,Royal patronage + Jewish communities,Exclusive monotheism,Medium–High,Moderately attested,Surviving evidence is limited or reconstruction is debated.,Royal/regional Jewish tradition,Regional state faith,Late-timeline extension,Religion / branch,"Arabia politics, Aksum conflict, Red Sea trade",Important late-game Arabian development; exact conversion chronology is debated.,https://github.com/rdnovotni/gens/blob/main/docs/design/gens-religions-of-the-known-world-design.md,https://github.com/rdnovotni/gens/blob/main/docs/design/gens-religions-of-the-known-world-design.md,https://en.wikipedia.org/wiki/Himyarite_Kingdom#Jewish_monarchy,Polished / normalized,"Family, hierarchy, presentation scope, relationship model, readiness and start-date gating normalized."
mandaeism,Mandaeism,Mandaean,Religion / base tradition,,Base/contact layer: no parent required,Late-antique baptist/Gnostic milieu,Base / independent / unresolved relationship,Full Faith,Household/community primary religion,Competing-exclusive,Gnostic / dualist-coded,Exclusive / competitive,Local / regional cult institution,,Baptismal; Gnostic; Dualist; Scriptural; Ritualist,,Primary religion/community state,Ready for content design,Tier 2 — Major regional,200,Origins disputed; dateable Mandaic/Gnostic evidence from 3rd–4th c. AD,,Persists beyond AD 565,133 BC–AD 235,N,N,Y,Y,Y,Y,Southern Mesopotamia / Khuzestan,Lower Mesopotamia and southwest Iran,Mandaeans/Nasoraeans,Hayyi Rabbi; John the Baptist honored; Mandaean priesthood,Running rivers/canals; mandi cult sites,Hereditary/ordained priesthood,Exclusive community identity,Medium,Moderately attested,Surviving evidence is limited or reconstruction is debated.,Religion / Gnostic baptist ethnoreligion,Base faith,Late-timeline extension,Religion / branch,"River rites, minority politics, Sasanian religious landscape",Origins are disputed; confidence is lower for 1st–2nd c. claims than for late-antique presence.,https://github.com/rdnovotni/gens/blob/main/docs/design/gens-religions-of-the-known-world-design.md,https://www.iranicaonline.org/articles/mandaeans/mandaeans-ii-the-mandaean-religion/,https://www.iranicaonline.org/articles/mandaeans/mandaeans-i-history/,Polished / normalized,"Family, hierarchy, presentation scope, relationship model, readiness and start-date gating normalized."
manichaeism,Manichaeism,Manichaean,Religion / base tradition,,Base/contact layer: no parent required,Elkhasaite/Jewish-Christian + Christian/Gnostic + Iranian + Buddhist elements,Base / independent / unresolved relationship,Full Faith,Household/community primary religion,Competing-exclusive,Dualist universal religion,Exclusive / competitive,Transregional ecclesiastical hierarchy,Syncretic; Exclusive; Deliberately-Syncretic,Exclusive; Missionary; Dualist; Scriptural; Ascetic; Deliberately-Syncretic,Syncretism; Doctrine suppression; Persecution/proscription; Mission/conversion,Primary religion/community state,Ready for content design,Tier 1 — Core,240,Mani begins public preaching c. AD 240,,Persists beyond AD 565; western communities decline later,AD 236–395,N,N,N,Y,Y,Y,Mesopotamia / Sasanian Empire,"Roman, Sasanian, Central Asian and later wider networks",Manichaeans,Mani,Mesopotamian mission centers; later broad network,Organized Manichaean church hierarchy,Exclusive universal religion,High,Well attested,,Independent universal religion,New religion / rival universal faith,Existing named emerging faith; needs timeline update,Religion / branch,"Missionary religion, persecution by Christian/Zoroastrian states, long-distance networks",Current repo calls it a rumor at old AD 235 cutoff; under current 565 range it must be fully playable.,https://github.com/rdnovotni/gens/blob/main/docs/design/gens-religions-of-the-known-world-design.md,https://www.iranicaonline.org/articles/iran-ix1-religions-in-iran/iran-ix12-manicheism/,https://www.iranicaonline.org/articles/manicheism-parent/manicheism-1-general-survey/,Polished / normalized,"Family, hierarchy, presentation scope, relationship model, readiness and start-date gating normalized."
harranian-moon-and-astral-paganism,Harranian Moon and Astral Paganism,Mesopotamian,Regional branch,mesopotamian-temple-traditions,Normalized direct-name match,Mesopotamian Temple Traditions + Hellenistic astral religion,Regional expression / daughter tradition,Regional Faith,Household/community primary religion in supported regions,Broadly compatible,Polytheist / plural cult system,Additive / syncretic,Local / regional cult institution,Syncretic; Oracular,Astral; Oracular; Temple-Cult; Syncretic; Aniconic-elements,Oracle/Auspices; Syncretism,Primary religion/community state,Ready for content design,Tier 2 — Major regional,,Ancient cult of Sîn; pre-133 BC,,Continues beyond AD 565 and survives into the early Islamic period,Pre-game / ancient,Y,Y,Y,Y,Y,Y,Harran / Carrhae,Osroene and northern Mesopotamia,Harranians and neighboring Syrian/Mesopotamian communities,Sîn; Bat-Nikkal; Nergal-like local deity; Atargatis/Tar'atha; astral gods,Temple of Sîn at Harran,Urban temple priesthoods and local cult specialists,Additive,High,Well attested,,Urban temple religion / late pagan survival,Regional surviving pagan faith,New CK3-style expansion,Religion / branch,"Late pagan stronghold, oracle consultation, Persian frontier, Julian-era events",Particularly valuable for late-game eastern campaigns because Harran remained famous as a pagan center when neighboring Edessa was Christian.,https://github.com/rdnovotni/gens/blob/main/docs/design/gens-religions-of-the-known-world-design.md,https://www.iranicaonline.org/articles/harran/,https://doi.org/10.4467/20800909EL.23.011.17328,Polished / normalized,"Family, hierarchy, presentation scope, relationship model, readiness and start-date gating normalized."
mesopotamian-temple-traditions,Mesopotamian Temple Traditions,Mesopotamian,Regional branch,,No single parent resolved,Babylonian/Assyrian cult heritage,Base / independent / unresolved relationship,Regional Faith,Household/community primary religion in supported regions,Broadly compatible,Polytheist / plural cult system,Additive / syncretic,Local / regional cult institution,Syncretic,Astral; Temple-Cult; Syncretic,Syncretism,Primary religion/community state,Ready for content design,Tier 2 — Major regional,,Ancient; pre-133 BC,500,Some local pagan centers persist deep into late antiquity,Pre-game / ancient,Y,Y,Y,Y,Y,N,Mesopotamia,"Babylonia, northern Mesopotamia, Harran region",Aramaic and Mesopotamian communities,"Sin, Shamash, Nabu and localized deities",Harran; local temple cities,Temple priesthoods,Additive,Medium,Moderately attested,Surviving evidence is limited or reconstruction is debated.,Regional temple polytheism,Base faith,New CK3-style expansion,Religion / branch,"Mesopotamian city cults, astronomy, Persian/Roman borderland","Should be handled as late survivals and local continuities, not a restored Neo-Babylonian state religion.",https://github.com/rdnovotni/gens/blob/main/docs/design/gens-religions-of-the-known-world-design.md,https://github.com/rdnovotni/gens/blob/main/docs/design/gens-religions-of-the-known-world-design.md,https://en.wikipedia.org/wiki/Ancient_Mesopotamian_religion,Polished / normalized,"Family, hierarchy, presentation scope, relationship model, readiness and start-date gating normalized."
chaldean-theurgy-chaldean-oracles,Chaldean Theurgy / Chaldean Oracles,Mesopotamian / Hellenistic Esotericism,School / religio-philosophical movement,,No single parent resolved,Middle Platonism + eastern religious imagery,Base / independent / unresolved relationship,Intellectual School,Character intellectual/religious affiliation,Competing-exclusive,Philosophical / esoteric religious school,Exclusive / competitive,Teacher / sect network,Oracular,Theurgic; Oracular; Esoteric; Philosophical,Oracle/Auspices,Character/event doctrine layer,Ready for event/light content,Tier 3 — Event/sect,150,Chaldean Oracles composed in 2nd c. AD,550,Influential throughout late antique Neoplatonism,133 BC–AD 235,N,N,Y,Y,Y,N,Eastern Mediterranean,"Philosophical circles in Syria, Anatolia, Alexandria, Athens",Theurgists and philosophers,Hecate and hierarchical divine powers in the Oracles,No single holy site,Teacher/text lineages,Non-exclusive,Medium–High,Moderately attested,Surviving evidence is limited or reconstruction is debated.,Esoteric theurgic school,Esoteric school,Late-timeline extension,Sect / schism / school,"Ritual magic, philosophical schools, oracle mechanics",A strong content bridge for magic/ritual flavor without treating it as mass religion.,https://github.com/rdnovotni/gens/blob/main/docs/design/gens-religions-of-the-known-world-design.md,https://github.com/rdnovotni/gens/blob/main/docs/design/gens-religions-of-the-known-world-design.md,https://en.wikipedia.org/wiki/Chaldean_Oracles,Polished / normalized,"Family, hierarchy, presentation scope, relationship model, readiness and start-date gating normalized."
numidian-berber-tradition,Numidian / Berber Tradition,North African / Punic-Berber,Regional branch,,No single parent resolved,Indigenous North African religions,Base / independent / unresolved relationship,Regional Faith,Household/community primary religion in supported regions,Broadly compatible,Polytheist / plural cult system,Additive / syncretic,Diffuse / decentralized,Syncretic; Thin-Record,Syncretic; Thin-Record,Syncretism,Primary religion/community state,Research-limited — light mechanics,Tier 3 — Enrichment,,Ancient; pre-133 BC,500,Romanized/Christianized gradually,Pre-game / ancient,Y,Y,Y,Y,Y,N,Numidia / Mauretania,North Africa west of Carthage,"Numidians, Berbers",Local deities; later strong Saturn/Baal syncretism,Local sanctuaries,Local priests / tribal traditions,Additive,Low–Medium,Thin / reconstructed,Surviving evidence is limited or reconstruction is debated.,Ethnic / regional polytheism,Base faith,Core named faith in existing catalog,Religion / branch,"Frontier identity, Roman-African syncretism",Specific theology is poorly documented; sheet intentionally keeps it broad.,https://github.com/rdnovotni/gens/blob/main/docs/design/gens-religions-of-the-known-world-design.md,https://github.com/rdnovotni/gens/blob/main/docs/design/gens-religions-of-the-known-world-design.md,https://www.worldhistory.org/Carthage/,Polished / normalized,"Family, hierarchy, presentation scope, relationship model, readiness and start-date gating normalized."
punic-carthaginian-religion,Punic / Carthaginian Religion,North African / Punic-Berber,Religion / base tradition,phoenician-religion,Direct name match,Phoenician religion,Related tradition,Full Faith,Household/community primary religion,Broadly compatible,Polytheist / plural cult system,Additive / syncretic,State / civic institution,Syncretic,Syncretic; Civic; Sacrificial,Syncretism; Local civic standing,Primary religion/community state,Ready for content design,Tier 1 — Core,,Ancient Phoenician-Punic tradition; pre-133 BC,400,Survives under Roman rule in syncretized forms,Pre-game / ancient,Y,Y,Y,Y,N,N,Carthage / western Phoenician colonies,"North Africa, Sardinia, western Mediterranean",Punic communities,"Baal Hammon, Tanit, Melqart, Eshmun",Carthage; Punic sanctuaries,Temple priesthoods and civic elites,Additive,High,Well attested,,Ethnic / civic polytheism,Base faith,Core named faith in existing catalog,Religion / branch,"Carthaginian identity, Roman-African syncretism, temple politics",Handle ancient child-sacrifice claims cautiously; modern scholarship debates interpretation of tophet evidence.,https://github.com/rdnovotni/gens/blob/main/docs/design/gens-religions-of-the-known-world-design.md,https://github.com/rdnovotni/gens/blob/main/docs/design/gens-religions-of-the-known-world-design.md,https://www.worldhistory.org/Carthaginian_Religion/,Polished / normalized,"Family, hierarchy, presentation scope, relationship model, readiness and start-date gating normalized."
african-liber-pater,African Liber Pater,North African / Punic-Berber,Cult / devotion,punic-carthaginian-religion,Normalized alias match: Punic / Carthaginian Religion,Roman-African Saturn Cult + Punic / Carthaginian Religion,Cult or devotion within/alongside parent,Cult Overlay,Personal or household additive devotion,Additive-compatible,Polytheist / plural cult system,Additive / syncretic,State / civic institution,Syncretic,Syncretic; Fertility; Civic; Dionysian-coded,Sacred calendar; Syncretism; Local civic standing,Overlay system,Ready for event/light content,Tier 3 — Enrichment,-100,Cult is widespread in Roman Africa by the late Republic / early Empire,450,Declines through late antique Christianization,133 BC–AD 235,N,Y,Y,Y,N,N,Roman North Africa,"Africa Proconsularis, Numidia, Tripolitania and Mauretania",Roman Africans; Punic and Berber communities,Liber Pater; sometimes connected in scholarship with Shadrapha and local divine traditions,Lepcis Magna; Madaura; numerous African civic sanctuaries,"Municipal priesthoods, associations and local sanctuaries",Additive / syncretic,Medium–High,Moderately attested,,Romano-African syncretic deity cult,Major regional cult,Final-pass expansion,Cult / devotion layer,Festivals; wine/agriculture; African civic identity; associations; Severan-era patronage,"The African cult of Liber Pater was extremely popular, but its exact relationship to Greco-Roman Liber/Dionysus and local Punic-Berber gods varied by place.",https://github.com/rdnovotni/gens/blob/main/docs/design/gens-religions-of-the-known-world-design.md,https://e-revistas.uc3m.es/index.php/ARYS/en/article/view/9244,https://www.persee.fr/doc/efr_0000-0000_1986_act_89_1_11511,Added in finalized pass,Final bounded gap-fill added after repo and historical cross-check.
dea-caelestis-tanit-caelestis,Dea Caelestis / Tanit-Caelestis,North African / Punic-Berber,Cult / devotion,punic-carthaginian-religion,Normalized alias match: Punic / Carthaginian Religion,Punic / Carthaginian Religion,Cult or devotion within/alongside parent,Cult Overlay,Personal or household additive devotion,Additive-compatible,Polytheist / plural cult system,Additive / syncretic,State / civic institution,Syncretic; State-Sponsored; Oracular,Syncretic; State-Sponsored; Oracular; Provincial-Identity,Oracle/Auspices; Priesthood; Syncretism; Local civic standing; Provincial identity,Overlay system,Ready for content design,Tier 2 — Major regional,-100,Roman-era successor/translation of Tanit is established by the late Republic and early Empire,421,Public cult in Carthage is progressively restricted and dismantled c. AD 399–421,133 BC–AD 235,N,Y,Y,Y,N,N,Carthage / Africa Proconsularis,"Carthage, Africa Proconsularis, Numidia and African diaspora communities",Roman Africans; Punic-descended communities; urban elites,Tanit / Tinnit; Juno Caelestis; Dea Caelestis,Temple of Caelestis at Carthage,Major civic temple with elite patronage and oracle traditions,Additive / syncretic,High,Well attested,,Romano-Punic civic goddess cult,Major civic / provincial cult,Final-pass expansion,Cult / devotion layer,Carthaginian civic identity; provincial prestige; oracle; pagan-Christian conflict; African diaspora,Caelestis inherited major aspects of Tanit and became an emblematic Roman-African goddess; late survival should not be overstated after the early fifth-century restrictions.,https://github.com/rdnovotni/gens/blob/main/docs/design/gens-religions-of-the-known-world-design.md,https://academic.oup.com/edited-volume/61673/chapter-abstract/548561789,https://ora.ox.ac.uk/objects/uuid%3A68cdfb98-0e20-47f4-8013-68402cbc2f5f,Added in finalized pass,Final bounded gap-fill added after repo and historical cross-check.
roman-african-saturn-cult,Roman-African Saturn Cult,North African / Punic-Berber,Cult / devotion,roman-state-religion,Normalized alias match: Roman State Religion,Punic Religion + Roman State Religion,Cult or devotion within/alongside parent,Cult Overlay,Personal or household additive devotion,Additive-compatible,Polytheist / plural cult system,Additive / syncretic,State / civic institution,Syncretic,Syncretic; Agricultural; Civic,Syncretism; Local civic standing; Provincial identity,Overlay system,Ready for content design,Tier 2 — Major regional,-100,Develops strongly under Roman rule from Baal Hammon/Saturn identification,450,Declines with Christianization,133 BC–AD 235,N,Y,Y,Y,N,N,Roman North Africa,"Africa Proconsularis, Numidia",Punic and Roman-African populations,Saturnus Africanus / Baal Hammon,North African Saturn sanctuaries,Local/civic priesthoods,Additive,High,Well attested,,Syncretic regional cult,Syncretic cult,New CK3-style expansion,Cult / devotion layer,"Provincial identity, agricultural favor, Romanization",One of the clearest durable Roman-Punic religious syntheses.,https://github.com/rdnovotni/gens/blob/main/docs/design/gens-religions-of-the-known-world-design.md,https://github.com/rdnovotni/gens/blob/main/docs/design/gens-religions-of-the-known-world-design.md,https://en.wikipedia.org/wiki/Saturn_(mythology)#Roman_Africa,Polished / normalized,"Family, hierarchy, presentation scope, relationship model, readiness and start-date gating normalized."
cult-of-gurzil,Cult of Gurzil,North African / Punic-Berber,Cult / devotion,numidian-berber-tradition,Normalized alias match: Numidian / Berber Tradition,Numidian / Berber Tradition,Cult or devotion within/alongside parent,Cult Overlay,Personal or household additive devotion,Additive-compatible,Polytheist / plural cult system,Context-dependent,Diffuse / decentralized,Martial-Coded; Thin-Record,Martial-Coded; Thin-Record; Local-Cult,Military affinity,Overlay system,Research-limited — light mechanics,Tier 3 — Enrichment,500,"Gurzil is securely described in sixth-century sources, though the cult may be older",547,Cult image is captured/destroyed in the Byzantine-Moorish wars; later cult memory may persist,AD 477–565,N,N,N,N,N,N,Tripolitania / Libyan-Berber frontier,Tripolitania and Laguatan/Austuriani spheres,Laguatan and related Berber groups,Gurzil; associated by Corippus with Ammon and a bovine manifestation,Possible associations with Ghirza; mobile cult image in Corippus,Tribal priest-war leaders,Local / tribal,Medium,Thin / reconstructed,"Surviving evidence is limited; avoid over-specific doctrines, pantheons or institutions.",Late antique Berber martial cult,Late-timeline local cult,Final-pass expansion,Cult / devotion layer,Late-game Moorish wars; war cult; mobile idol; anti-Byzantine resistance; frontier religion,One of the rare named indigenous North African cults securely visible at the very end of Gens' AD 565 horizon.,https://github.com/rdnovotni/gens/blob/main/docs/design/gens-religions-of-the-known-world-design.md,https://e-revistas.uc3m.es/index.php/REVHISTO/en/article/view/6549,https://e-revistas.uc3m.es/index.php/REVHISTO/en/article/download/6549/5110/,Added in finalized pass,Final bounded gap-fill added after repo and historical cross-check.
aksumite-traditional-religion,Aksumite Traditional Religion,Nubian / Horn of Africa,Religion / base tradition,,Base/contact layer: no parent required,Local Aksumite + South Arabian traditions,Base / independent / unresolved relationship,Full Faith,Household/community primary religion,Broadly compatible,Polytheist / plural cult system,Additive / syncretic,State / civic institution,Syncretic; State-Sponsored,State-Sponsored; Syncretic,Priesthood; Syncretism; Commerce/travel; Dynastic legitimacy,Primary religion/community state,Ready for content design,Tier 2 — Major regional,,Pre-Christian Aksumite religion; pre-4th c.,350,Royal conversion to Christianity in 4th c.; pagan survivals continue,Pre-game / ancient,Y,Y,Y,N,N,N,Aksum / Horn of Africa,Aksumite kingdom,Aksumites,Mahrem and South Arabian-linked deities,Aksum and regional sanctuaries,Royal/civic cult,Communal,Medium–High,Moderately attested,Surviving evidence is limited or reconstruction is debated.,Ethnic / state polytheism,Base faith,Late-timeline extension,Religion / branch,"Trade-contact start, royal conversion, Red Sea diplomacy",Needed because Aksum becomes historically relevant inside the 133 BC–565 window.,https://github.com/rdnovotni/gens/blob/main/docs/design/gens-religions-of-the-known-world-design.md,https://github.com/rdnovotni/gens/blob/main/docs/design/gens-about.md,https://en.wikipedia.org/wiki/Kingdom_of_Aksum#Religion,Polished / normalized,"Family, hierarchy, presentation scope, relationship model, readiness and start-date gating normalized."
amun-cult-at-jebel-barkal-napata,Amun Cult at Jebel Barkal / Napata,Nubian / Horn of Africa,Cult / devotion,nubian-kushite-religion,Normalized alias match: Nubian / Kushite Religion,Nubian / Kushite Religion + Egyptian Religion,Cult or devotion within/alongside parent,Cult Overlay,Personal or household additive devotion,Additive-compatible,Polytheist / plural cult system,Additive / syncretic,State / civic institution,Syncretic; State-Sponsored; Oracular,Syncretic; Oracular; State-Sponsored; Dynastic,Oracle/Auspices; Priesthood; Syncretism; Dynastic legitimacy,Overlay system,Ready for content design,Tier 2 — Major regional,,Ancient Egyptian/Kushite cult predating the game,400,Long-lived but transformed through later Nubian religious changes,Pre-game / ancient,Y,Y,Y,Y,N,N,Napata / Jebel Barkal,Upper Nubia / Kush,Kushite rulers and temple communities,Amun of Napata,Jebel Barkal / Napata,Royal temple priesthood,Additive,High,Well attested,,Royal oracle / temple cult,Holy-site cult,Royal legitimacy; oracle; pilgrimage; Egyptian-Kushite continuity,Cult / devotion layer,Amun at Jebel Barkal is central to the repo's observation that Kush preserved older Amun devotion even as northern Egyptian emphases changed.,https://82nd-and-fifth.metmuseum.org/toah/ht/03/afs.html,https://github.com/rdnovotni/gens/blob/main/docs/design/gens-cultures-of-the-known-world-design.md,https://github.com/rdnovotni/gens/blob/main/docs/design/gens-religions-of-the-known-world-design.md,,Polished / normalized,"Family, hierarchy, presentation scope, relationship model, readiness and start-date gating normalized."
nubian-kushite-religion,Nubian / Kushite Religion,Nubian / Horn of Africa,Religion / base tradition,,Base/contact layer: no parent required,Kushite + Egyptian traditions,Base / independent / unresolved relationship,Full Faith,Household/community primary religion,Broadly compatible,Polytheist / plural cult system,Additive / syncretic,State / civic institution,Syncretic; State-Sponsored,Syncretic; State-Sponsored,Priesthood; Syncretism,Primary religion/community state,Ready for content design,Tier 2 — Major regional,,Ancient; pre-133 BC,550,Christian Nubian kingdoms emerge around/after end of window,Pre-game / ancient,Y,Y,Y,Y,Y,N,Nubia / Kush,"Napata, Meroë, Nubia",Kushites / Nubians,"Amun, Apedemak and local gods",Jebel Barkal/Napata; Meroë,Royal/temple priesthoods,Additive,High,Well attested,,Ethnic / state polytheism,Base faith,Core named faith in existing catalog,Religion / branch,"Nile frontier, Amun legitimacy, Apedemak war cult",Repo correctly highlights conservative Amun devotion plus distinct Kushite innovation.,https://github.com/rdnovotni/gens/blob/main/docs/design/gens-religions-of-the-known-world-design.md,https://github.com/rdnovotni/gens/blob/main/docs/design/gens-religions-of-the-known-world-design.md,https://en.wikipedia.org/wiki/Religion_in_Kush,Polished / normalized,"Family, hierarchy, presentation scope, relationship model, readiness and start-date gating normalized."
cult-of-apedemak,Cult of Apedemak,Nubian / Horn of Africa,Cult / devotion,nubian-kushite-religion,Normalized alias match: Nubian / Kushite Religion,Nubian / Kushite Religion,Cult or devotion within/alongside parent,Cult Overlay,Personal or household additive devotion,Additive-compatible,Polytheist / plural cult system,Additive / syncretic,State / civic institution,State-Sponsored; Martial-Coded,Martial-Coded; State-Sponsored (locally); Local-Cult,Priesthood; Military affinity,Overlay system,Ready for event/light content,Tier 3 — Enrichment,-250,Meroitic-era cult attested before the game,350,Declines with the end of the Meroitic state,Pre-game / ancient,Y,Y,Y,N,N,N,Kush / Meroë,Meroë and southern Kushite sanctuaries,Kushites / Meroites,"Apedemak, lion-headed warrior deity",Musawwarat es-Sufra; Naqa,Royal/temple priesthood,Additive,High,Well attested,,Major native Kushite deity cult,Major local cult,Kushite royal legitimacy; warfare; monumental temple; native-vs-Egyptian religious identity,Cult / devotion layer,Important because Apedemak is a genuinely native Kushite deity rather than an Egyptian import.,https://www.britishmuseum.org/collection/object/Y_EA68991,https://github.com/rdnovotni/gens/blob/main/docs/design/gens-cultures-of-the-known-world-design.md,https://github.com/rdnovotni/gens/blob/main/docs/design/gens-religions-of-the-known-world-design.md,,Polished / normalized,"Family, hierarchy, presentation scope, relationship model, readiness and start-date gating normalized."
cult-of-bona-dea,Cult of Bona Dea,Roman / Italic,Cult / devotion,roman-state-religion,Normalized alias match: Roman State Religion,Roman State Religion,Cult or devotion within/alongside parent,Cult Overlay,Personal or household additive devotion,Additive-compatible,Polytheist / plural cult system,Additive / syncretic,Diffuse / decentralized,,Healing; Fertility; Restricted-Rite,Healing/pilgrimage,Overlay system,Ready for event/light content,Tier 3 — Enrichment,,Ancient; pre-133 BC,400,Declines with Christianization,Pre-game / ancient,Y,Y,Y,Y,N,N,Rome / Italy,Roman Italy,"Roman women, elite households",Bona Dea,Rome and household rites,Female-only rites under elite sponsorship,Additive,High,Well attested,,Domestic/elite women’s cult,Local cult,New CK3-style expansion,Cult / devotion layer,"Gendered ritual, scandal events, fertility/healing",Famously provides material for political scandal such as the Clodius affair.,https://github.com/rdnovotni/gens/blob/main/docs/design/gens-religions-of-the-known-world-design.md,https://www.worldhistory.org/Roman_Religion/,https://en.wikipedia.org/wiki/Bona_Dea,Polished / normalized,"Family, hierarchy, presentation scope, relationship model, readiness and start-date gating normalized."
cult-of-silvanus,Cult of Silvanus,Roman / Italic,Cult / devotion,roman-state-religion,Normalized alias match: Roman State Religion,Roman State Religion,Cult or devotion within/alongside parent,Cult Overlay,Personal or household additive devotion,Additive-compatible,Polytheist / plural cult system,Additive / syncretic,Diffuse / decentralized,Syncretic,Rural; Boundary; Household; Syncretic,Syncretism,Overlay system,Ready for event/light content,Tier 3 — Enrichment,,Ancient; pre-133 BC,400,Declines under Christianization,Pre-game / ancient,Y,Y,Y,Y,N,N,Italy,"Roman west, rural estates and frontiers","Rural households, soldiers, freedmen",Silvanus,"Groves, estates, local shrines",Local/domestic cult,Additive,High,Well attested,,Personal/local deity cult,Local cult,New CK3-style expansion,Cult / devotion layer,"Estate boundaries, forestry, rural workers, frontier soldiers",Fits Gens estate gameplay unusually well.,https://github.com/rdnovotni/gens/blob/main/docs/design/gens-religions-of-the-known-world-design.md,https://www.worldhistory.org/Roman_Religion/,https://en.wikipedia.org/wiki/Silvanus_(mythology),Polished / normalized,"Family, hierarchy, presentation scope, relationship model, readiness and start-date gating normalized."
etruscan-religion,Etruscan Religion,Roman / Italic,Religion / base tradition,,Base/contact layer: no parent required,Pre-Roman Italic religion,Base / independent / unresolved relationship,Full Faith,Household/community primary religion,Broadly compatible,Polytheist / plural cult system,Additive / syncretic,Local / regional cult institution,Syncretic; Oracular,Ritualist; Oracular; Haruspicy; Fate; Syncretic,Omens; Oracle/Auspices; Syncretism,Primary religion/community state,Ready for content design,Tier 2 — Major regional,,Ancient; pre-133 BC,1,"Distinct communal identity largely absorbed into Roman Italy by the early Empire, while Etruscan divination survived",Pre-game / ancient,Y,Y,N,N,N,N,Etruria,Central Italy; Roman religious institutions,Etruscans; Roman haruspices,"Tinia, Uni, Menrva, Turan, Fufluns; Tages and Vegoia",Tarquinia; Veii; Etruscan sanctuaries,Local priesthoods and specialist haruspices,Additive / increasingly Romanized,High,Well attested,,Ethnic / civic polytheism,Legacy base faith / surviving ritual tradition,New CK3-style expansion,Religion / branch,"Haruspicy, omens, Roman antiquarian prestige, old Italic identity",Especially important to Gens because Roman haruspicy and parts of the divinatory tradition were explicitly understood as Etruscan.,https://github.com/rdnovotni/gens/blob/main/docs/design/gens-religions-of-the-known-world-design.md,https://academic.oup.com/edited-volume/61673/chapter/550566802,https://www.cambridge.org/core/books/abs/religion-in-republican-italy/etruscan-religion-at-the-watershed-before-and-after-the-fourth-century-bce/8F029586E7B54B9797343E6EA0EC11BD,Polished / normalized,"Family, hierarchy, presentation scope, relationship model, readiness and start-date gating normalized."
oscan-samnite-religion,Oscan / Samnite Religion,Roman / Italic,Regional branch,,No single parent resolved,Pre-Roman Italic religion,Base / independent / unresolved relationship,Regional Faith,Household/community primary religion in supported regions,Broadly compatible,Polytheist / plural cult system,Additive / syncretic,State / civic institution,Syncretic; Martial-Coded,Ritualist; Local-Cult; Martial-Coded; Syncretic,Syncretism; Military affinity,Primary religion/community state,Ready for content design,Tier 2 — Major regional,,Ancient; pre-133 BC,-27,Heavily absorbed into Roman religious life by the end of the Republic,Pre-game / ancient,Y,N,N,N,N,N,Samnium / south-central Italy,"Samnium, Campania, southern Italy",Samnites and other Oscan-speaking peoples,"Mamers/Mars, Herentas, Mefitis, Angitia and local numina",Regional sanctuaries in Samnium and Campania,Local priesthoods and civic cults,Additive / Romanizing,Medium,Moderately attested,Surviving evidence is limited or reconstruction is debated.,Ethnic / regional polytheism,Legacy regional faith,New CK3-style expansion,Religion / branch,"Old Italic identity, rural cult, Romanization, military ancestry",Useful as a pre-Roman substrate for Italian starts; surviving evidence is much thinner than for Roman or Etruscan religion.,https://github.com/rdnovotni/gens/blob/main/docs/design/gens-religions-of-the-known-world-design.md,https://en.wikipedia.org/wiki/Samnite_religion,https://github.com/rdnovotni/gens/blob/main/docs/design/gens-religions-of-the-known-world-design.md,Polished / normalized,"Family, hierarchy, presentation scope, relationship model, readiness and start-date gating normalized."
roman-household-religion-lares-penates-genius-juno,"Roman Household Religion (Lares, Penates, Genius/Juno)",Roman / Italic,Household religion layer,roman-state-religion,Explicit alias match,Roman State Religion,Related tradition,Household Layer,Household practice; does not replace primary religion,Additive-compatible,Polytheist / plural cult system,Exclusive / competitive,Diffuse / decentralized,Syncretic,Ancestor-Veneration; Household; Syncretic,Syncretism; Funerary/ancestor systems,Overlay system,Ready for content design,Tier 1 — Core,,Ancient; pre-133 BC,,Persists through pagan period and in transformed customs,Pre-game / ancient,Y,Y,Y,Y,Y,Y,Roman households,Roman world,Roman households,"Lares, Penates, Genius/Juno, Vesta",Lararium; family tombs,Pater/materfamilias; domestic sacerdos,Non-exclusive / additive,High,Well attested,,Domestic cult / household religion,Household layer,Existing system concept,Cult / devotion layer,"Daily rites, funerary memory, household stability, ancestry",Directly matches the current Religion and funerary design.,https://github.com/rdnovotni/gens/blob/main/docs/design/gens-religions-of-the-known-world-design.md,https://www.worldhistory.org/Roman_Religion/,https://github.com/rdnovotni/gens/blob/main/docs/design/gens-religions-of-the-known-world-design.md,Polished / normalized,"Family, hierarchy, presentation scope, relationship model, readiness and start-date gating normalized."
roman-state-religion,Roman State Religion,Roman / Italic,Religion / base tradition,,Base/contact layer: no parent required,Italic civic cults,Base / independent / unresolved relationship,Full Faith,Household/community primary religion,Competing-exclusive,Polytheist / plural cult system,Exclusive / competitive,State / civic institution,Syncretic; State-Sponsored; Oracular,Syncretic; State-Sponsored; Ritualist; Oracular,Omens; Oracle/Auspices; Priesthood; Sacred calendar; Syncretism,Primary religion/community state,Ready for content design,Tier 1 — Core,,Ancient; clearly pre-133 BC,,"Suppressed as public state cult in late 4th c., with survivals after",Pre-game / ancient,Y,Y,Y,Y,Y,Y,Latium / Rome,Italy and Roman-controlled Mediterranean,"Romans, Latinized provincials","Jupiter, Juno, Minerva; wider Roman pantheon",Capitoline Hill; major civic temples,State priesthood colleges; pontifices; augurs,Non-exclusive / additive,High,Well attested,,Religion / civic polytheism,Base faith,Core named faith in existing catalog,Religion / branch,"Favor, priesthoods, festivals, omens, patron deity, imperial policy",The implemented household Favor system is rooted in this tradition.,https://github.com/rdnovotni/gens/blob/main/docs/design/gens-religions-of-the-known-world-design.md,https://www.worldhistory.org/Roman_Religion/,https://github.com/rdnovotni/gens/blob/main/docs/design/gens-religions-of-the-known-world-design.md,Polished / normalized,"Family, hierarchy, presentation scope, relationship model, readiness and start-date gating normalized."
cult-of-dea-roma,Cult of Dea Roma,Roman / Italic,Cult / devotion,roman-state-religion,Normalized alias match: Roman State Religion,Roman State Religion,Cult or devotion within/alongside parent,Cult Overlay,Personal or household additive devotion,Additive-compatible,Polytheist / plural cult system,Additive / syncretic,State / civic institution,Syncretic; State-Sponsored,State-Sponsored; Imperial; Syncretic,Priesthood; Syncretism; Provincial identity,Overlay system,Ready for event/light content,Tier 3 — Enrichment,-200,Attested in the Hellenistic East by the 2nd c. BC,400,Fades with Christianization,Pre-game / ancient,Y,Y,Y,Y,N,N,Greek East,Greek cities under Roman influence,Provincial civic elites,"Roma, personification of Rome",Smyrna and other eastern cities,Civic priesthoods,Additive,High,Well attested,,Civic personification cult,Local/state cult,New CK3-style expansion,Cult / devotion layer,"Provincial loyalty, diplomacy, Romanization",A useful bridge between local civic religion and imperial cult.,https://github.com/rdnovotni/gens/blob/main/docs/design/gens-religions-of-the-known-world-design.md,https://www.worldhistory.org/Roman_Imperial_Cult/,https://www.worldhistory.org/Roman_Religion/,Polished / normalized,"Family, hierarchy, presentation scope, relationship model, readiness and start-date gating normalized."
roman-imperial-cult,Roman Imperial Cult,Roman / Italic,Cult / devotion,roman-state-religion,Normalized alias match: Roman State Religion,Roman State Religion,Cult or devotion within/alongside parent,Cult Overlay,Personal or household additive devotion,Additive-compatible,Polytheist / plural cult system,Additive / syncretic,State / civic institution,Syncretic; State-Sponsored,State-Sponsored; Imperial; Syncretic,Priesthood; Syncretism; Provincial identity,Overlay system,Ready for event/light content,Tier 3 — Enrichment,-44,Begins around Caesar’s posthumous deification; Augustus systematizes from 27 BC,395,Declines as Christian emperorship replaces pagan ruler cult,133 BC–AD 235,N,Y,Y,Y,N,N,Rome / Hellenistic eastern provinces,"Empire-wide, especially cities and provincial centers","Roman citizens, provincials, civic elites","Divus Julius, Augustus and deified emperors; Roma",Rome; provincial imperial temples,Emperor + civic/provincial priesthoods,Usually additive to local religion,High,Well attested,,Imperial cult / ruler cult,Syncretic civic cult,Existing concept / should be explicit row,Cult / devotion layer,"Loyalty tests, provincial politics, emperor relations, Christian conflict",Important because refusal to sacrifice can become a legal/political flashpoint.,https://github.com/rdnovotni/gens/blob/main/docs/design/gens-religions-of-the-known-world-design.md,https://www.worldhistory.org/Roman_Imperial_Cult/,https://www.worldhistory.org/Roman_Religion/,Polished / normalized,"Family, hierarchy, presentation scope, relationship model, readiness and start-date gating normalized."
cult-of-sol-invictus,Cult of Sol Invictus,Roman / Italic,Cult / devotion,roman-state-religion,Normalized alias match: Roman solar cult,Roman solar cult + eastern solar influences,Cult or devotion within/alongside parent,Cult Overlay,Personal or household additive devotion,Additive-compatible,Polytheist / plural cult system,Additive / syncretic,State / civic institution,Syncretic; State-Sponsored,State-Sponsored; Solar; Imperial; Syncretic,Priesthood; Syncretism,Overlay system,Ready for event/light content,Tier 3 — Enrichment,274,Aurelian promotes Sol Invictus as major imperial cult in AD 274,400,Declines under Christianization,AD 236–395,N,N,N,Y,N,N,Rome,Empire-wide imperial/military contexts,"Romans, soldiers, court",Sol Invictus,Temple of Sol in Rome,Imperial/state priesthood,Additive,High,Well attested,,State/personal solar cult,Imperial cult-like faith,Late-timeline extension,Cult / devotion layer,"Imperial religious reform, military morale, competition/syncretism",Keep distinct from the older general cult of Sol.,https://github.com/rdnovotni/gens/blob/main/docs/design/gens-religions-of-the-known-world-design.md,https://www.worldhistory.org/Roman_Imperial_Cult/,https://en.wikipedia.org/wiki/Sol_Invictus,Polished / normalized,"Family, hierarchy, presentation scope, relationship model, readiness and start-date gating normalized."
samaritanism,Samaritanism,Samaritan,Religion / base tradition,,Base/contact layer: no parent required,Ancient Israelite/Samaritan tradition,Base / independent / unresolved relationship,Full Faith,Household/community primary religion,Competing-exclusive,Samaritan monotheism,Exclusive / competitive,Local / regional cult institution,Exclusive,Exclusive; Scriptural; Communal,Doctrine suppression; Pilgrimage,Primary religion/community state,Ready for content design,Tier 1 — Core,,Ancient; clearly pre-133 BC,,Persists beyond AD 565,Pre-game / ancient,Y,Y,Y,Y,Y,Y,Samaria,Samaria and diaspora,Samaritans,God of Israel; Samaritan Pentateuch tradition,Mount Gerizim,Samaritan priesthood,Exclusive monotheism,High,Well attested,,Religion / ethnoreligion,Base faith,Core named faith in existing catalog,Religion / branch,"Gerizim pilgrimage, Jewish/Samaritan rivalry, imperial policy","Repo correctly treats Samaritanism as genuinely separate, not a Jewish “heresy.”",https://github.com/rdnovotni/gens/blob/main/docs/design/gens-religions-of-the-known-world-design.md,https://github.com/rdnovotni/gens/blob/main/docs/design/gens-religions-of-the-known-world-design.md,https://en.wikipedia.org/wiki/Samaritanism,Polished / normalized,"Family, hierarchy, presentation scope, relationship model, readiness and start-date gating normalized."
dosithean-samaritanism,Dosithean Samaritanism,Samaritan,Sect / heterodox movement,samaritanism,Normalized alias match: Samaritanism,Samaritanism,Sect / contested branch of parent,Minor Sect / Event,Character/event affiliation; not default map faith,Internal dispute / may be condemned,Samaritan monotheism,Exclusive / competitive,Teacher / sect network,Exclusive,Exclusive; Sectarian; Eschatological,Doctrine suppression; Religious controversy,Character/event doctrine layer,Ready for event/light content,Tier 3 — Event/sect,30,Dosithean movement traditionally placed in the first century AD,400,Attested in late antique heresiological/Samaritan traditions; exact duration debated,133 BC–AD 235,N,N,Y,Y,N,N,Samaria,Samaria and Samaritan communities,Samaritans,Dositheus; Moses-like eschatological prophet expectations in some reports,Mount Gerizim / Samaritan communities,Teacher-centered sect,Exclusive,Medium,Moderately attested,‘Heresy’/orthodoxy is viewpoint-dependent; event text should identify who condemns whom.,Samaritan sect,Sect,Samaritan internal politics; rival messianic claims; interaction with early Christianity,Sect / schism / school,A real Samaritan sect but reconstructed mainly through later and often polemical sources.,https://www.cambridge.org/core/journals/bulletin-of-the-school-of-oriental-and-african-studies/article/stanley-jerome-isser-the-dositheans-a-samaritan-sect-in-late-antiquity-studies-in-judaism-in-late-antiquity-vol-17-xii-223-pp-leiden-e-j-brill-1976-guilders-60/B043688E973388C645ED7ACB6873591B,https://github.com/rdnovotni/gens/blob/main/docs/design/gens-cultures-of-the-known-world-design.md,https://www.cambridge.org/core/books/abs/cambridge-history-of-judaism/samaritans/DABD75626391C4709E0019C104153AE1,,Polished / normalized,"Family, hierarchy, presentation scope, relationship model, readiness and start-date gating normalized."
sardinian-nuragic-religious-substrate,Sardinian / Nuragic Religious Substrate,Sardinian,Regional branch,,No single parent resolved,Nuragic religion interacting with Punic and Roman cults,Base / independent / unresolved relationship,Regional Faith,Household/community primary religion in supported regions,Broadly compatible,Polytheist / plural cult system,Additive / syncretic,Local / regional cult institution,Syncretic; Thin-Record,Thin-Record; Syncretic; Local-Cult,Syncretism,Primary religion/community state,Research-limited — light mechanics,Tier 3 — Enrichment,,Bronze/Iron Age tradition predating the game,300,By the imperial period best treated as local survivals and syncretic practices rather than a coherent island-wide faith,Pre-game / ancient,Y,Y,Y,N,N,N,Sardinia,Interior Sardinia and rural sanctuaries,Indigenous Sardinian communities,"Sacred wells, sanctuary traditions and local cults; named theology poorly recoverable for the Roman period",Nuragic sanctuaries and sacred-well traditions,Local sanctuary communities,Additive / highly syncretic,Low–Medium,Thin / reconstructed,"Surviving evidence is thin; avoid over-specific doctrine, deity lists or institutional claims.",Legacy indigenous religious substrate,Legacy regional tradition,Rural resistance/identity; Punic/Roman syncretism; sanctuary archaeology,Religion / branch,Kept as a substrate rather than a clean CK3-style faith because the strongest evidence is earlier than the game's start.,https://www.cambridge.org/core/books/abs/cambridge-prehistory-of-the-bronze-and-iron-age-mediterranean/cultural-interactions-in-iron-age-sardinia/37368BD3FDC43988C5E3C9CC8097FF38,https://github.com/rdnovotni/gens/blob/main/docs/design/gens-cultures-of-the-known-world-design.md,https://github.com/rdnovotni/gens/blob/main/docs/design/gens-cultures-of-the-known-world-design.md,,Polished / normalized,"Family, hierarchy, presentation scope, relationship model, readiness and start-date gating normalized."
early-slavic-religion,Early Slavic Religion,Slavic,Religion / base tradition,,Base/contact layer: no parent required,Early Slavic pre-Christian religion,Base / independent / unresolved relationship,Full Faith,Household/community primary religion,Broadly compatible,Polytheist / plural cult system,Additive / syncretic,Diffuse / decentralized,Martial-Coded; Thin-Record,Thin-Record; Martial-Coded; Nature-Cult; Local-Cult,Military affinity,Primary religion/community state,Research-limited — light mechanics,Tier 2 — Late-antique,500,Securely identifiable Slavic material and literary evidence belongs to the fifth–sixth centuries,,Continues far beyond AD 565,AD 477–565,N,N,N,N,N,Y,Eastern / southeastern Europe,"Lower Danube, Balkans and regions beyond the Roman frontier",Sclavenes and Antes,Procopius describes a thunder/lightning god as chief; later Slavic pantheons should not be projected backward wholesale,Local sacred places; no secure single holy-site system for this period,Local communal ritual,Additive / local,High for broad outline; low for detailed pantheon,Thin / reconstructed,"Surviving evidence is thin; avoid over-specific doctrine, deity lists or institutional claims.",Ethnic polytheism,Late-timeline base faith,Late Balkan incursions; frontier diplomacy; thunder omens; local cult persistence,Religion / branch,"The sixth-century Procopius passage is the first major written description of Slavic religion, making this appropriate only near the end of the Gens horizon.",https://www.cambridge.org/core/books/abs/handbook-of-religions-in-ancient-europe/slavic-religion/A338CEFA62CFED01A38DD023230A69E5D,https://github.com/rdnovotni/gens/blob/main/docs/design/gens-cultures-of-the-known-world-design.md,https://www.cambridge.org/core/books/handbook-of-religions-in-ancient-europe/F53EC739499E1FFFD08F65A9E57E06D4/listing,,Polished / normalized,"Family, hierarchy, presentation scope, relationship model, readiness and start-date gating normalized."
sarmatian-scythian-steppe-tradition,Sarmatian / Scythian Steppe Tradition,Steppe,Religion / base tradition,,Base/contact layer: no parent required,Steppe Iranian religions,Base / independent / unresolved relationship,Full Faith,Household/community primary religion,Context-dependent,Polytheist / plural cult system,Context-dependent,Diffuse / decentralized,Martial-Coded; Thin-Record,Martial-Coded; Thin-Record; Ancestor-Veneration,Military affinity,Primary religion/community state,Research-limited — light mechanics,Tier 3 — Enrichment,,Ancient; pre-133 BC,,Persists beyond AD 565 in steppe successor traditions,Pre-game / ancient,Y,Y,Y,Y,Y,Y,Pontic-Caspian steppe,Northern Black Sea and steppe frontier,"Sarmatians, related steppe peoples","Fire, horse, war, sky and local cults",Kurgans / regional sacred landscapes,Tribal ritual specialists,Communal,Low–Medium,Thin / reconstructed,Surviving evidence is limited or reconstruction is debated.,Ethnic / tribal polytheism,Base faith,Core named faith in existing catalog,Religion / branch,"Cavalry culture, burial rites, frontier diplomacy",Sources are fragmentary; avoid false uniformity.,https://github.com/rdnovotni/gens/blob/main/docs/design/gens-religions-of-the-known-world-design.md,https://github.com/rdnovotni/gens/blob/main/docs/design/gens-religions-of-the-known-world-design.md,https://en.wikipedia.org/wiki/Scythian_religion,Polished / normalized,"Family, hierarchy, presentation scope, relationship model, readiness and start-date gating normalized."
hunnic-steppe-religion,Hunnic Steppe Religion,Steppe,Regional branch,,No single parent resolved,Steppe religious traditions,Base / independent / unresolved relationship,Regional Faith,Household/community primary religion in supported regions,Broadly compatible,Polytheist / plural cult system,Additive / syncretic,Household,Martial-Coded; Thin-Record,Thin-Record; Martial-Coded; Ancestor-coded,Military affinity,Primary religion/community state,Research-limited — light mechanics,Tier 3 — Enrichment,370,Hunnic political presence reaches the Roman frontier in the late fourth century,469,European Hunnic political confederation fragments after Attila,AD 236–395,N,N,N,Y,N,N,Eurasian steppe / Carpathian basin,"Pontic steppe, Danube and Carpathian basin",Huns and confederated steppe groups,Specific divine system poorly recoverable; elite funerary/sacrificial practices are archaeologically discussed,Steppe and elite funerary landscapes,Elite/household ritual practice,Unknown / likely additive,Low–Medium,Thin / reconstructed,"Surviving evidence is thin; avoid over-specific doctrine, deity lists or institutional claims.",Steppe ethnic religion,Regional base faith,Migration crisis; diplomatic gifts; omens; funerary rites; steppe confederation,Religion / branch,Avoid importing much later Turkic/Mongolic or reconstructed 'Tengri' systems directly into fifth-century Huns without evidence.,https://www.cambridge.org/core/journals/journal-of-roman-archaeology/article/role-of-drought-during-the-hunnic-incursions-into-centraleast-europe-in-the-4th-and-5th-c-ce/C036810C421F7D04C2F6985E6B548F20,https://github.com/rdnovotni/gens/blob/main/docs/design/gens-cultures-of-the-known-world-design.md,https://www.cambridge.org/core/journals/byzantine-and-modern-greek-studies/article/abs/fugitives-and-ethnography-in-priscus-of-panium1/B0B44C01DF0E0BF57876B464D4BF4A20,,Polished / normalized,"Family, hierarchy, presentation scope, relationship model, readiness and start-date gating normalized."
cult-of-atargatis-dea-syria,Cult of Atargatis / Dea Syria,Syrian / Levantine / Palmyrene,Cult / devotion,syrian-levantine-religion,Normalized alias match: Syrian/Levantine Religion,Syrian / Levantine Religion,Cult or devotion within/alongside parent,Cult Overlay,Personal or household additive devotion,Additive-compatible,Polytheist / plural cult system,Additive / syncretic,Local / regional cult institution,Syncretic,Syncretic; Pilgrimage; Temple-Cult; Fertility,Syncretism; Pilgrimage,Overlay system,Ready for content design,Tier 2 — Major regional,,Hellenistic and earlier Syrian roots,450,"Major temples decline under Christianization, though local continuities vary",Pre-game / ancient,Y,Y,Y,Y,N,N,Northern Syria,Hierapolis-Bambyce and wider Syrian/Mediterranean diaspora,"Syrians, merchants, pilgrims and diaspora communities",Atargatis / Dea Syria,Hierapolis-Bambyce,Large temple priesthood and pilgrimage network,Additive,High,Well attested,,Transregional Syrian goddess cult,Major local/personal cult,Pilgrimage; temple economy; Syrian diaspora; syncretism,Cult / devotion layer,Lucian's account and later evidence make this one of the best-known large Syrian cults of the Roman era.,https://www.cambridge.org/core/journals/journal-of-roman-studies/article/abs/paul-of-samosata-zenobia-and-aurelian-the-church-local-culture-and-political-allegiance-in-thirdcentury-syria/7222F201E18F3EF9E4690C5F462E8BAD,https://github.com/rdnovotni/gens/blob/main/docs/design/gens-cultures-of-the-known-world-design.md,https://www.cambridge.org/core/journals/journal-of-roman-archaeology/article/monumental-apsidal-building-of-the-roman-imperial-period-in-doliche/21738DB3E6A5A948A471E3BAAD79B1BF,,Polished / normalized,"Family, hierarchy, presentation scope, relationship model, readiness and start-date gating normalized."
emesene-solar-cult-of-elagabal,Emesene Solar Cult of Elagabal,Syrian / Levantine / Palmyrene,Cult / devotion,syrian-levantine-religion,Normalized alias match: Syrian/Levantine Religion,Syrian/Levantine Religion,Cult or devotion within/alongside parent,Cult Overlay,Personal or household additive devotion,Additive-compatible,Polytheist / plural cult system,Additive / syncretic,Local / regional cult institution,Syncretic; State-Sponsored,Solar; State-Sponsored (briefly); Syncretic,Priesthood; Syncretism,Overlay system,Ready for event/light content,Tier 3 — Enrichment,,Ancient Emesene cult; spectacular Roman imperial promotion AD 218–222,300,Local cult continues after imperial backlash,Pre-game / ancient,Y,Y,Y,N,N,N,Emesa (Homs),Syria; briefly Rome,"Emesenes, Severan court",Elagabal/Elagabalus (El-Gabal),Emesa; temporary Roman imperial sanctuary,Hereditary local priesthood; emperor briefly as high priest,Additive,High,Well attested,,Local solar cult / imperial episode,Local cult,Late-timeline extension,Cult / devotion layer,"Severan court drama, foreign-cult backlash, imperial ritual",Do not reduce the local cult to Emperor Elagabalus’s personal reign.,https://github.com/rdnovotni/gens/blob/main/docs/design/gens-religions-of-the-known-world-design.md,https://github.com/rdnovotni/gens/blob/main/docs/design/gens-religions-of-the-known-world-design.md,https://en.wikipedia.org/wiki/Elagabalus_(deity),Polished / normalized,"Family, hierarchy, presentation scope, relationship model, readiness and start-date gating normalized."
palmyrene-cult-of-bel,Palmyrene Cult of Bel,Syrian / Levantine / Palmyrene,Cult / devotion,palmyrene-religion,Normalized alias match: Palmyrene Religion,Palmyrene Religion,Cult or devotion within/alongside parent,Cult Overlay,Personal or household additive devotion,Additive-compatible,Polytheist / plural cult system,Additive / syncretic,State / civic institution,Syncretic; State-Sponsored,Syncretic; State-Sponsored (locally); Caravan; Civic,Priesthood; Syncretism; Commerce/travel; Local civic standing,Overlay system,Ready for content design,Tier 2 — Major regional,,Pre-Roman/Hellenistic local cult; monumental temple active by early imperial era,400,Temple religion declines with late antique Christianization,Pre-game / ancient,Y,Y,Y,Y,N,N,Palmyra,Palmyra and Palmyrene diaspora,Palmyrenes; caravan elites,Bel,"Temple of Bel, Palmyra",Elite civic priesthood,Additive,High,Well attested,,Civic high-god cult,Major local cult,Caravan wealth; elite priesthood; temple banquets; city identity,Cult / devotion layer,Palmyra's civic and religious elite financed monumental sanctuaries and ritual banquets; Bel was central to the city's religious identity.,https://www.metmuseum.org/exhibitions/listings/2019/world-between-empires-art-and-identity-ancient-middle-east/exhibition-galleries,https://github.com/rdnovotni/gens/blob/main/docs/design/gens-cultures-of-the-known-world-design.md,https://resources.metmuseum.org/resources/metpublications/pdf/The_World_between_Empires_Art_and_Identity_in_the_Ancient_Middle_East.pdf,,Polished / normalized,"Family, hierarchy, presentation scope, relationship model, readiness and start-date gating normalized."
phoenician-religion,Phoenician Religion,Syrian / Levantine / Palmyrene,Religion / base tradition,,Base/contact layer: no parent required,Canaanite/West Semitic religions,Base / independent / unresolved relationship,Full Faith,Household/community primary religion,Broadly compatible,Polytheist / plural cult system,Additive / syncretic,State / civic institution,Syncretic,Syncretic; Civic; Maritime,Syncretism; Commerce/travel; Travel/navigation; Local civic standing,Primary religion/community state,Ready for content design,Tier 2 — Major regional,,Ancient; pre-133 BC,400,Romanized/Christianized in late antiquity,Pre-game / ancient,Y,Y,Y,Y,N,N,Phoenician coast,"Tyre, Sidon, Byblos and diaspora",Phoenicians,"Melqart, Astarte, Eshmun, Baal-type local gods","Tyre, Sidon, Byblos",Temple/civic priesthoods,Additive,High,Well attested,,Ethnic / civic polytheism,Base faith,New CK3-style expansion,Religion / branch,"Maritime trade, city patron gods, parent of Punic traditions",Useful to avoid treating Punic religion as the entire Phoenician world.,https://github.com/rdnovotni/gens/blob/main/docs/design/gens-religions-of-the-known-world-design.md,https://github.com/rdnovotni/gens/blob/main/docs/design/gens-religions-of-the-known-world-design.md,https://en.wikipedia.org/wiki/Canaanite_religion,Polished / normalized,"Family, hierarchy, presentation scope, relationship model, readiness and start-date gating normalized."
syrian-levantine-religion,Syrian / Levantine Religion,Syrian / Levantine / Palmyrene,Regional branch,,No single parent resolved,Aramaean/Phoenician/local Levantine cults,Base / independent / unresolved relationship,Regional Faith,Household/community primary religion in supported regions,Broadly compatible,Polytheist / plural cult system,Additive / syncretic,State / civic institution,Syncretic,Syncretic; Civic,Syncretism; Local civic standing,Primary religion/community state,Ready for content design,Tier 2 — Major regional,,Ancient; pre-133 BC,450,Syncretized under Rome; later Christianized,Pre-game / ancient,Y,Y,Y,Y,N,N,Syria / Levant,"Syria, Phoenicia, inland Levant","Syrians, Aramaeans, Phoenicians","Hadad, Atargatis, Adonis and local gods",Hierapolis and regional temples,Local/civic priesthoods,Additive,High,Well attested,,Ethnic / regional polytheism,Base faith,Core named faith in existing catalog,Religion / branch,"Temple cities, local patron gods, Roman syncretism",A broad umbrella; Palmyrene/Phoenician rows provide more specific variants.,https://github.com/rdnovotni/gens/blob/main/docs/design/gens-religions-of-the-known-world-design.md,https://github.com/rdnovotni/gens/blob/main/docs/design/gens-religions-of-the-known-world-design.md,https://en.wikipedia.org/wiki/Ancient_Semitic_religion,Polished / normalized,"Family, hierarchy, presentation scope, relationship model, readiness and start-date gating normalized."
palmyrene-religion,Palmyrene Religion,Syrian / Levantine / Palmyrene,Regional branch,,No single parent resolved,Syrian + Arabian + Mesopotamian cults,Base / independent / unresolved relationship,Regional Faith,Household/community primary religion in supported regions,Broadly compatible,Polytheist / plural cult system,Additive / syncretic,State / civic institution,Syncretic,Syncretic; Civic; Astral,Syncretism; Commerce/travel; Local civic standing,Primary religion/community state,Ready for content design,Tier 2 — Major regional,-100,Palmyra’s distinctive civic cult is visible before and during Roman rule,400,Declines in late antiquity,133 BC–AD 235,N,Y,Y,Y,N,N,Palmyra,Syrian desert / Palmyrene trade network,Palmyrenes,"Bel, Baalshamin, Yarhibol, Aglibol, Malakbel",Temple of Bel; Temple of Baalshamin,Civic priesthoods,Additive,High,Well attested,,Syncretic civic polytheism,Regional branch,New CK3-style expansion,Religion / branch,"Caravan wealth, temple patronage, desert diplomacy",Excellent example of a cosmopolitan caravan-city religion.,https://github.com/rdnovotni/gens/blob/main/docs/design/gens-religions-of-the-known-world-design.md,https://github.com/rdnovotni/gens/blob/main/docs/design/gens-religions-of-the-known-world-design.md,https://en.wikipedia.org/wiki/Religion_in_Palmyra,Polished / normalized,"Family, hierarchy, presentation scope, relationship model, readiness and start-date gating normalized."
heliopolitan-triad-jupiter-heliopolitanus,Heliopolitan Triad / Jupiter Heliopolitanus,Syrian / Levantine / Palmyrene,Cult / devotion,syrian-levantine-religion,Normalized alias match: Syrian local religion,Syrian local religion + Roman Jupiter cult,Cult or devotion within/alongside parent,Cult Overlay,Personal or household additive devotion,Additive-compatible,Polytheist / plural cult system,Additive / syncretic,State / civic institution,Syncretic; State-Sponsored; Oracular,Syncretic; State-Sponsored (locally); Oracular; Pilgrimage,Omens; Oracle/Auspices; Priesthood; Syncretism; Pilgrimage; Local civic standing,Overlay system,Ready for content design,Tier 2 — Major regional,-15,Roman colony and monumental sanctuary develop from late first century BC,400,Cult declines with Christianization of Heliopolis/Baalbek,133 BC–AD 235,N,Y,Y,Y,N,N,Heliopolis-Baalbek,"Beqaa Valley, Syria-Phoenicia and military diaspora",Local communities; Roman veterans; pilgrims,Jupiter Heliopolitanus; Venus Heliopolitana; Mercury Heliopolitanus,Heliopolis-Baalbek,Monumental temple priesthood with civic and veteran patronage,Additive,High,Well attested,,Syncretic monumental sanctuary cult,Holy-site / civic cult,Oracle consultation; massive temple project; veteran colonists; festivals; prestige pilgrimage,Cult / devotion layer,The cult combines Roman civic nomenclature with strongly local Middle Eastern imagery and ritual context.,https://www.metmuseum.org/exhibitions/listings/2019/world-between-empires-art-and-identity-ancient-middle-east/exhibition-galleries,https://github.com/rdnovotni/gens/blob/main/docs/design/gens-cultures-of-the-known-world-design.md,https://resources.metmuseum.org/resources/metpublications/pdf/The_World_between_Empires_Art_and_Identity_in_the_Ancient_Middle_East.pdf,,Polished / normalized,"Family, hierarchy, presentation scope, relationship model, readiness and start-date gating normalized."
cult-of-baalshamin,Cult of Baalshamin,Syrian / Levantine / Palmyrene,Cult / devotion,palmyrene-religion,Normalized alias match: Palmyrene Religion,Palmyrene Religion,Cult or devotion within/alongside parent,Cult Overlay,Personal or household additive devotion,Additive-compatible,Polytheist / plural cult system,Additive / syncretic,State / civic institution,Syncretic; State-Sponsored,Syncretic; Civic; Fertility/Rain; State-Sponsored (locally),Priesthood; Syncretism; Commerce/travel; Local civic standing,Overlay system,Ready for content design,Tier 2 — Major regional,-10,Cult is securely attested at Palmyra by the turn of the era,400,Declines with late antique Christianization of Palmyra,133 BC–AD 235,N,Y,Y,Y,N,N,Palmyra / Syria,"Palmyra, Hauran and Palmyrene religious networks",Palmyrenes; tribal/civic groups,"Baalshamin, 'Lord of the Heavens'",Temple of Baalshamin at Palmyra,Civic/tribal sanctuary with documented patrons,Additive / syncretic,High,Well attested,,Palmyrene sky-god civic cult,Major civic cult,Final-pass expansion,Cult / devotion layer,Rain/fertility; city factions; sanctuary patronage; caravan-city politics,The sanctuary was a major theater of Palmyrene urban religious life and complements the existing Bel and Malakbel/Aglibol rows.,https://github.com/rdnovotni/gens/blob/main/docs/design/gens-religions-of-the-known-world-design.md,https://www.mohrsiebeck.com/en/article/the-sanctuary-of-baalshamin-the-lord-of-the-heavens-in-palmyra-101628rre-2022-0013/,https://academic.oup.com/edited-volume/55821/chapter-abstract/437563409,Added in finalized pass,Final bounded gap-fill added after repo and historical cross-check.
palmyrene-cult-of-malakbel-and-aglibol,Palmyrene Cult of Malakbel and Aglibol,Syrian / Levantine / Palmyrene,Cult / devotion,palmyrene-religion,Normalized alias match: Palmyrene Religion,Palmyrene Religion,Cult or devotion within/alongside parent,Cult Overlay,Personal or household additive devotion,Additive-compatible,Polytheist / plural cult system,Additive / syncretic,State / civic institution,Syncretic,Syncretic; Astral; Caravan; Local-Cult,Syncretism; Commerce/travel; Local civic standing,Overlay system,Ready for content design,Tier 2 — Major regional,1,Imperial-era evidence especially strong,350,Declines with Palmyra's political collapse and later Christianization,133 BC–AD 235,N,Y,Y,N,N,N,Palmyra,Palmyra and Palmyrene communities abroad,Palmyrene families and merchant diaspora,Malakbel; Aglibol; often Yarhibol in related solar cult context,Sacred grove and Palmyrene sanctuaries,Family/civic cult associations,Additive,High,Well attested,,Local solar-lunar deity cult,Local cult,Astral omens; merchant diaspora; family cult; Palmyrene identity,Cult / devotion layer,"Their paired cult is well represented in Palmyrene art and diaspora dedications, making it a strong personal/civic devotion overlay.",https://resources.metmuseum.org/resources/metpublications/pdf/The_World_between_Empires_Art_and_Identity_in_the_Ancient_Middle_East.pdf,https://github.com/rdnovotni/gens/blob/main/docs/design/gens-cultures-of-the-known-world-design.md,https://www.metmuseum.org/exhibitions/listings/2019/world-between-empires-art-and-identity-ancient-middle-east/exhibition-galleries,,Polished / normalized,"Family, hierarchy, presentation scope, relationship model, readiness and start-date gating normalized."
cult-of-jupiter-dolichenus,Cult of Jupiter Dolichenus,Syrian / Phoenician / Punic,Mystery cult,syrian-levantine-religion,Normalized alias match: Syrian/Levantine Religion,Syrian/Levantine Religion + Roman Jupiter cult,Cult or devotion within/alongside parent,Mystery Membership,Individual initiatory membership,Additive-compatible,Polytheist / plural cult system,Additive / syncretic,Diffuse / decentralized,Syncretic; Initiatory; Martial-Coded,Martial-Coded; Syncretic; Initiatory-adjacent,Initiation; Syncretism; Military affinity,Overlay system,Ready for event/light content,Tier 3 — Enrichment,100,Spreads in Roman military contexts in 2nd c. AD,260,Declines sharply after mid-3rd c. upheavals,133 BC–AD 235,N,N,Y,N,N,N,"Doliche, Commagene","Danube, Rhine, military sites",Soldiers and military households,Jupiter Dolichenus,Doliche; military sanctuaries,Cult associations,Additive,High,Well attested,,Syncretic mystery/military cult,Mystery/military cult,New CK3-style expansion,Cult / devotion layer,"Military cult competition, eastern legions, frontier religion",A strong companion/competitor to Mithraism in military settings.,https://github.com/rdnovotni/gens/blob/main/docs/design/gens-religions-of-the-known-world-design.md,https://www.worldhistory.org/Mystery_Cults/,https://en.wikipedia.org/wiki/Jupiter_Dolichenus,Polished / normalized,"Family, hierarchy, presentation scope, relationship model, readiness and start-date gating normalized."
